max_rpm,dampRateFullT,dampRateZero_CE,dampRateZero_CD,gearSwitchTime,clutchStrength,mass,dragCoeff,tireFric,dampRate,radius,maxBrakeTorque,MaxPercentage,SaftyDegree,numbers,TIT,TET
4834.774,0.157,1.995,0.35,0.45,8.611,2656.361,0.33,3.843,0.217,32.604,1241.651,0.172,1.527,9,0.819,1.65
5035.226,0.176,1.361,0.27,0.434,11.987,2213.062,0.215,2.568,0.207,32.176,1200.297,0.32,1.214,12,0.995,1.8
5124.578,0.174,1.99,0.354,0.518,8.501,2681.87,0.373,3.672,0.249,34.937,1407.018,0.243,1.687,8,0.766,1.55
4891.692,0.134,1.335,0.256,0.386,11.198,2693.959,0.251,3.708,0.255,34.235,1228.891,0.333,0.424,11,1.407,1.9
6265.54,0.13,1.849,0.308,0.528,11.568,2301.195,0.25,3.294,0.26,32.972,1298.35,0.167,1.721,12,0.742,1.6
6492.089,0.136,2.15,0.312,0.49,10.44,2603.149,0.301,3.713,0.234,32.612,1540.645,0.119,2.012,10,0.631,1.4
6840.651,0.156,1.217,0.336,0.315,11.191,2411.847,0.308,1.019,0.255,36.733,1505.876,0.709,1.442,6,0.9,1.45
6168.79,0.161,2.31,0.398,0.462,10.663,2684.978,0.292,3.036,0.272,33.683,1350.01,0.155,1.983,11,0.64,1.4
6072.307,0.144,2.067,0.359,0.551,11.469,2373.5,0.339,3.466,0.276,35.119,1499.37,0.147,2.226,7,0.592,1.4
4208.124,0.128,1.484,0.292,0.345,11.492,2507.672,0.292,1.182,0.244,33.26,1201.914,0.662,0.652,10,1.312,1.9
4859.055,0.103,1.117,0.244,0.563,11.577,2525.567,0.32,1.388,0.299,33.788,1234.629,0.603,-1.478,11,0,0
5664.443,0.123,1.016,0.36,0.49,9.758,2551.577,0.497,1.849,0.254,32.19,1340.242,0.657,0.908,9,1.171,1.8
5975.118,0.155,2.318,0.31,0.487,11.584,2654.321,0.317,3.654,0.249,35.618,1318.329,0.159,1.859,7,0.694,1.5
4410.14,0.114,1.526,0.397,0.409,10.451,2495.943,0.296,3.344,0.252,34.484,1356.706,0.24,1.306,10,0.944,1.7
4960.885,0.146,2.127,0.391,0.452,11.206,2173.464,0.313,3.53,0.226,36.26,1380.529,0.145,2.746,9,0.424,1.3
4411.456,0.12,1.892,0.366,0.398,8.632,2424.892,0.334,3.339,0.203,35.435,1251.299,0.239,1.279,11,0.954,1.7
4393.172,0.189,1.895,0.28,0.355,11.842,2670.826,0.34,2.559,0.267,32.449,1398.514,0.29,1.274,12,0.934,1.65
4929.863,0.119,1.904,0.304,0.385,9.808,2545.059,0.252,2.72,0.208,35.399,1282.058,0.23,1.333,11,0.93,1.7
4218.472,0.116,1.93,0.34,0.482,8.306,2470.971,0.256,2.904,0.226,36.487,1218.778,0.273,1.487,9,0.855,1.65
6360.633,0.181,2.075,0.312,0.504,9.977,2676.656,0.301,1.698,0.271,35.672,1504.981,0.515,2.044,6,0.624,1.4
4850.909,0.103,1.288,0.254,0.477,8.802,2478.081,0.316,3.414,0.246,32.725,1223.459,0.356,1.234,8,0.998,1.75
4786.794,0.112,1.017,0.318,0.485,9.073,2166.861,0.264,1.106,0.254,35.796,1434.033,0.684,0.463,10,1.648,2.25
4510.765,0.107,1.791,0.254,0.52,10.485,2446.676,0.395,3.419,0.246,34.577,1371.759,0.317,1.351,9,0.924,1.65
4389.208,0.191,1.657,0.243,0.433,10.136,2443.893,0.201,3.04,0.224,33.133,1325.86,0.33,1.24,11,0.967,1.75
5858.342,0.192,1.15,0.341,0.541,9.996,2400.036,0.223,3.441,0.275,33.145,1497.742,0.425,1.578,7,0.828,1.55
4534.131,0.177,1.344,0.365,0.524,9.669,2351.074,0.384,1.064,0.249,36.952,1328.448,0.696,0.452,10,1.639,2.1
5573.67,0.173,1.048,0.351,0.513,9.742,2648.687,0.362,1.036,0.252,36.581,1232.566,0.704,-3.13,9,0,0
5183.931,0.191,1.293,0.348,0.481,11.642,2158.143,0.265,2.462,0.296,35.684,1251.828,0.354,1.142,9,1.049,1.75
5508.561,0.118,1.113,0.265,0.501,9.934,2658.069,0.262,1.712,0.212,32.041,1262.73,0.511,0.685,10,1.347,2
5740.015,0.148,2.193,0.384,0.444,9.763,2654.236,0.269,3.455,0.224,33.484,1462.106,0.112,2.087,10,0.611,1.4
4209.85,0.161,2.626,0.349,0.458,10.15,2593.179,0.226,1.08,0.26,32.204,1250.643,0.691,0.787,10,1.219,1.8
5908.258,0.174,2.109,0.39,0.581,9.998,2396.28,0.3,3.024,0.255,31.835,1360.196,0.162,2.065,8,0.608,1.4
5074.898,0.177,1.032,0.235,0.362,11.461,2690.404,0.252,1.196,0.255,33.811,1200.914,0.658,-2.597,11,0,0
6102.455,0.154,1.001,0.339,0.516,10.137,2411.133,0.308,3.262,0.239,35.405,1448.895,0.5,2.959,5,0.468,1.05
5877.248,0.148,2.052,0.389,0.48,8.837,2117.688,0.337,3.15,0.259,32.169,1310.884,0.126,2.206,9,0.57,1.45
5072.463,0.152,1.089,0.306,0.379,10.015,2544.385,0.256,1.007,0.219,35.52,1272.741,0.712,0.354,9,1.631,2
5078.229,0.145,2.788,0.366,0.48,8.885,2427.923,0.306,1.603,0.244,32.622,1210.219,0.542,1.271,8,0.951,1.65
6205.005,0.183,1.122,0.226,0.51,11.353,2521.465,0.465,2.44,0.234,32.323,1205.074,0.55,0.779,11,1.246,1.85
4380.006,0.158,1.759,0.365,0.439,9.948,2600.567,0.275,3.391,0.248,34.713,1288.918,0.245,1.384,8,0.902,1.65
6865.345,0.157,1.423,0.319,0.477,10.263,2673.405,0.291,1.65,0.253,31.85,1314.752,0.529,1.285,8,0.951,1.65
4863.773,0.169,2.214,0.268,0.482,9.362,2699.339,0.367,3.509,0.204,34.494,1240.531,0.234,1.493,10,0.842,1.65
4750.416,0.17,2.096,0.382,0.495,9.524,2468.746,0.306,3.538,0.225,35.908,1417.963,0.181,1.838,9,0.705,1.5
4595.475,0.131,2.217,0.265,0.413,8.461,2679.553,0.235,3.868,0.228,36.409,1326.05,0.243,1.45,12,0.861,1.65
5902.675,0.2,1.231,0.36,0.455,10.032,2527.474,0.447,3.576,0.201,32.284,1220.185,0.49,1.175,9,1.014,1.75
4922.911,0.122,2.115,0.398,0.513,11.469,2598.061,0.249,2.808,0.267,35.605,1294.954,0.198,1.643,10,0.776,1.6
6340.656,0.153,1.541,0.365,0.471,11.76,2333.136,0.232,3.793,0.256,33.817,1312.919,0.23,1.628,9,0.809,1.6
4384.47,0.2,1.259,0.376,0.398,11.131,2429.221,0.277,1.877,0.244,33.407,1202.747,0.464,0.838,10,1.181,1.85
6749.499,0.163,1.711,0.312,0.496,11.601,2306.033,0.308,3.605,0.288,32.199,1420.834,0.164,1.846,9,0.694,1.5
6527.684,0.156,2.137,0.306,0.543,10.659,2528.447,0.261,3.664,0.266,33.364,1312.024,0.13,2.08,11,0.604,1.45
6767.29,0.122,1.64,0.353,0.539,10.775,2121.983,0.315,3.889,0.244,36.329,1347.32,0.187,1.782,9,0.772,1.55
4503.676,0.152,1.112,0.245,0.338,9.277,2659.929,0.331,1.051,0.257,36,1415.232,0.7,0.548,10,1.471,2.05
6462.125,0.155,1.738,0.361,0.424,11.119,2482.835,0.276,2.917,0.273,35.751,1319.818,0.167,1.712,10,0.783,1.55
6214.2,0.17,1.423,0.349,0.493,10.949,2594.26,0.309,3.727,0.286,33.75,1315.972,0.288,1.283,9,0.951,1.65
4360.87,0.136,1.507,0.325,0.505,11.657,2522.333,0.235,2.83,0.252,32.533,1305.15,0.248,1.034,10,1.083,1.75
4313.537,0.102,1.009,0.317,0.387,9.073,2656.258,0.331,2.513,0.238,31.726,1247.428,0.496,0.789,12,1.229,1.8
4440.652,0.181,1.127,0.286,0.557,10.687,2693.786,0.471,1.787,0.292,31.751,1291.866,0.57,0.213,12,1.806,2.25
5283.608,0.145,1.872,0.362,0.534,11.494,2571.563,0.298,3.399,0.236,35.428,1203.798,0.197,1.763,7,0.741,1.55
5977.184,0.141,1.735,0.358,0.432,10.98,2649.254,0.322,3,0.258,31.893,1325.16,0.143,1.727,10,0.738,1.55
4939.071,0.2,1.404,0.209,0.41,11.348,2693.846,0.249,3.374,0.284,34.844,1252.559,0.403,0.954,12,1.134,1.85
4887.445,0.168,1.217,0.252,0.48,8.203,2419.263,0.329,3.207,0.262,32.129,1238.929,0.391,0.938,11,1.152,1.8
4615.919,0.143,2.012,0.32,0.329,11.472,2512.184,0.306,3.461,0.246,34.992,1373.79,0.342,2.209,7,0.577,1.4
4506.571,0.157,1.956,0.344,0.369,9.005,2397.352,0.365,1.397,0.293,35.367,1550.083,0.601,2.009,7,0.655,1.4
5468.568,0.144,2.303,0.34,0.551,8.589,2291.351,0.343,3.878,0.231,35.511,1359.952,0.151,2.181,9,0.596,1.45
5447.331,0.113,1.028,0.383,0.459,11.822,2298.997,0.302,1.335,0.246,33.215,1246.117,0.619,0.895,10,1.196,1.8
6512.989,0.146,1.924,0.368,0.598,9.698,2409.154,0.32,2.762,0.244,36.23,1509.562,0.211,2.228,7,0.582,1.35
5381.608,0.178,1.756,0.339,0.55,11.599,2672.848,0.292,3.13,0.21,32.623,1227.579,0.187,1.125,10,1.04,1.75
6881.374,0.197,1.372,0.228,0.382,8.334,2629.414,0.383,1.351,0.3,33.524,1291.871,0.614,0.841,12,1.199,1.85
6693.848,0.119,2.019,0.346,0.451,10.81,2418.497,0.28,3.631,0.246,36.181,1293.895,0.207,1.595,8,0.819,1.6
4253.284,0.133,1.589,0.263,0.523,11.433,2321.919,0.285,3.764,0.248,36.276,1272.445,0.267,1.365,9,0.922,1.7
5045.93,0.134,1.228,0.25,0.486,8.204,2089.235,0.482,1.04,0.241,34.501,1311.769,0.703,0.179,11,1.859,2.15
5107.434,0.162,2.306,0.376,0.504,10.917,2526.409,0.297,3.366,0.249,32.998,1369.084,0.153,1.926,9,0.652,1.45
6146.056,0.155,2.222,0.365,0.456,9.058,2698.272,0.306,3.575,0.219,34.288,1580.847,0.124,2.329,8,0.536,1.35
4879.605,0.197,1.552,0.249,0.407,8.699,2562.753,0.206,2.776,0.255,33.518,1271.884,0.313,1.094,11,1.051,1.75
5849.035,0.166,1.507,0.348,0.506,10.316,2503.408,0.324,2.878,0.252,31.89,1202.554,0.247,1.428,9,0.877,1.65
5250.518,0.176,2.055,0.362,0.569,11.468,2513.897,0.34,3.468,0.247,31.995,1336.246,0.173,1.712,8,0.74,1.55
5780.843,0.171,1.539,0.218,0.413,9.921,2404.65,0.442,2.289,0.256,35.485,1593.204,0.473,2.201,7,0.605,1.4
4396.674,0.14,2.066,0.363,0.463,11.294,2417.661,0.295,3.433,0.239,35.457,1506.877,0.242,2.317,6,0.547,1.4
6838.21,0.105,1.203,0.22,0.3,8.365,2512.948,0.354,1.274,0.299,32.801,1347.346,0.636,0.604,12,1.326,1.8
5192.305,0.162,1.299,0.269,0.512,9.788,2657.43,0.279,1.483,0.244,32.389,1411.513,0.576,0.988,9,1.122,1.7
5714.225,0.153,1.067,0.202,0.562,11.062,2053.906,0.412,1.005,0.29,34.834,1301.076,0.713,-2.256,11,0,0
5206.577,0.11,1.008,0.288,0.491,8.689,2122.875,0.362,1.268,0.276,36.388,1577.888,0.638,0.489,11,1.364,1.75
6810.28,0.15,1.041,0.3,0.475,9.746,2521.936,0.28,1.676,0.268,31.853,1433.659,0.521,1.097,10,1.058,1.7
4316.969,0.149,1.376,0.336,0.395,10.078,2684.97,0.281,1.135,0.248,35.457,1352.831,0.676,1.021,6,1.067,1.6
5486.371,0.15,1.436,0.22,0.5,9.487,2565.84,0.222,3.527,0.282,31.784,1216.265,0.371,1.356,9,0.918,1.75
4973.601,0.134,1.123,0.384,0.506,10.649,2402.635,0.423,1.21,0.227,34.617,1414.419,0.654,0.347,10,1.748,2.3
5370.092,0.144,1.152,0.207,0.515,10.404,2276.433,0.321,3.437,0.24,32.042,1354.557,0.424,1.148,8,1.046,1.7
4394.348,0.177,1.28,0.261,0.409,11.143,2501.838,0.215,3.59,0.237,36.316,1260.901,0.36,0.946,11,1.136,1.8
5608.259,0.132,2.05,0.348,0.507,10.516,2420.89,0.292,3.501,0.269,33.171,1267.396,0.155,1.767,7,0.711,1.6
6749.103,0.112,1.063,0.256,0.394,10.931,2494.186,0.449,1.283,0.259,31.858,1265.891,0.633,0.619,12,1.341,1.85
5713.234,0.141,1.299,0.259,0.492,11.013,2466.141,0.237,3.026,0.284,35.353,1264.95,0.351,1.109,10,1.053,1.75
5741.642,0.159,1.692,0.276,0.393,8.375,2491.887,0.238,3.523,0.202,31.732,1269.098,0.214,1.423,11,0.877,1.65
4663.929,0.173,1.23,0.357,0.428,11.888,2577.599,0.341,1.073,0.263,33.931,1280.855,0.693,0.291,11,1.867,2.35
5184.911,0.144,1.335,0.342,0.532,11.241,2052.116,0.313,3.528,0.243,36.247,1503.577,0.333,2.28,6,0.602,1.4
5800.405,0.15,1.833,0.348,0.451,11.268,2586.548,0.313,3.021,0.265,32.676,1497.594,0.137,2.05,7,0.625,1.4
4248.571,0.15,1.257,0.285,0.439,8.235,2600.324,0.441,1.503,0.254,32.211,1378.301,0.571,0.883,10,1.178,1.75
4834.934,0.125,1.21,0.364,0.385,11.072,2696.965,0.288,2.207,0.241,32.553,1333.24,0.395,1.025,10,1.1,1.75
6116.045,0.102,1.097,0.337,0.324,9.145,2225.99,0.239,1.119,0.246,34.541,1306.218,0.68,0.835,10,1.207,1.75
6275.039,0.151,1.531,0.363,0.532,10.935,2697.407,0.281,2.983,0.245,35.706,1505.006,0.235,2.503,6,0.532,1.2
5571.816,0.139,1.439,0.339,0.59,8.051,2600.66,0.348,1.216,0.265,34.107,1253.606,0.653,0.573,11,1.458,1.95
4496.927,0.145,1.367,0.377,0.39,10.405,2632.014,0.276,3.711,0.248,33.599,1336.934,0.317,1.238,10,0.977,1.7
4582.265,0.116,1.919,0.346,0.393,8.7,2666.344,0.305,3.522,0.232,35.58,1227.3,0.227,1.319,8,0.923,1.7
6263.331,0.128,1.307,0.36,0.383,9.996,2435.504,0.316,1.034,0.202,32.619,1224.472,0.705,0.606,9,1.445,2
5352.491,0.145,2.104,0.246,0.324,9.871,2387.786,0.321,1.039,0.245,35.391,1237.965,0.703,1.627,7,0.791,1.55
6131.715,0.137,1.608,0.313,0.533,9.975,2428.578,0.339,3.591,0.29,36.63,1211.245,0.196,1.641,10,0.82,1.55
5263.536,0.133,1.948,0.384,0.41,11.07,2662.907,0.303,2.778,0.257,32.712,1393.862,0.206,1.445,9,0.854,1.65
4793.753,0.108,1.504,0.377,0.46,8.611,2649.513,0.466,1.095,0.217,35.16,1233.041,0.687,-2.222,12,0,0
4549.195,0.185,1.89,0.331,0.338,8.569,2661.476,0.43,2.342,0.254,35.09,1213.763,0.433,0.934,11,1.13,1.8
5354.562,0.172,1.662,0.298,0.422,11.822,2592.751,0.285,3.666,0.269,33.508,1427.103,0.182,1.454,11,0.865,1.65
5915.291,0.176,1.088,0.395,0.489,10.215,2232.077,0.306,3.511,0.246,33.169,1259.455,0.456,1.111,8,1.06,1.7
4461.465,0.179,1.405,0.259,0.405,8.914,2419.842,0.388,3.482,0.267,34.626,1331.102,0.297,1.3,11,0.957,1.7
4270.973,0.111,1.157,0.295,0.509,10.357,2468.414,0.482,1.076,0.249,36.698,1472.189,0.693,0.375,10,1.579,1.9
4221.34,0.108,2.049,0.394,0.375,9.606,2684.509,0.254,3.705,0.23,36.921,1251.263,0.28,1.308,11,0.928,1.65
5675.456,0.118,1.361,0.25,0.491,8.467,2616.582,0.465,1.064,0.264,31.902,1368.773,0.696,0.204,11,1.873,2.3
4598.343,0.167,1.113,0.239,0.546,11.699,2346.787,0.205,1.048,0.247,35.41,1493.398,0.701,0.876,9,1.189,1.7
5404.282,0.149,1.774,0.343,0.481,9.089,2683.426,0.332,3.434,0.27,36.971,1381.576,0.116,1.711,8,0.769,1.5
5638.531,0.17,1.731,0.366,0.433,11.378,2247.941,0.301,3.727,0.273,34.914,1244.717,0.17,1.766,11,0.761,1.55
4215.808,0.155,1.682,0.225,0.361,10.599,2591.73,0.354,3.894,0.252,32.281,1227.155,0.357,1.11,10,1.035,1.75
5887.538,0.149,2.176,0.309,0.501,9.691,2668.59,0.264,3.409,0.23,36.895,1623.941,0.12,2.195,9,0.591,1.35
5797.649,0.151,1.742,0.304,0.419,9.861,2441.428,0.289,1.004,0.244,35.233,1275.76,0.713,1.334,7,0.94,1.65
4630.852,0.125,1.057,0.347,0.496,9.322,2190.997,0.315,1.199,0.238,32.075,1415.433,0.657,0.937,9,1.141,1.7
4317.766,0.113,2.312,0.365,0.456,11.271,2640.818,0.214,2.529,0.286,32.654,1239.753,0.287,1.007,11,1.08,1.75
6438.194,0.109,1.017,0.377,0.423,10.052,2524.408,0.402,1.31,0.247,31.997,1298.345,0.626,0.625,10,1.334,1.85
5032.77,0.1,1.254,0.239,0.553,9.424,2137.48,0.482,1.158,0.219,35.461,1289.987,0.669,-0.8,11,0,0
4638.792,0.137,1.917,0.354,0.562,10.597,2595.187,0.317,3.431,0.284,32.469,1418.984,0.2,1.579,9,0.8,1.6
6390.823,0.176,1.366,0.325,0.337,8.053,2625.955,0.348,2.024,0.237,32.374,1431.001,0.422,0.973,12,1.106,1.75
6811.044,0.147,1.433,0.352,0.489,11.457,2648.163,0.289,3.543,0.207,35.122,1627.782,0.283,1.721,7,0.769,1.5
5499.627,0.143,1.019,0.25,0.503,9.191,2519.746,0.391,1.464,0.296,32.612,1397.52,0.582,0.88,10,1.197,1.75
5060.587,0.134,1.294,0.374,0.477,9.966,2661.927,0.308,1.026,0.222,36.287,1444.909,0.707,-2.153,9,0,0
6424.798,0.147,1.6,0.307,0.542,11.972,2513.992,0.304,3.562,0.246,35.006,1333.673,0.2,1.647,8,0.801,1.6
6083.978,0.126,1.713,0.344,0.451,10.055,2541.079,0.355,3.133,0.259,34.13,1369.896,0.183,1.714,10,0.76,1.55
4453.325,0.117,1.153,0.38,0.479,8.731,2334.131,0.433,1.433,0.296,32.865,1368.453,0.591,0.684,11,1.277,1.85
5087.795,0.182,1.69,0.231,0.497,10.122,2661.099,0.258,1.962,0.288,35.187,1223.493,0.439,1.072,10,1.077,1.8
4838.639,0.163,1.689,0.312,0.462,8.598,2529.968,0.335,3.742,0.264,34.354,1462.694,0.166,1.775,12,0.728,1.55
4882.395,0.153,2.032,0.37,0.362,9.525,2587.977,0.296,3.459,0.243,33.588,1478.058,0.276,1.755,7,0.728,1.55
5836.567,0.122,1.073,0.205,0.415,10.274,2531.092,0.251,1.78,0.203,31.987,1222.884,0.491,0.855,12,1.207,1.8
4453.76,0.156,1.535,0.36,0.426,9.977,2597.538,0.318,2.636,0.216,31.835,1360.554,0.247,1.228,8,0.97,1.7
5841.741,0.178,1.044,0.333,0.386,9.875,2691.871,0.43,1.323,0.247,32.018,1480.218,0.622,0.841,10,1.194,1.75
5603.805,0.153,2.06,0.365,0.52,10.932,2103.397,0.291,3.692,0.284,32.135,1343.675,0.136,2.189,7,0.547,1.5
5014.44,0.159,2.297,0.338,0.402,9.204,2621.838,0.315,2.93,0.212,33.197,1261.735,0.196,1.404,10,0.872,1.65
5823.96,0.145,2.747,0.347,0.483,9.948,2247.034,0.316,1.561,0.241,33.191,1562.866,0.554,2.673,6,0.426,1.25
6827.846,0.172,1.734,0.344,0.496,11.001,2591.735,0.326,2.967,0.213,36.071,1372.125,0.177,1.728,10,0.762,1.5
6797.26,0.183,1.008,0.281,0.308,8.007,2451.982,0.357,1.763,0.212,33.328,1205.356,0.496,0.763,12,1.228,1.8
5351.202,0.102,1.031,0.202,0.567,10.832,2389.201,0.367,1.462,0.283,34.141,1235.316,0.582,-2.238,12,0,0
6377.116,0.155,2.002,0.288,0.527,10.588,2400.898,0.253,2.923,0.208,33.771,1221.765,0.185,1.664,9,0.768,1.6
5746.403,0.163,2.049,0.349,0.525,8.199,2411.482,0.275,3.461,0.246,36.854,1247.241,0.18,1.902,7,0.696,1.5
5944.081,0.12,1.315,0.226,0.488,10.88,2548.418,0.297,3.289,0.248,32.651,1322.159,0.354,1.189,9,1.004,1.75
5052.659,0.17,2.246,0.315,0.493,9.311,2358.887,0.318,3.551,0.267,35.277,1272.037,0.152,1.856,9,0.704,1.5
4386.306,0.165,1.42,0.326,0.392,8.921,2479.476,0.307,3.179,0.243,36.629,1251.063,0.29,0.974,10,1.122,1.75
4990.429,0.187,1.229,0.267,0.52,9.352,2531.101,0.276,1.033,0.265,34.576,1388.857,0.705,0.085,11,1.935,2.25
6140.107,0.147,1.606,0.373,0.489,8.711,2479.556,0.323,3.69,0.285,34.381,1491.786,0.197,1.858,8,0.714,1.45
4607.868,0.152,1.047,0.35,0.492,8.539,2405.448,0.345,1.498,0.267,32.604,1524.561,0.572,1.28,8,0.958,1.55
5072.828,0.114,1.275,0.265,0.504,10.981,2190.909,0.357,3.566,0.25,34.172,1290.511,0.363,1.438,9,0.907,1.65
5450.764,0.146,2.669,0.354,0.501,8.329,2097.242,0.248,3.498,0.263,35.625,1500.653,0.335,2.498,6,0.484,1.3
5143.251,0.178,1.686,0.321,0.502,8.174,2351.151,0.28,2.993,0.233,33.968,1507.909,0.187,2.318,9,0.55,1.4
5883.251,0.143,2.377,0.338,0.466,10.937,2413.547,0.274,3.632,0.248,34.333,1500.113,0.188,2.45,7,0.487,1.3
5127.963,0.19,1.901,0.362,0.477,11.331,2548.822,0.233,3.573,0.253,35.236,1341.893,0.267,1.616,8,0.793,1.6
4625.655,0.135,1.014,0.222,0.517,11.247,2263.879,0.454,1.739,0.225,31.865,1243.391,0.513,0.554,11,1.373,1.85
5163.129,0.117,2.436,0.351,0.49,9.455,2398.96,0.298,3.585,0.269,32.012,1232.895,0.22,2.021,7,0.597,1.45
4662.051,0.174,2.19,0.397,0.513,11.835,2522.429,0.329,3.469,0.231,35.678,1243.297,0.196,1.583,9,0.805,1.6
6519.875,0.142,2.117,0.358,0.552,9.174,2681.083,0.329,3.504,0.278,36.777,1365.908,0.124,1.971,10,0.662,1.45
4398.807,0.153,1.476,0.269,0.448,8.344,2698.045,0.219,1.014,0.228,33.503,1342.524,0.71,-1.211,11,0,0
5202.686,0.106,1.012,0.365,0.52,9.225,2124.083,0.484,1.098,0.248,36.446,1530.054,0.686,0.697,9,1.268,1.7
4743.58,0.154,1.86,0.299,0.403,8.551,2566.836,0.269,3.578,0.21,32.454,1203.175,0.198,1.091,10,1.035,1.75
5128.982,0.135,2.309,0.351,0.434,8.883,2573.04,0.247,3.229,0.247,32.703,1305.581,0.177,1.779,10,0.703,1.55
5596.752,0.105,1.024,0.367,0.429,8.317,2653.1,0.487,1.137,0.247,34.507,1475.443,0.675,0.258,11,1.632,1.95
5014.972,0.136,1.991,0.316,0.489,10.527,2205.777,0.286,3.398,0.235,33.461,1533.948,0.135,2.376,8,0.496,1.4
4848.928,0.139,2.341,0.361,0.475,11.886,2577.355,0.349,2.89,0.253,36.267,1345.757,0.189,1.61,10,0.79,1.6
4807.639,0.147,2.077,0.378,0.443,8.625,2567.682,0.331,2.85,0.225,33.515,1364.389,0.186,1.754,10,0.724,1.55
4826.974,0.137,2.018,0.313,0.559,8.554,2504.859,0.249,3.359,0.281,34.794,1354.74,0.17,1.787,11,0.715,1.55
5542.223,0.149,1.089,0.237,0.429,8.571,2399.93,0.241,1.769,0.246,32.371,1205.649,0.495,0.747,9,1.253,1.85
5093.261,0.155,1.948,0.364,0.441,8.683,2532.558,0.322,1.336,0.205,35.397,1625.047,0.618,1.994,7,0.653,1.4
4842.747,0.175,1.188,0.361,0.412,9.828,2686.195,0.377,1.153,0.294,34.839,1366.05,0.671,0.374,11,1.722,2.2
4673.95,0.138,1.987,0.343,0.463,11.389,2399.366,0.34,3.138,0.248,31.991,1338.311,0.194,1.915,8,0.651,1.55
5504.407,0.113,1.308,0.343,0.41,10.611,2687.995,0.277,1.965,0.22,31.906,1218.546,0.439,0.815,10,1.22,1.85
5260.623,0.153,1.034,0.274,0.443,9.095,2047.441,0.262,1.084,0.253,32.565,1269.94,0.69,0.351,10,1.505,1.85
5394.164,0.198,1.22,0.287,0.335,10.121,2572.187,0.218,1.527,0.264,33.037,1302.156,0.564,0.637,11,1.31,1.9
4963.728,0.148,2.012,0.203,0.381,9.971,2455.684,0.317,3.469,0.223,31.795,1449.855,0.42,1.904,7,0.664,1.55
6563.524,0.142,1.856,0.391,0.491,10.043,2682.066,0.315,2.964,0.297,33.003,1421.712,0.188,1.879,9,0.679,1.45
5006.206,0.131,2.213,0.338,0.532,8.293,2582.487,0.333,3.765,0.263,35.626,1302.659,0.171,1.578,10,0.809,1.65
4866.015,0.139,1.13,0.238,0.46,11.647,2690.766,0.489,1.034,0.228,34.565,1262.863,0.705,-2.671,12,0,0
5298.454,0.161,1.045,0.212,0.435,10.179,2496.949,0.498,1.049,0.289,33.312,1280.635,0.7,-1.115,12,0,0
4445.624,0.196,1.085,0.353,0.546,10.22,2253.813,0.294,1.387,0.224,33.337,1267.649,0.604,0.645,10,1.377,2.05
4400.989,0.155,1.809,0.381,0.451,11.781,2392.081,0.336,2.806,0.267,36.773,1313.225,0.241,1.296,10,0.946,1.7
5588.793,0.102,1.16,0.213,0.552,8.541,2677.694,0.32,1.358,0.235,33.052,1440.947,0.612,0.246,11,1.883,2.25
5057.197,0.133,2.076,0.363,0.398,8.011,2562.029,0.313,3.1,0.251,33.124,1297.93,0.204,1.705,8,0.743,1.6
5855.226,0.167,2.085,0.365,0.491,10.258,2269.635,0.321,3.39,0.221,35.839,1584.056,0.116,2.427,8,0.528,1.35
4621.242,0.144,1.799,0.29,0.384,11.707,2610.608,0.268,2.942,0.279,34.025,1485.872,0.232,1.514,11,0.832,1.65
6359.42,0.165,2.046,0.366,0.481,10.765,2633.865,0.325,3.145,0.227,35.484,1525.577,0.101,2.057,9,0.631,1.4
4843.883,0.199,1.055,0.376,0.349,9.882,2566.612,0.375,1.226,0.255,32.478,1263.395,0.65,0.13,10,2.039,2.45
4293.039,0.16,1.591,0.317,0.371,11.182,2655.981,0.374,3.462,0.245,35.357,1293.023,0.26,0.88,9,1.162,1.8
4766.619,0.119,1.143,0.329,0.542,11.282,2199.698,0.364,1.429,0.297,34.898,1290.817,0.592,0.526,12,1.533,2.1
4431.523,0.151,1.01,0.237,0.504,8.242,2075.002,0.283,1.304,0.276,35.428,1205.465,0.627,0.339,8,1.813,2.3
6663.301,0.157,1.909,0.347,0.482,10.029,2587.856,0.319,3.569,0.258,35.668,1500.9,0.149,1.954,4,0.672,1.4
5212.95,0.114,1.604,0.346,0.334,11.496,2586.294,0.304,1.735,0.23,35.526,1499.472,0.504,1.316,8,0.94,1.7
6608.26,0.116,1.977,0.342,0.331,9.937,2694.189,0.289,1.954,0.257,33.044,1302.269,0.442,1.672,7,0.759,1.55
6043.414,0.137,2.149,0.342,0.459,10.664,2282.045,0.272,3.78,0.256,36.683,1520.425,0.093,2.561,10,0.496,1.3
4733.817,0.147,2.049,0.254,0.524,8.829,2415.689,0.407,2.72,0.245,35.337,1368.524,0.357,1.93,7,0.683,1.5
5663.152,0.143,2.071,0.398,0.409,11.043,2194.98,0.36,3.523,0.218,34.644,1402.708,0.2,1.796,9,0.724,1.6
4478.207,0.125,1.043,0.355,0.428,8.69,2232.884,0.338,1.265,0.277,33.803,1208.039,0.639,-0.352,11,0,0
5307.324,0.193,1.029,0.311,0.579,8.306,2129.492,0.298,1.143,0.272,35.446,1497.236,0.673,0.94,9,1.162,1.7
5550.854,0.153,2.223,0.37,0.53,10.925,2691.205,0.342,3.706,0.258,35.767,1425.959,0.14,1.988,11,0.648,1.4
5845.321,0.107,1.005,0.268,0.301,11.97,2523.636,0.301,3.425,0.28,32.08,1296.047,0.498,1.073,10,1.094,1.7
5085.579,0.166,1.532,0.282,0.42,9.435,2569.436,0.278,2.628,0.246,33.724,1366.995,0.249,1.252,10,0.972,1.7
5103.588,0.155,2.016,0.305,0.433,8.237,2676.008,0.356,3.765,0.285,35.291,1452.868,0.187,1.795,9,0.736,1.5
5268.67,0.15,2.055,0.359,0.481,8.298,2635.595,0.233,1.553,0.293,31.963,1284.931,0.556,1.384,8,0.891,1.65
4517.423,0.147,2.728,0.36,0.483,10.041,2555.901,0.282,3.684,0.284,31.876,1347.034,0.364,1.644,7,0.754,1.5
4970.409,0.104,1.608,0.342,0.387,9.969,2639.866,0.299,2.637,0.206,32.213,1404.981,0.307,1.308,9,0.93,1.7
6135.59,0.148,2.175,0.342,0.436,11.483,2122.379,0.303,3.515,0.228,36.492,1493.724,0.148,2.963,7,0.393,1.2
6081.604,0.129,1.097,0.213,0.572,8.217,2345.561,0.443,1.06,0.295,32.341,1245.122,0.697,-1.801,12,0,0
5119.688,0.199,1.159,0.35,0.377,10.996,2695.178,0.387,1.271,0.244,32.263,1269.9,0.637,0.509,10,1.595,2.3
4637.855,0.182,1.892,0.359,0.449,8.438,2622.128,0.316,3.396,0.236,36.153,1264.527,0.213,1.346,9,0.922,1.65
6105.63,0.175,2.138,0.353,0.534,9.961,2241.272,0.288,3.429,0.207,32.685,1504.045,0.172,2.443,7,0.495,1.35
6869.66,0.167,1.803,0.366,0.416,11.514,2675.909,0.27,3.117,0.254,32.316,1289.416,0.184,1.608,11,0.791,1.55
4929.279,0.198,2.895,0.233,0.534,10.188,2571.143,0.303,1.697,0.203,32.489,1218.265,0.515,0.901,11,1.153,1.8
6471.442,0.155,2.073,0.379,0.481,9.435,2500.596,0.289,3.004,0.239,33.735,1284.329,0.144,2.079,8,0.609,1.4
4544.388,0.135,2.066,0.359,0.403,10.249,2492.193,0.295,3.574,0.244,34.347,1614.221,0.216,2.232,7,0.564,1.4
5758.249,0.167,1.761,0.313,0.499,10.019,2144.665,0.292,2.965,0.208,31.877,1239.617,0.174,1.811,9,0.695,1.6
5018.433,0.17,1.045,0.351,0.48,11.043,2113.078,0.321,3.583,0.257,35.636,1220.404,0.478,2.975,6,0.483,1.05
4442.956,0.169,1.213,0.249,0.499,11.947,2546.39,0.243,1.104,0.224,32.975,1274.222,0.685,-1.605,11,0,0
4599.429,0.147,1.393,0.26,0.586,9.408,2079.699,0.323,3.419,0.249,33.012,1207.326,0.303,1.386,8,0.926,1.7
5905.448,0.148,1.501,0.261,0.585,11.041,2369.431,0.319,1.039,0.252,31.704,1494.169,0.703,0.975,8,1.132,1.7
4617.74,0.106,1.069,0.216,0.576,9.576,2470.351,0.27,1.812,0.258,32.683,1334.761,0.482,0.63,12,1.407,2
5395.224,0.105,1.306,0.295,0.509,9.853,2574.184,0.211,1.452,0.211,33.019,1275.171,0.585,0.764,10,1.286,1.95
5285.738,0.157,1.576,0.276,0.478,9.572,2561.407,0.287,1.442,0.274,33.419,1252.081,0.588,1.2,9,1.017,1.8
5290.973,0.151,1.867,0.333,0.592,10.183,2655.356,0.302,3.831,0.285,36.051,1218.675,0.188,1.597,10,0.81,1.55
4685.2,0.19,1.623,0.234,0.451,10.018,2547.938,0.293,3.175,0.225,36.143,1238.568,0.331,1.14,10,1.037,1.75
4378.689,0.172,1.437,0.255,0.341,8.436,2461.869,0.387,2.492,0.214,32.802,1371.815,0.318,1.159,12,1.013,1.7
4952.008,0.159,1.759,0.348,0.439,10.306,2537.73,0.282,3.706,0.232,34.488,1325.435,0.146,1.695,10,0.771,1.6
4714.734,0.146,1.787,0.318,0.48,8.357,2220.204,0.317,2.879,0.254,32.749,1234.766,0.187,1.846,8,0.688,1.55
5534.23,0.131,1.988,0.344,0.364,8.023,2645.902,0.278,3.592,0.256,34.398,1358.46,0.272,2.13,7,0.605,1.4
4366.591,0.103,1.077,0.263,0.365,9.984,2691.498,0.434,1.292,0.209,33.445,1292.089,0.631,-0.882,11,0,0
5138.227,0.101,1.648,0.377,0.337,10.651,2650.079,0.306,2.62,0.294,31.76,1242.143,0.327,0.957,11,1.115,1.85
4829.09,0.195,1.993,0.352,0.342,11.93,2632.604,0.325,2.22,0.247,32.274,1321.404,0.366,1.207,9,0.962,1.75
6011.965,0.153,2.009,0.307,0.504,8.366,2673.979,0.332,2.994,0.271,33.604,1443.51,0.163,2.073,9,0.611,1.4
5632.978,0.107,1.265,0.25,0.565,10.267,2498.181,0.349,1.433,0.242,31.796,1288.271,0.591,0.163,12,1.892,2.3
4557.305,0.128,1.267,0.223,0.599,11.512,2500.654,0.326,1.066,0.282,35.707,1203.075,0.695,-2.322,11,0,0
5240.081,0.148,2.011,0.339,0.477,10.12,2680.639,0.269,3.09,0.204,34.793,1533.967,0.184,1.954,7,0.663,1.4
5775.532,0.16,1.335,0.4,0.417,9.032,2565.656,0.251,3.698,0.245,35.551,1582.752,0.333,1.369,9,0.925,1.6
6853.824,0.101,1.406,0.357,0.463,9.865,2612.109,0.274,2.712,0.251,33.894,1511.97,0.327,1.485,9,0.872,1.6
5551.78,0.149,1.076,0.205,0.398,11.545,2218.738,0.206,1.037,0.247,34.355,1201.198,0.704,-0.001,10,1.669,1.9
4395.041,0.113,1.477,0.307,0.463,8.167,2561.443,0.365,3.759,0.285,34.326,1214.477,0.261,1.15,12,1.029,1.7
5909.581,0.147,1.426,0.346,0.511,10.447,2562.667,0.259,2.148,0.255,35.679,1481.249,0.386,1.616,7,0.812,1.55
5090.75,0.156,2.325,0.387,0.476,10.151,2662.466,0.252,3.557,0.247,32.42,1233.815,0.177,1.64,8,0.763,1.6
4582.855,0.146,1.072,0.366,0.51,10.019,2543.016,0.307,1.728,0.242,32.236,1369.319,0.506,0.808,8,1.211,1.75
6592.504,0.162,1.801,0.365,0.548,8.728,2362.759,0.314,3.807,0.212,33.152,1318.93,0.152,1.855,10,0.691,1.55
5019.131,0.152,1.228,0.346,0.376,8.888,2670.654,0.311,3.862,0.208,32.563,1304.52,0.386,1.335,9,0.928,1.7
6049.489,0.19,1.337,0.308,0.369,9.55,2420.859,0.344,3.805,0.27,31.922,1204.392,0.332,0.851,12,1.177,1.8
5063.142,0.126,1.441,0.24,0.485,9.826,2553.15,0.287,1.075,0.235,33.36,1210.429,0.693,0.303,10,1.724,2.15
4884.706,0.173,1.611,0.333,0.54,11.275,2616.586,0.306,3.83,0.274,36.86,1276.075,0.195,1.541,11,0.838,1.6
5768.26,0.157,1.076,0.37,0.424,9.574,2343.562,0.248,2.774,0.253,32.1,1207.243,0.462,0.858,10,1.208,1.85
6548.659,0.139,1.756,0.349,0.491,10.236,2534.809,0.269,3.416,0.217,33.512,1398.463,0.132,1.987,9,0.649,1.45
5246.381,0.135,1.97,0.349,0.561,9.154,2650.71,0.251,2.646,0.23,31.911,1227.449,0.244,1.219,10,0.983,1.7
4873.969,0.117,1.366,0.363,0.463,8.762,2445.485,0.35,3.703,0.238,33.487,1283.1,0.317,0.989,11,1.109,1.75
6386.952,0.102,1.589,0.377,0.435,9.967,2606.788,0.299,3.497,0.257,34.296,1394.484,0.32,1.49,8,0.865,1.6
5060.199,0.152,1.27,0.26,0.497,8.266,2286.208,0.323,1.141,0.298,32.669,1257.26,0.674,0.79,9,1.238,1.75
4645.002,0.121,2.083,0.313,0.537,9.914,2617.13,0.31,2.876,0.228,32.327,1279.247,0.199,1.631,10,0.768,1.6
4273.059,0.131,1.402,0.388,0.33,9.348,2676.123,0.433,2.369,0.259,32.789,1326.665,0.443,0.691,12,1.244,1.8
4859.923,0.151,1.214,0.213,0.438,9.911,2400.154,0.323,3.464,0.256,32.63,1362.711,0.393,1.051,6,1.087,1.75
5234.155,0.143,2.142,0.379,0.35,9.053,2638.767,0.277,3.015,0.203,31.837,1259.323,0.3,1.141,10,1.002,1.75
6996.984,0.139,1.618,0.36,0.439,11.092,2483.573,0.277,3.871,0.244,36.935,1313.413,0.206,1.539,9,0.857,1.6
4801.324,0.199,1.131,0.211,0.424,10.888,2327.938,0.277,1.11,0.247,35.331,1344.209,0.683,0.628,9,1.321,1.8
5781.642,0.152,1.63,0.298,0.489,9.898,2621.793,0.283,3.592,0.206,33.015,1318.548,0.185,1.858,6,0.685,1.5
5162.794,0.125,1.075,0.371,0.518,11.373,2408.204,0.243,1.685,0.214,31.998,1225.831,0.519,0.363,10,1.739,2.3
4430.101,0.155,1.351,0.374,0.36,9.992,2411.076,0.282,1.103,0.253,35.81,1507.219,0.685,1.8,6,0.756,1.35
4511.794,0.108,2.35,0.338,0.53,10.108,2652.869,0.277,2.62,0.234,35.419,1377.292,0.28,1.573,8,0.81,1.6
5926.103,0.148,1.791,0.379,0.49,11.268,2560.082,0.301,3.59,0.227,32.003,1397.33,0.127,1.786,8,0.706,1.5
4886.404,0.157,2.277,0.344,0.353,9.297,2397.828,0.314,3.598,0.267,35.533,1299.239,0.294,2.566,6,0.452,1.25
6447.29,0.182,1.108,0.379,0.489,11.383,2238.8,0.33,3.851,0.244,31.979,1275.634,0.446,1.149,10,1.033,1.75
5487.847,0.155,2.054,0.333,0.494,10.171,2614.622,0.278,3.415,0.282,34.686,1627.175,0.128,2.27,7,0.559,1.35
6776.441,0.143,1.995,0.31,0.453,8.291,2430.391,0.308,3.58,0.251,36.667,1269.614,0.171,1.789,7,0.756,1.5
5077.858,0.153,1.922,0.388,0.527,10.116,2531.703,0.381,3.791,0.256,32.308,1317.744,0.27,1.647,8,0.767,1.6
5948.353,0.153,1.456,0.373,0.411,10.139,2652.074,0.309,2.584,0.297,33.964,1343.621,0.272,1.257,9,0.967,1.65
4571.314,0.145,2.53,0.249,0.469,9.652,2657.85,0.316,2.966,0.246,35.503,1304.207,0.289,1.553,8,0.811,1.6
4396.446,0.15,1.228,0.299,0.372,10.865,2547.237,0.427,2.749,0.2,32.347,1270.476,0.423,0.928,11,1.151,1.8
6213.741,0.128,1.223,0.369,0.431,11.767,2585.339,0.345,2.94,0.255,32.607,1213.2,0.388,1.055,11,1.083,1.8
4509.267,0.171,1.689,0.367,0.516,10.688,2549.546,0.338,3.779,0.266,32.135,1237.601,0.223,1.432,11,0.872,1.65
5691.785,0.104,1.041,0.211,0.44,10.928,2699.485,0.328,1.318,0.222,32.382,1234.506,0.623,-1.57,12,0,0
4433.469,0.16,1.203,0.311,0.422,11.137,2540.152,0.394,2.265,0.298,31.889,1208.925,0.398,0.911,12,1.165,1.85
5255.233,0.142,1.948,0.38,0.429,9.144,2430.133,0.342,2.813,0.261,32.519,1227.993,0.196,1.528,11,0.817,1.65
4222.658,0.12,1.579,0.3,0.357,9.221,2664.395,0.306,3.35,0.294,36.009,1350.302,0.286,1.103,11,1.043,1.7
6472.328,0.183,1.516,0.264,0.468,9.821,2497.354,0.281,3.758,0.257,34.698,1232.25,0.246,1.472,10,0.869,1.65
6483.174,0.153,1.186,0.28,0.484,8.972,2418.135,0.299,3.047,0.242,31.985,1349.016,0.407,1.169,9,1.018,1.7
6715.139,0.188,1.507,0.312,0.598,8.344,2645.749,0.262,3.267,0.216,35.528,1215.029,0.253,1.302,11,0.958,1.65
4532.686,0.137,1.051,0.301,0.479,8.278,2627.261,0.424,1.341,0.3,33.501,1211.66,0.617,-1.555,11,0,0
6533.343,0.157,1.631,0.259,0.505,9.862,2449.407,0.319,1.948,0.243,36.121,1505.285,0.443,1.918,6,0.71,1.45
5319.501,0.174,1.403,0.393,0.414,9.867,2628.226,0.482,1.731,0.211,31.993,1236.696,0.607,0.753,11,1.248,1.85
6952.648,0.165,1.394,0.339,0.516,11.347,2603.969,0.307,2.991,0.256,33.337,1311.233,0.303,1.452,8,0.872,1.65
4635.946,0.159,2.663,0.355,0.485,9.851,2063.992,0.297,3.595,0.253,35.363,1398.741,0.331,2.745,5,0.409,1.35
4797.304,0.147,1.454,0.328,0.502,11.199,2452.991,0.301,1.023,0.231,34.069,1236.55,0.708,0.677,9,1.363,1.95
5056.642,0.17,1.701,0.242,0.467,11.668,2675.436,0.276,2.743,0.204,36.769,1201.301,0.309,0.984,12,1.119,1.85
5941.621,0.138,1.242,0.336,0.489,8.006,2621.836,0.491,3.602,0.246,32.903,1570.979,0.637,1.428,8,0.884,1.6
4900.623,0.116,1.144,0.361,0.558,8.196,2301.325,0.341,1.291,0.218,35.427,1294.287,0.631,0.744,10,1.312,1.9
4572.673,0.146,2.034,0.349,0.443,9.059,2697.924,0.259,2.822,0.215,35.862,1347.707,0.212,1.49,9,0.85,1.6
4295.266,0.115,1.694,0.389,0.418,9.828,2637.296,0.366,3.551,0.201,34.6,1274.657,0.259,1.23,11,0.977,1.65
6123.663,0.101,1.348,0.34,0.392,11.49,2415.32,0.374,1.628,0.276,33.379,1208.946,0.535,1.092,10,1.068,1.75
4839.683,0.131,1.502,0.374,0.418,10.49,2331.93,0.262,3.052,0.202,32.103,1262.279,0.249,1.359,12,0.908,1.7
4874.22,0.156,1.187,0.346,0.481,10.406,2057.073,0.499,1.056,0.208,33.105,1561.593,0.698,0.77,9,1.229,1.7
4632.359,0.145,1.799,0.358,0.561,9.935,2244.233,0.285,2.688,0.24,35.295,1246.76,0.232,1.692,7,0.779,1.6
5815.358,0.168,1.844,0.321,0.518,9.102,2638.939,0.324,3.364,0.22,33.535,1328.566,0.12,1.72,10,0.75,1.5
4916.499,0.107,1.015,0.319,0.586,11.711,2416.797,0.236,1.022,0.246,36.763,1563.045,0.708,-2.365,10,0,0
6364.754,0.179,1.503,0.367,0.391,10.075,2530.893,0.33,3.686,0.233,35.433,1391.661,0.249,1.382,10,0.91,1.6
4362.147,0.106,1.147,0.327,0.552,8.155,2307.159,0.44,1.572,0.264,32.288,1299.515,0.551,0.598,12,1.445,2.05
5891.676,0.16,1.764,0.393,0.573,8.587,2469.268,0.332,3.149,0.263,34.395,1375.206,0.146,1.932,12,0.676,1.45
4934.37,0.116,1.601,0.366,0.446,8.882,2553.211,0.237,2.773,0.287,31.819,1260.223,0.227,1.104,12,1.041,1.8
4458.945,0.18,1.203,0.336,0.561,10.004,2614.992,0.323,1.026,0.23,34.444,1203.601,0.707,-2.377,9,0,0
6022.202,0.143,1.646,0.396,0.406,11.157,2407.717,0.237,2.826,0.278,35.545,1225.839,0.21,1.299,9,0.948,1.7
4468.437,0.179,1.052,0.202,0.492,10.012,2500.456,0.392,1.449,0.251,32.783,1209.796,0.586,-2.29,9,0,0
4314.25,0.141,1.462,0.302,0.505,10.66,2390.811,0.28,2.666,0.214,33.427,1357.759,0.269,1.097,10,1.049,1.7
6349.558,0.144,1.957,0.31,0.46,10.451,2488.278,0.332,3.007,0.252,34.388,1493.112,0.141,2.008,8,0.662,1.45
6407.98,0.16,2.153,0.384,0.51,9.657,2611.061,0.335,3.547,0.242,36.396,1575.866,0.117,1.984,10,0.656,1.45
6864.59,0.105,1.019,0.235,0.35,8.12,2493.464,0.372,2.272,0.255,32.673,1237.76,0.491,0.935,11,1.159,1.75
5576.418,0.165,1.684,0.336,0.474,9.926,2660.206,0.298,3.77,0.218,34.393,1289.815,0.158,1.522,9,0.839,1.6
4833.539,0.128,2.072,0.341,0.392,9.019,2681.64,0.294,1.733,0.206,33.774,1211.265,0.505,1.205,9,0.98,1.75
5467.212,0.155,2.377,0.352,0.509,10.013,2438.477,0.289,2.585,0.249,35.43,1391.899,0.261,2.19,5,0.571,1.35
4996.9,0.173,2.231,0.314,0.353,10.111,2666.25,0.289,1.46,0.293,32.277,1243.976,0.583,1.067,10,1.052,1.75
5848.493,0.137,2.267,0.385,0.501,9.917,2185.921,0.342,3.438,0.252,35.898,1482.413,0.14,2.489,8,0.501,1.3
5211.45,0.154,2.002,0.328,0.43,9.864,2184.849,0.274,3.408,0.244,36.914,1482.674,0.14,2.545,7,0.495,1.35
4854.798,0.113,1.371,0.382,0.33,10.305,2643.96,0.28,1.62,0.202,32.768,1329.243,0.537,0.891,11,1.169,1.8
5811.923,0.167,2.009,0.318,0.568,8.868,2661.279,0.307,3.552,0.252,35.736,1211.877,0.192,1.815,7,0.718,1.5
4928.245,0.114,1.302,0.359,0.448,10.785,2692.886,0.353,3.03,0.277,31.703,1340.452,0.349,0.991,11,1.109,1.75
5780.344,0.155,1.497,0.338,0.364,9.873,2654.362,0.318,3.494,0.249,33.075,1540.814,0.272,1.718,5,0.759,1.55
4747.385,0.116,1.241,0.227,0.369,10.522,2664.67,0.292,2.546,0.201,31.771,1455.797,0.379,0.945,11,1.127,1.75
4397.001,0.156,2.284,0.224,0.512,8.477,2391.848,0.214,3.418,0.287,36.99,1211.85,0.36,1.561,8,0.822,1.65
5076.379,0.2,2.59,0.38,0.596,8.092,2641.28,0.242,1.456,0.214,32.939,1248.785,0.584,0.847,12,1.202,1.75
5779.849,0.119,1.259,0.378,0.482,11.793,2685.765,0.207,2.257,0.216,32.587,1202.062,0.371,1.26,10,0.978,1.7
6572.25,0.156,1.95,0.357,0.443,9.899,2653.894,0.34,3.664,0.246,36.147,1415.108,0.133,2.053,7,0.641,1.45
5481.082,0.143,1.707,0.32,0.463,10.572,2683.019,0.32,3.721,0.228,32.875,1394.661,0.146,1.629,10,0.778,1.6
4364.651,0.174,2.074,0.333,0.568,9.142,2624.624,0.409,1.531,0.223,32.391,1305.736,0.563,0.864,11,1.187,1.75
6181.472,0.16,1.432,0.338,0.497,11.27,2411.587,0.373,1.303,0.286,36.049,1325.5,0.628,1.187,9,1.025,1.7
5165.282,0.138,2.078,0.365,0.486,9.907,2378.853,0.268,3.506,0.28,34.516,1447.25,0.12,2.115,7,0.6,1.5
5723.387,0.137,1.145,0.201,0.585,9.105,2660.137,0.487,1.011,0.236,36.205,1421.204,0.711,-1.795,12,0,0
5492.379,0.148,1.595,0.247,0.391,10.314,2588.248,0.298,1.105,0.25,34.551,1311.053,0.684,1.057,9,1.086,1.75
4904.981,0.114,1.122,0.347,0.442,8.708,2555.667,0.283,1.634,0.218,31.793,1414.526,0.533,1.191,10,1.012,1.65
5155.551,0.132,1.509,0.381,0.357,10.898,2689.22,0.386,2.396,0.276,32.172,1342.751,0.315,1.229,12,0.97,1.75
4202.839,0.107,1.397,0.217,0.344,8.716,2682.821,0.271,3.363,0.246,31.841,1315.735,0.38,1.04,11,1.072,1.75
5330.241,0.17,1.814,0.212,0.485,10.065,2557.887,0.299,1.887,0.253,33.265,1225.341,0.461,1.332,8,0.927,1.75
5592.892,0.125,1.31,0.215,0.417,9.924,2538.443,0.411,3.662,0.254,34.777,1339.081,0.386,1.229,10,1.001,1.7
4422.877,0.138,1.001,0.302,0.527,11.172,2607.16,0.253,1.364,0.281,33.357,1407.047,0.61,0.465,12,1.616,2.15
6308.974,0.159,1.44,0.354,0.496,11.995,2661.415,0.256,3.083,0.216,36.621,1573.956,0.28,1.298,10,0.949,1.6
6079.993,0.132,1.067,0.229,0.531,8.988,2521.768,0.417,1.016,0.274,34.01,1249.287,0.71,-1.609,12,0,0
4315.656,0.172,1.419,0.31,0.32,9.863,2674.236,0.232,1.532,0.249,32.577,1270.599,0.562,0.896,10,1.157,1.75
4824.575,0.166,1.78,0.264,0.421,10.878,2496.213,0.351,3.116,0.214,35.118,1207.556,0.246,1.318,12,0.947,1.7
5741.396,0.193,1.003,0.266,0.508,8.91,2290.933,0.432,1.436,0.213,32.512,1340.984,0.59,0.527,11,1.506,2.1
5632.672,0.151,1.603,0.352,0.451,8.337,2583.442,0.288,3.409,0.27,31.817,1255.431,0.199,1.409,8,0.883,1.7
5051.565,0.154,1.765,0.362,0.495,9.004,2356.67,0.347,3.001,0.238,34.35,1381.411,0.157,1.847,9,0.7,1.55
6164.382,0.147,1.622,0.358,0.505,10.001,2593.519,0.36,2.949,0.255,35.457,1565.684,0.2,1.761,6,0.754,1.45
4636.517,0.185,1.997,0.27,0.51,9.488,2582.118,0.288,2.976,0.246,35.777,1211.177,0.233,1.377,8,0.907,1.7
5145.194,0.161,1.062,0.326,0.455,11.284,2570.793,0.204,3.108,0.269,32.296,1274.867,0.469,0.899,12,1.171,1.8
4229.22,0.115,1.052,0.288,0.598,9.278,2190.355,0.482,1.319,0.244,35.305,1215.983,0.623,-1.582,10,0,0
5440.066,0.19,2.658,0.265,0.568,11.344,2413.913,0.225,1.958,0.251,31.781,1228.356,0.441,0.918,10,1.143,1.75
4731.745,0.138,1.314,0.255,0.39,10.148,2630.366,0.429,3.813,0.219,34.196,1219.578,0.43,0.786,11,1.232,1.85
4309.869,0.187,1.513,0.347,0.373,10.673,2348.877,0.222,3.706,0.281,32.852,1210.886,0.26,1.31,11,0.93,1.7
6667.807,0.165,1.715,0.299,0.5,9.394,2539.069,0.267,3.896,0.236,36.303,1568.678,0.15,1.966,11,0.693,1.45
5996.023,0.135,1.897,0.302,0.413,9.856,2403.362,0.26,3.212,0.263,33.241,1215.506,0.19,1.668,10,0.774,1.6
6424.845,0.136,1.538,0.339,0.493,8.138,2210.472,0.29,3.761,0.256,36.1,1343.299,0.231,1.782,8,0.767,1.55
6908.368,0.133,1.695,0.334,0.516,8.072,2681.216,0.298,3.02,0.243,32.276,1247.525,0.193,1.757,9,0.72,1.5
4913.511,0.185,1.828,0.258,0.495,10.442,2652.324,0.283,3.417,0.236,33.783,1233.444,0.263,1.439,9,0.873,1.65
5796.194,0.144,1.385,0.265,0.398,11.963,2686.347,0.291,2.356,0.3,33.371,1514.984,0.327,1.389,9,0.905,1.6
4384.471,0.15,1.12,0.361,0.474,9.855,2260.656,0.253,1.025,0.269,33.42,1248.061,0.707,0.379,9,1.744,2.2
4448.111,0.11,1.991,0.31,0.494,9.685,2674.683,0.357,2.162,0.263,33.051,1235.618,0.382,1.184,10,1.004,1.75
5864.764,0.169,2.039,0.352,0.5,10.992,2449.265,0.289,3.26,0.232,33.315,1296.996,0.135,2.155,8,0.585,1.4
4911.838,0.113,1.172,0.304,0.518,11.701,2468.132,0.219,3.77,0.225,32.277,1237.258,0.414,1.075,11,1.072,1.8
4375.386,0.199,1.132,0.398,0.531,10.891,2623.867,0.213,1.084,0.214,36.171,1256.749,0.69,-2.279,12,0,0
5783.386,0.151,2.239,0.34,0.599,8.956,2450.26,0.363,3.431,0.25,35.383,1239.802,0.21,2.174,6,0.575,1.4
4413.093,0.168,1.886,0.339,0.464,9.007,2347.86,0.319,3.832,0.23,33.482,1277.742,0.239,1.478,10,0.852,1.65
4996.121,0.18,1.378,0.375,0.557,9.747,2231.315,0.316,3.576,0.224,33.496,1339.62,0.311,1.25,10,0.981,1.7
5817.483,0.15,1.248,0.278,0.546,10.856,2414.288,0.341,1.955,0.284,33.534,1500.741,0.441,1.309,8,0.955,1.65
4355.201,0.116,2.425,0.223,0.381,11.031,2640.21,0.297,2.243,0.284,32.279,1323.089,0.363,1.184,11,0.975,1.7
6809.501,0.189,1.417,0.347,0.541,10.689,2637.448,0.331,3.374,0.233,34.461,1259.12,0.291,1.3,11,0.948,1.65
6417.741,0.122,1.55,0.282,0.461,11.192,2301.376,0.293,3.126,0.297,33.38,1362.426,0.225,1.551,11,0.839,1.65
5249.872,0.17,1.915,0.318,0.521,10.935,2675.99,0.323,3.01,0.21,36.694,1606.773,0.16,1.978,10,0.661,1.45
4274.997,0.123,1.129,0.291,0.484,10.586,2183.74,0.408,1.44,0.229,34.047,1242.593,0.589,0.394,11,1.546,1.95
5937.901,0.15,1.434,0.36,0.596,11.704,2645.728,0.208,1.239,0.233,31.941,1209.298,0.646,0.225,10,1.727,2.1
4716.11,0.175,1.897,0.305,0.428,8.258,2538.566,0.37,3.139,0.235,32.934,1252.809,0.233,1.457,12,0.854,1.65
5324.481,0.18,1.555,0.348,0.353,11.381,2674.282,0.246,3.082,0.279,34.481,1228.954,0.294,1.222,11,0.977,1.7
4923.359,0.192,1.675,0.262,0.519,11.291,2552.426,0.321,2.826,0.278,33.074,1347.216,0.28,1.396,10,0.887,1.65
5627.935,0.169,1.113,0.311,0.326,11.487,2665.604,0.465,1.824,0.234,31.71,1266.271,0.55,0.77,12,1.236,1.8
4740.356,0.198,1.811,0.283,0.359,11.741,2594.186,0.235,2.794,0.251,33.048,1302.947,0.32,1.191,11,0.976,1.75
5347.274,0.172,1.511,0.394,0.348,9.968,2545.903,0.311,1.879,0.253,34.726,1295.144,0.463,1.048,9,1.077,1.75
5301.358,0.188,1.503,0.291,0.502,10.866,2446.517,0.308,3.089,0.253,33.773,1403.431,0.253,1.637,9,0.789,1.6
5821.892,0.154,1.641,0.342,0.504,10.463,2223.189,0.465,3.408,0.245,33.351,1260.992,0.55,2.014,6,0.646,1.5
5342.61,0.116,1.061,0.212,0.512,9.754,2190.387,0.481,1.083,0.247,35.823,1234.076,0.691,-0.883,10,0,0
5607.907,0.155,1.695,0.36,0.534,11.625,2439.852,0.331,3.804,0.252,31.826,1446.111,0.163,2.094,9,0.589,1.45
4751.704,0.131,1.383,0.331,0.368,11.444,2592.355,0.422,2.054,0.234,32.959,1324.266,0.413,1.116,12,1.044,1.75
4897.915,0.158,1.966,0.347,0.406,9.787,2632.961,0.37,3.329,0.266,32.269,1204.584,0.233,1.591,10,0.781,1.65
4206.581,0.12,1.991,0.302,0.575,9.914,2651.135,0.428,1.348,0.244,32.285,1305.656,0.615,0.787,9,1.242,1.8
5450.542,0.155,1.42,0.372,0.475,10.895,2399.18,0.281,3.424,0.252,32.988,1358.677,0.29,1.672,7,0.775,1.6
4530.16,0.126,2.031,0.306,0.496,11.469,2585.077,0.241,2.949,0.229,32.553,1431.925,0.219,1.659,10,0.764,1.55
6490.637,0.164,1.717,0.306,0.413,9.793,2265.35,0.34,3.217,0.272,31.709,1242.623,0.174,1.818,12,0.71,1.55
5721.109,0.182,1.228,0.387,0.386,9.931,2639.814,0.414,3.6,0.261,36.798,1518.702,0.386,1.176,10,1.014,1.65
5291.416,0.141,2.215,0.367,0.465,9.299,2564.42,0.257,3.319,0.244,33.146,1451.37,0.143,2.124,11,0.578,1.45
6229.491,0.15,1.644,0.357,0.47,8.325,2494.277,0.284,3.251,0.259,33.869,1405.045,0.178,1.841,9,0.714,1.5
5107.701,0.169,1.668,0.299,0.493,8.815,2524.313,0.299,3.167,0.243,35.044,1493.222,0.166,1.881,8,0.709,1.45
4480.926,0.197,1.702,0.31,0.49,8.563,2571.147,0.323,1.89,0.294,32.049,1276.002,0.46,0.987,10,1.104,1.7
6260.675,0.156,1.15,0.351,0.428,8.574,2393.555,0.327,1.569,0.258,32.845,1261.871,0.552,1.253,9,0.98,1.65
6272.814,0.194,1.369,0.374,0.596,11.793,2554.089,0.36,3.207,0.284,35.229,1251.127,0.316,1.228,12,0.999,1.65
4631.315,0.141,1.987,0.382,0.466,8.698,2487.457,0.28,3.207,0.201,33.298,1248.061,0.201,1.334,10,0.915,1.7
5933.851,0.155,1.032,0.315,0.376,9.887,2347.445,0.249,1.164,0.233,31.799,1500.442,0.667,1.016,9,1.102,1.65
5222.339,0.112,1.207,0.363,0.531,9.278,2584.318,0.287,1.38,0.236,33.789,1400.875,0.606,0.576,10,1.491,2.1
5018.737,0.151,1.36,0.394,0.476,9.307,2344.872,0.308,2.194,0.244,31.939,1328.881,0.373,1.256,9,0.967,1.7
4995.802,0.173,1.753,0.298,0.488,11.821,2557.42,0.302,3.587,0.285,32.842,1245.955,0.182,1.547,9,0.814,1.65
5590.993,0.157,1.721,0.355,0.471,8.605,2606.906,0.287,2.94,0.25,35.444,1266.451,0.16,1.699,7,0.775,1.55
4530.873,0.147,1.319,0.251,0.436,11.676,2559.851,0.27,3.741,0.246,31.87,1403.667,0.341,1.12,10,1.028,1.7
5825.335,0.149,1.008,0.208,0.555,10.004,2480.855,0.279,2.363,0.256,32.032,1438.158,0.496,1.378,7,0.92,1.6
4337.86,0.106,1.37,0.325,0.532,10.151,2396.805,0.364,2.576,0.245,33.068,1264.53,0.315,1.398,9,0.911,1.65
5083.481,0.146,2.028,0.358,0.412,9.955,2574.386,0.298,3.418,0.263,32.54,1470.913,0.176,2.053,6,0.606,1.45
4931.331,0.154,2.231,0.275,0.506,8.812,2632.038,0.4,3.764,0.245,32.73,1221.863,0.333,1.263,9,0.946,1.65
4946.601,0.146,1.032,0.351,0.395,9.572,2447.08,0.32,1.099,0.268,34.041,1339.174,0.686,0.828,9,1.194,1.75
5500.548,0.157,1.054,0.395,0.503,10.194,2561.655,0.442,1.326,0.264,33.828,1288.341,0.621,-1.624,10,0,0
4594.81,0.191,1.074,0.301,0.491,8.62,2448.808,0.397,1.227,0.222,34.104,1236.628,0.649,-1.675,11,0,0
5783.849,0.149,1.841,0.312,0.497,10.536,2547.695,0.327,3.213,0.226,32.859,1359.571,0.109,2.093,9,0.599,1.4
5936.218,0.166,1.259,0.207,0.383,11.083,2651.552,0.253,2.529,0.236,33.311,1233.877,0.409,0.851,12,1.198,1.85
5531.019,0.179,1.119,0.293,0.569,8.698,2509.648,0.385,1.51,0.232,33.728,1363.469,0.569,0.315,12,1.699,2.1
4974.318,0.145,1.142,0.235,0.505,11.318,2658.406,0.416,2.33,0.226,31.876,1248.191,0.429,0.989,10,1.125,1.8
6471.738,0.156,1.966,0.371,0.481,9.371,2201.799,0.323,3.248,0.272,32.4,1624.752,0.116,2.445,8,0.505,1.3
4568.789,0.133,1.296,0.338,0.568,8.129,2469.734,0.433,1.604,0.203,32.21,1319.243,0.542,0.955,11,1.149,1.75
4423.102,0.15,1.6,0.319,0.569,9.821,2430.904,0.289,1.026,0.252,34.737,1224.192,0.707,0.872,9,1.214,1.85
5719.447,0.176,1.241,0.209,0.482,11.62,2556.929,0.412,2.153,0.243,33.397,1507.667,0.403,1.254,9,0.978,1.65
4803.402,0.152,1.807,0.363,0.489,9.699,2594.654,0.444,3.367,0.242,36.976,1224.267,0.48,1.167,9,1.012,1.7
4772.761,0.168,1.761,0.362,0.486,11.793,2509.976,0.312,3.733,0.206,35.273,1202.251,0.198,1.283,9,0.952,1.75
4811.734,0.129,1.548,0.292,0.436,8.406,2418.703,0.241,2.837,0.203,31.936,1242.343,0.226,1.189,12,0.999,1.75
5490.041,0.147,2.027,0.36,0.543,8.69,2203.368,0.281,3.476,0.232,34.327,1290.117,0.14,2.149,7,0.604,1.4
5152.05,0.174,1.719,0.333,0.405,9.854,2630.247,0.318,2.764,0.201,33.52,1217.398,0.21,1.201,10,0.993,1.75
5807.592,0.165,1.305,0.398,0.494,11.374,2563.194,0.28,3.528,0.248,34.654,1326.277,0.348,1.393,7,0.912,1.6
5718.216,0.157,1.653,0.344,0.448,9.887,2626.128,0.251,3.86,0.249,36.853,1301.309,0.173,1.556,8,0.855,1.55
4473.063,0.113,1.066,0.229,0.548,8.23,2576.709,0.361,1.44,0.215,32.532,1267.222,0.589,-1.999,12,0,0
4516.004,0.151,1.594,0.323,0.555,11.729,2159.406,0.452,1.007,0.294,35.513,1203.517,0.712,0.512,10,1.585,2.1
5102.279,0.187,1.456,0.249,0.405,11.199,2429.989,0.4,2.932,0.23,36.809,1227.041,0.333,0.957,12,1.135,1.8
5664.22,0.114,1.119,0.244,0.505,8.278,2537.035,0.234,1.578,0.225,32.172,1281.03,0.549,0.522,11,1.529,2.1
5336.779,0.139,2.173,0.318,0.498,8.742,2401.101,0.321,3.23,0.269,33.284,1468.618,0.126,1.978,9,0.64,1.5
4551.264,0.134,1.332,0.347,0.423,8.246,2499.029,0.331,2.301,0.258,31.856,1227.005,0.343,1.148,11,1.013,1.75
6403.036,0.144,1.938,0.367,0.523,10.062,2669.779,0.31,3.61,0.231,32.954,1287.493,0.142,1.901,6,0.661,1.45
4684.177,0.149,1.487,0.389,0.513,10.489,2061.09,0.215,1.099,0.223,34.409,1324.184,0.686,0.774,10,1.241,1.8
4709.652,0.145,1.335,0.318,0.574,10.211,2558.072,0.237,1.011,0.239,33.063,1362.745,0.711,0.281,11,1.75,2.15
5370.738,0.145,1.406,0.372,0.512,11.237,2487.628,0.25,1.069,0.294,33.552,1311.224,0.695,0.763,10,1.275,1.9
5749.445,0.149,1.3,0.393,0.431,11.32,2475.953,0.342,3.676,0.262,32.567,1240.427,0.35,1.068,11,1.062,1.75
5000.953,0.181,2.661,0.349,0.545,11.924,2397.429,0.444,1.512,0.257,31.972,1330.367,0.568,1.113,9,1.029,1.7
5537.074,0.157,1.153,0.344,0.543,8.144,2680.202,0.467,1.276,0.235,33.311,1469.078,0.635,0.952,10,1.136,1.65
4448.005,0.116,1.118,0.382,0.582,8.614,2169.324,0.397,1.387,0.267,33.977,1271.482,0.604,0.761,12,1.277,1.9
4563.022,0.186,1.654,0.24,0.491,11.303,2583.931,0.387,3.062,0.233,36.277,1271.287,0.314,1.215,11,0.993,1.75
4699.883,0.121,2.226,0.316,0.469,11.844,2595.939,0.299,3.411,0.24,33.657,1295.774,0.193,1.516,10,0.823,1.65
6984.624,0.174,1.491,0.295,0.551,11.445,2572.694,0.221,3.667,0.219,33.188,1218.566,0.263,1.413,12,0.892,1.65
4558.079,0.153,1.467,0.319,0.32,9.362,2649.587,0.272,2.043,0.272,32.126,1304.158,0.416,1.027,11,1.085,1.75
4860.895,0.112,2.911,0.225,0.553,10.531,2656.224,0.461,1.462,0.298,32.175,1252.169,0.582,0.929,12,1.146,1.8
4999.177,0.157,1.553,0.337,0.506,11.369,2411.224,0.297,3.156,0.245,35.454,1294.865,0.224,1.58,5,0.825,1.6
4490.363,0.134,1.457,0.39,0.448,10.823,2677.715,0.321,1.055,0.296,35.892,1241.879,0.699,-2.838,11,0,0
4876.801,0.127,2.028,0.359,0.462,9.071,2501.958,0.263,3.313,0.247,31.91,1284.44,0.159,1.541,9,0.806,1.6
4844.645,0.152,2.055,0.339,0.494,11.558,2696.813,0.272,3.182,0.245,35.263,1429.944,0.165,1.719,7,0.742,1.6
5786.95,0.113,1.376,0.364,0.508,10.61,2590.554,0.279,1.361,0.223,31.995,1206.834,0.611,1.324,8,0.939,1.7
6686.943,0.118,1.469,0.336,0.515,11.419,2619.018,0.302,2.585,0.272,33.82,1242.038,0.265,1.253,9,0.983,1.7
4282.507,0.118,2.13,0.342,0.381,10.809,2257.159,0.364,3.289,0.234,32.642,1225.703,0.262,1.503,11,0.812,1.7
4978.227,0.145,2.028,0.383,0.582,8.351,2677.065,0.309,1.313,0.278,32.741,1265.257,0.625,0.769,9,1.259,1.8
5306.594,0.135,1.243,0.353,0.49,10.1,2475.587,0.321,1.29,0.278,33.378,1234.839,0.631,0.484,8,1.53,2.05
5201.024,0.133,1.016,0.246,0.403,10.982,2540.331,0.436,1.349,0.292,32.181,1310.243,0.615,0.661,12,1.324,1.9
6873.919,0.157,1.094,0.212,0.544,11.778,2420.328,0.302,1.604,0.289,32.644,1331.022,0.542,0.987,10,1.142,1.75
5722.269,0.139,1.883,0.323,0.535,9.588,2658.655,0.263,3.149,0.286,36.179,1562.238,0.144,2.057,12,0.64,1.4
4501.538,0.167,1.645,0.322,0.427,10.381,2610.509,0.335,3.809,0.218,31.71,1210.615,0.224,1.501,12,0.827,1.7
6077.956,0.181,1.261,0.345,0.487,9.065,2604.012,0.346,2.801,0.24,32.782,1319.389,0.37,1.18,10,1.009,1.7
5357.746,0.2,1.259,0.254,0.44,10.816,2465.719,0.274,3.611,0.26,32.934,1263.011,0.371,1.059,11,1.084,1.8
4503.792,0.133,2.689,0.366,0.552,8.444,2602.927,0.396,1.225,0.252,32.049,1209.12,0.65,0.333,11,1.659,2.1
5169.784,0.139,1.625,0.338,0.468,11.785,2418.835,0.317,3.889,0.246,35.767,1205.279,0.196,1.707,9,0.787,1.5
5696.516,0.155,1.477,0.226,0.41,10.868,2693.2,0.345,3.609,0.21,32.833,1217.721,0.354,1.07,10,1.069,1.85
5667.423,0.153,2.269,0.378,0.464,10.518,2459.099,0.304,3.781,0.26,34.138,1262.104,0.159,1.968,10,0.644,1.5
5404.829,0.146,1.289,0.353,0.561,11.861,2429.768,0.454,1.303,0.247,32.5,1221.027,0.628,0.855,9,1.225,1.8
4472.05,0.155,1.629,0.337,0.35,11.797,2695.427,0.297,2.377,0.273,32.481,1234.854,0.321,1.083,9,1.049,1.8
5329.291,0.184,2.007,0.337,0.497,10.081,2648.968,0.321,3.049,0.284,36.681,1239.917,0.227,1.841,7,0.7,1.5
4563.599,0.146,1.307,0.354,0.445,11.892,2533.821,0.288,1.638,0.248,31.844,1402.069,0.532,1.265,8,0.96,1.7
5701.595,0.171,1.012,0.397,0.495,10.158,2460.945,0.4,1.604,0.236,32.922,1200.165,0.542,0.328,10,1.763,2.25
4614.595,0.151,1.265,0.35,0.534,11.888,2391.699,0.284,3.801,0.252,32.512,1372.937,0.368,1.643,7,0.788,1.6
6292.609,0.148,2.364,0.341,0.501,9.972,2548.603,0.326,3.758,0.222,32.82,1329.309,0.182,2.015,8,0.624,1.4
6691.783,0.142,2.276,0.381,0.53,11.359,2189.391,0.256,3.261,0.241,35.134,1311.98,0.154,2.273,12,0.549,1.4
4589.593,0.185,1.288,0.351,0.485,11.678,2318.702,0.292,1.015,0.228,35.069,1437.09,0.71,0.575,9,1.498,2.05
4443.48,0.106,1.709,0.346,0.476,8.575,2597.323,0.265,3.195,0.261,33.776,1404.322,0.293,1.239,11,0.974,1.7
6094.526,0.154,2.029,0.344,0.579,8.994,2648.012,0.266,3.66,0.29,32.38,1381.456,0.16,1.877,9,0.675,1.45
6643.402,0.175,1.127,0.229,0.428,9.163,2412.475,0.419,1.193,0.21,32.43,1221.899,0.659,0.188,11,1.945,2.4
5487.837,0.176,1.542,0.355,0.392,8.456,2565.808,0.252,3.062,0.266,33.087,1227.656,0.229,1.38,11,0.895,1.7
6433.152,0.174,2.048,0.307,0.496,11.725,2625.766,0.331,2.904,0.216,34.386,1209.471,0.194,1.756,10,0.725,1.55
6822.811,0.157,1.944,0.263,0.55,10.158,2688.269,0.28,3.523,0.247,32.237,1477.867,0.249,1.923,6,0.663,1.45
4488.45,0.156,1.874,0.205,0.49,8.681,2573.65,0.311,2.947,0.252,34.113,1229.624,0.414,1.292,8,0.955,1.7
6988.239,0.182,1.031,0.352,0.414,10.005,2662.702,0.32,1.259,0.246,32.132,1522.187,0.64,1.023,8,1.092,1.65
6646.952,0.153,1.89,0.263,0.47,11.848,2660.5,0.314,3.712,0.222,35.776,1213.399,0.249,1.624,10,0.811,1.6
6906.462,0.129,1.654,0.335,0.593,10.699,2679.041,0.36,3.172,0.261,34.69,1373.41,0.2,1.582,11,0.82,1.55
5535.351,0.145,1.015,0.262,0.378,10.562,2696.346,0.408,1.044,0.235,34.025,1254.042,0.702,-2.454,11,0,0
6273.252,0.155,2.219,0.306,0.468,10.849,2214.819,0.304,3.555,0.268,32.862,1567.562,0.126,2.317,9,0.532,1.4
6000.665,0.131,1.604,0.35,0.489,10.614,2385.245,0.305,2.83,0.259,34.734,1492.769,0.198,1.788,8,0.746,1.5
5790.15,0.158,1.407,0.336,0.492,10.821,2608.112,0.348,3.409,0.274,35.082,1329.642,0.296,1.466,8,0.879,1.6
5701.562,0.182,1.841,0.321,0.406,10.263,2689.028,0.342,3.135,0.239,36.882,1343.604,0.213,1.513,12,0.845,1.55
5977.462,0.174,1.687,0.295,0.553,9.513,2684.118,0.297,3.206,0.213,34.475,1623.622,0.16,1.866,11,0.705,1.45
5030.633,0.111,1.316,0.343,0.549,9.733,2372.008,0.24,2.634,0.29,32.097,1240.384,0.342,1.002,11,1.123,1.8
6280.291,0.188,1.541,0.26,0.43,8.871,2637.439,0.288,3.744,0.297,35.342,1497.246,0.257,1.479,9,0.868,1.55
4474.214,0.113,1.697,0.245,0.512,8.718,2374.76,0.317,3.87,0.263,32.887,1294.271,0.3,1.353,10,0.921,1.7
4326.08,0.157,1.501,0.288,0.476,9.562,2327.71,0.279,2.901,0.211,36.325,1351.86,0.254,1.402,10,0.916,1.65
4695.125,0.167,1.661,0.371,0.558,9.938,2297.388,0.306,3.492,0.209,32.377,1249.213,0.19,1.852,9,0.695,1.55
6810.472,0.167,1.579,0.275,0.448,10.136,2539.147,0.252,3.219,0.267,35.634,1364.217,0.214,1.646,10,0.802,1.6
6124.534,0.125,1.634,0.383,0.529,9.975,2556.547,0.299,3.219,0.272,35.734,1566.476,0.183,1.83,10,0.725,1.45
5792.34,0.147,2.065,0.338,0.462,10.897,2695.758,0.405,3.576,0.234,34.939,1244.75,0.35,1.776,7,0.726,1.55
5371.763,0.145,2.157,0.361,0.466,9.845,2348.312,0.375,2.79,0.221,32.338,1293.88,0.25,1.681,9,0.742,1.6
5269.805,0.13,1.103,0.241,0.591,11.671,2413.971,0.295,1.157,0.226,33.574,1219.282,0.669,-2.351,10,0,0
5326.418,0.15,1.814,0.382,0.485,11.332,2398.33,0.343,3.758,0.274,32.689,1241.689,0.172,1.716,9,0.734,1.6
4788.155,0.186,1.503,0.273,0.556,8.141,2219.193,0.331,2.605,0.3,32.348,1264.976,0.256,1.442,12,0.883,1.7
4783.293,0.136,1.768,0.302,0.517,11.806,2570.05,0.385,3.66,0.284,36.643,1214.364,0.283,0.917,11,1.15,1.8
4917.59,0.138,1.756,0.35,0.522,11.189,2591.171,0.36,3.785,0.258,36.493,1449.847,0.2,1.679,10,0.778,1.6
5348.982,0.198,1.303,0.315,0.483,11.615,2549.157,0.311,2.478,0.244,32.415,1408.304,0.349,1.279,9,0.959,1.7
6809.607,0.172,1.837,0.365,0.498,11.443,2470.489,0.29,3.406,0.285,32.092,1443.438,0.174,1.863,8,0.681,1.45
4365.089,0.117,2.511,0.26,0.403,9.618,2690.646,0.278,3.384,0.254,32.538,1275.868,0.257,1.381,10,0.885,1.65
4943.004,0.126,2.279,0.337,0.473,8.56,2235.598,0.267,3.455,0.256,31.951,1519.977,0.16,2.229,9,0.538,1.45
4860.088,0.157,1.087,0.216,0.502,11.802,2641.218,0.408,1.604,0.21,32.645,1225.161,0.542,-1.762,10,0,0
6524.708,0.14,1.267,0.354,0.452,10.531,2653.754,0.295,2.456,0.211,35.984,1313.417,0.367,0.97,10,1.128,1.75
5018.357,0.145,1.624,0.292,0.526,11.851,2335.88,0.267,3.305,0.21,32.309,1351.627,0.188,1.509,11,0.842,1.65
5876.399,0.131,1.731,0.382,0.529,10.361,2550.88,0.324,3.621,0.217,34.224,1557.421,0.134,1.923,12,0.674,1.45
5217.252,0.105,2.028,0.314,0.519,8.863,2699.688,0.288,3.826,0.225,31.816,1331.703,0.3,1.384,9,0.892,1.65
4700.942,0.149,1.741,0.357,0.483,9.388,2392.264,0.436,1.864,0.29,34.382,1331.317,0.467,1.794,8,0.721,1.55
5184.175,0.103,1.017,0.214,0.503,9.85,2404.497,0.284,1.347,0.265,35.876,1275.085,0.615,1.332,8,0.949,1.5
5296.462,0.144,2.027,0.364,0.553,8.205,2414.651,0.285,3.644,0.249,31.728,1368.146,0.179,2.08,6,0.587,1.4
5018.282,0.17,1.335,0.362,0.507,10.126,2368.23,0.409,3.471,0.294,31.827,1482.712,0.363,1.835,8,0.708,1.5
6341.646,0.144,2.104,0.342,0.528,8.373,2308.941,0.296,3.321,0.27,36.7,1439.238,0.163,2.097,9,0.638,1.4
5856.507,0.167,1.666,0.317,0.421,8.733,2677.696,0.286,3.788,0.271,32.724,1390.697,0.167,1.647,11,0.785,1.55
6862.325,0.156,1.076,0.356,0.462,10.063,2124.637,0.453,1.022,0.274,32.811,1591.198,0.708,0.97,9,1.131,1.65
6737.16,0.192,1.419,0.251,0.482,9.791,2617.052,0.251,3.439,0.271,34.616,1203.969,0.29,1.289,10,0.962,1.65
6607.224,0.14,2.104,0.322,0.496,10.616,2464.609,0.305,3.275,0.222,36.995,1447.017,0.139,2.052,10,0.636,1.45
6086.553,0.133,2.318,0.355,0.489,10.044,2490.886,0.312,2.93,0.272,36.74,1250.278,0.166,2.275,8,0.547,1.4
5509.241,0.145,1.669,0.339,0.42,9.969,2269.021,0.328,3.452,0.246,33.083,1505.96,0.165,2.464,6,0.51,1.3
5784.882,0.144,1.25,0.309,0.332,11.488,2694.807,0.27,1.077,0.246,32.118,1630.208,0.692,0.98,9,1.108,1.7
5196.212,0.122,1.595,0.351,0.477,11.824,2695.629,0.249,2.766,0.249,33.713,1307.912,0.21,1.504,9,0.847,1.65
5460.056,0.154,2.163,0.336,0.544,9.739,2631.661,0.339,2.976,0.267,32.39,1389.771,0.15,2.009,10,0.631,1.35
5413.643,0.191,1.501,0.231,0.45,9.602,2657.508,0.351,2.001,0.21,32.467,1319.718,0.428,0.828,12,1.197,1.85
6563.964,0.133,1.78,0.305,0.478,9.821,2553.793,0.251,3.188,0.285,34.837,1499.172,0.163,1.959,10,0.672,1.45
4710.741,0.159,1.788,0.354,0.493,10.09,2593.615,0.459,3.419,0.249,32.502,1296.173,0.53,1.438,7,0.865,1.65
5030.265,0.146,1.13,0.308,0.483,10.062,2387.64,0.379,1.292,0.229,36.201,1208.345,0.631,1.016,9,1.081,1.6
5853.062,0.114,1.328,0.293,0.487,8.115,2500.813,0.29,3.17,0.284,34.684,1206.494,0.336,1.185,10,1.027,1.7
5221.879,0.175,1.365,0.349,0.378,10.015,2639.614,0.285,1.919,0.24,33.23,1358.928,0.452,1.222,9,0.985,1.7
4405.741,0.103,2.146,0.32,0.471,8.567,2680.803,0.307,3.498,0.241,35.292,1230.034,0.313,1.313,9,0.932,1.65
4216.841,0.178,2.352,0.306,0.586,8.077,2519.784,0.308,1.806,0.264,31.754,1200.892,0.484,0.93,11,1.141,1.75
5101.892,0.174,1.027,0.363,0.499,8.924,2615.185,0.219,1.73,0.246,32.156,1603.629,0.506,0.846,9,1.172,1.7
5294.978,0.14,1.01,0.28,0.528,10.584,2295.37,0.441,1.406,0.274,32.488,1286.474,0.598,0.651,12,1.407,2.05
5434.326,0.163,1.753,0.303,0.549,10.782,2487.616,0.293,3.645,0.22,34.421,1310.873,0.134,1.899,11,0.686,1.5
5235.34,0.195,1.572,0.314,0.415,10.653,2634.042,0.238,1.452,0.293,31.73,1205.843,0.585,0.676,12,1.278,1.9
5410.783,0.149,2.055,0.209,0.382,10.167,2413.364,0.249,2.366,0.25,32.194,1374.115,0.403,1.7,8,0.745,1.6
6487.885,0.124,1.339,0.243,0.452,10.115,2640.249,0.331,3.515,0.207,34.386,1268.357,0.331,1.121,10,1.055,1.7
4717.357,0.127,2.85,0.272,0.548,9.74,2636.243,0.299,1.899,0.277,31.74,1267.437,0.457,1.115,11,1.023,1.75
6592.047,0.184,1.432,0.346,0.482,10.106,2410.173,0.234,2.136,0.212,32.003,1250.036,0.39,1.709,8,0.751,1.55
5080.134,0.159,1.123,0.294,0.43,8.797,2687.48,0.371,1.474,0.215,33.269,1455.604,0.579,0.767,12,1.239,1.8
5291.9,0.126,1.696,0.381,0.467,9.742,2303.66,0.313,3.794,0.205,32.987,1344.686,0.18,1.5,11,0.852,1.7
6320.93,0.174,1.402,0.343,0.403,10.012,2408.853,0.301,2.363,0.252,32.671,1537.35,0.325,1.798,7,0.732,1.5
5148.194,0.152,1.722,0.281,0.529,11.282,2562.668,0.355,3.094,0.236,36.201,1295.515,0.197,1.479,11,0.867,1.7
5224.632,0.147,1.786,0.386,0.422,9.238,2613.461,0.282,3.666,0.216,31.772,1531.338,0.156,1.586,10,0.793,1.55
5808.231,0.109,1.442,0.243,0.499,10.371,2556.741,0.398,1.766,0.245,33.107,1496.824,0.495,1.524,8,0.851,1.6
5509.944,0.148,2.015,0.362,0.433,9.909,2666.619,0.235,3.492,0.283,32.823,1328.61,0.217,1.824,7,0.695,1.5
5699.681,0.152,1.615,0.293,0.473,11.431,2526.018,0.29,2.225,0.248,35.363,1552.746,0.364,1.736,8,0.769,1.55
5336.845,0.113,1.592,0.348,0.479,10.911,2416.015,0.319,3.852,0.25,35.665,1439.315,0.247,1.94,6,0.693,1.5
6282.413,0.153,1.087,0.333,0.426,9.802,2467.374,0.46,2.37,0.222,31.724,1208.432,0.533,0.782,11,1.23,1.85
4929.481,0.171,2.039,0.364,0.461,11.212,2645.201,0.321,2.624,0.277,32.115,1235.079,0.25,1.21,9,0.985,1.7
5066.914,0.126,1.76,0.398,0.367,10.244,2576.782,0.301,1.836,0.257,35.504,1508.101,0.475,1.659,8,0.782,1.6
5011.562,0.178,1.005,0.261,0.522,8.144,2149.232,0.43,1.007,0.271,32.972,1519.958,0.712,-1.068,11,0,0
6163.804,0.172,1.992,0.378,0.468,10.151,2421.257,0.345,3.149,0.226,35.629,1320.124,0.15,1.881,9,0.682,1.55
5108.137,0.148,1.52,0.218,0.484,11.183,2424.117,0.319,2.28,0.249,33.835,1492.11,0.377,1.72,7,0.762,1.55
4570.671,0.176,1.246,0.354,0.317,8.577,2664.342,0.314,1.202,0.243,32.171,1261.73,0.657,0.413,9,1.52,2
4991.868,0.18,1.734,0.345,0.46,10.286,2448.795,0.255,3.561,0.295,35.525,1217.153,0.2,1.629,9,0.792,1.65
4593.937,0.163,1.755,0.38,0.426,9.395,2455.262,0.356,3.469,0.225,32.456,1221.459,0.208,1.15,11,1.007,1.75
4939.512,0.102,1.278,0.323,0.466,11.147,2660.145,0.492,1.04,0.285,36.015,1208.59,0.703,-2.309,12,0,0
5340.789,0.108,1.297,0.354,0.576,11.947,2430.339,0.27,1.24,0.246,34.932,1287.391,0.646,0.678,10,1.401,2.05
5900.179,0.152,1.893,0.347,0.512,9.093,2619.439,0.308,3.034,0.278,35.14,1406.953,0.133,1.921,8,0.688,1.45
6591.565,0.179,1.548,0.378,0.396,9.696,2621.382,0.41,3.666,0.237,36.975,1243.024,0.367,1.059,12,1.056,1.7
5829.835,0.108,1.033,0.298,0.399,8.539,2279.72,0.33,1.215,0.24,32.769,1371.422,0.653,0.421,12,1.382,1.85
5534.802,0.158,1.599,0.382,0.419,9.38,2558.034,0.355,3.254,0.294,32.15,1207.422,0.201,1.374,12,0.896,1.75
5592.891,0.186,2.044,0.356,0.498,11.419,2688.399,0.443,1.915,0.243,35.417,1355.322,0.477,1.688,7,0.756,1.55
5298.265,0.157,1.557,0.382,0.506,9.96,2407.376,0.234,3.015,0.278,34.549,1390.395,0.222,1.743,8,0.745,1.6
5231.75,0.12,1.162,0.245,0.524,9.916,2546.523,0.295,1.366,0.208,34.181,1520.754,0.61,0.789,10,1.224,1.7
5166.403,0.128,1.54,0.384,0.535,9.76,2525.539,0.305,2.703,0.203,35.064,1209.087,0.23,1.517,11,0.853,1.65
6205.035,0.143,1.509,0.294,0.495,8.123,2602.558,0.3,3.034,0.215,33.209,1376.21,0.246,1.475,9,0.855,1.65
6894.296,0.112,1.008,0.213,0.489,11.361,2570.446,0.319,3.099,0.293,31.74,1259.207,0.496,0.815,10,1.234,1.8
4943.86,0.194,1.742,0.37,0.358,9.637,2489.889,0.35,2.546,0.292,36.993,1255.198,0.293,1.13,12,1.025,1.75
5188.102,0.138,2.042,0.364,0.426,11.568,2676.31,0.277,3.37,0.263,32.131,1500.706,0.157,1.869,8,0.677,1.45
5499.403,0.196,1.303,0.209,0.483,9.903,2649.993,0.251,1.065,0.236,31.91,1451.748,0.696,0.204,10,1.868,2.25
6610.591,0.147,1.99,0.345,0.589,11.02,2067.127,0.285,3.56,0.254,34.435,1449.467,0.178,2.259,6,0.582,1.4
4483.24,0.117,1.292,0.314,0.517,9.095,2500.494,0.232,1.262,0.287,34.483,1281.12,0.639,0.44,11,1.65,2.2
4688.76,0.149,2.269,0.349,0.471,8.169,2396.537,0.315,3.415,0.205,33.102,1315.462,0.192,1.583,7,0.791,1.6
4969.311,0.152,1.93,0.272,0.398,8.013,2643.695,0.28,3.775,0.243,33.66,1287.762,0.223,1.556,8,0.812,1.65
4722.147,0.154,1.874,0.3,0.493,11.751,2479.909,0.293,3.398,0.27,35.346,1509.505,0.186,2.074,7,0.627,1.45
6265.098,0.177,1.394,0.313,0.492,11.842,2558.346,0.296,2.396,0.253,36.307,1255.961,0.315,1.014,9,1.1,1.75
5644.868,0.144,2.269,0.244,0.497,10.408,2644.51,0.319,3.546,0.248,35.626,1297.836,0.303,2.014,6,0.642,1.45
5751.323,0.136,1.079,0.247,0.47,11.14,2143.108,0.399,1.189,0.243,33.892,1504.267,0.66,0.729,10,1.251,1.75
6026.356,0.19,1.466,0.271,0.403,11.201,2651.004,0.341,2.803,0.207,35.755,1357.119,0.267,1.152,12,1.015,1.7
6665.396,0.138,2.093,0.343,0.382,8.282,2583.594,0.311,2.722,0.201,35.951,1362.909,0.236,1.543,10,0.827,1.6
4706.1,0.139,1.88,0.284,0.461,10.007,2148.742,0.355,3.548,0.283,34.073,1258.757,0.189,1.731,10,0.755,1.65
5385.378,0.151,1.432,0.335,0.395,8.166,2675.187,0.31,1.802,0.254,31.905,1272.717,0.485,0.878,8,1.172,1.8
4580.392,0.155,1.49,0.37,0.302,8.385,2507.842,0.284,1.049,0.262,35.558,1379.244,0.7,0.608,9,1.335,1.8
4990.817,0.144,1.447,0.354,0.486,11.565,2382.419,0.262,3.642,0.216,33.939,1379.685,0.276,1.328,9,0.933,1.65
5259.61,0.177,1.121,0.207,0.337,8.965,2601.01,0.426,1.231,0.289,31.802,1209.087,0.648,-1.912,12,0,0
4416.517,0.158,1.244,0.37,0.599,9.423,2496.629,0.228,1.357,0.209,32.774,1234.308,0.612,0.406,12,1.62,2.1
5215.265,0.131,2.167,0.369,0.521,11.614,2596.149,0.255,2.909,0.269,32.733,1295.797,0.169,1.566,11,0.798,1.6
6316.076,0.165,1.768,0.303,0.551,10.931,2157.419,0.259,3.654,0.248,35.398,1351.296,0.137,2.287,10,0.58,1.4
6829.944,0.155,1.739,0.363,0.568,8.929,2515.54,0.298,3.007,0.227,36.424,1268.249,0.178,1.758,9,0.753,1.5
4475.317,0.137,1.254,0.399,0.449,9.97,2684.06,0.457,1.172,0.299,32.172,1355.096,0.665,-1.364,11,0,0
6155.794,0.163,1.079,0.394,0.404,9.421,2581.146,0.405,1.822,0.281,32.92,1221.983,0.479,0.697,12,1.282,1.9
4731.612,0.139,1.951,0.268,0.573,11.949,2604.064,0.276,3.141,0.222,35.111,1308.742,0.234,1.351,11,0.922,1.7
6703.687,0.141,1.683,0.345,0.375,10.579,2604.108,0.283,3.645,0.217,36.452,1209.086,0.25,1.43,10,0.896,1.65
4897.23,0.133,1.954,0.297,0.527,8.418,2214.892,0.329,2.828,0.265,32.779,1209.257,0.194,1.527,11,0.83,1.7
4218.132,0.162,1.026,0.346,0.348,9.229,2625.336,0.478,1.06,0.244,34.978,1246.785,0.697,-3.191,10,0,0
6421.185,0.148,1.916,0.377,0.482,11.481,2459.455,0.261,3.355,0.22,35.048,1477.46,0.148,2.144,10,0.597,1.4
6264.62,0.108,1.122,0.338,0.52,11.46,2222.789,0.366,2.785,0.225,32.814,1239.055,0.439,1.01,10,1.121,1.75
4315.944,0.139,2.042,0.337,0.53,8.517,2515.353,0.278,2.475,0.21,36.79,1201.411,0.293,1.221,9,0.981,1.7
5994.917,0.132,1.033,0.328,0.512,9.951,2180.297,0.296,2.976,0.245,32.103,1428.934,0.484,1.483,8,0.889,1.55
4840.379,0.155,1.517,0.384,0.379,8.967,2639.776,0.445,3.398,0.269,32.357,1283.647,0.483,0.989,10,1.1,1.8
5926.504,0.155,1.155,0.374,0.488,10.716,2401.402,0.398,2.145,0.276,32.928,1298.325,0.422,1.25,9,0.988,1.7
5308.357,0.2,1.198,0.331,0.472,10.684,2488.049,0.387,2.836,0.222,32.666,1307.618,0.401,0.81,12,1.211,1.8
5474.583,0.166,2.056,0.317,0.493,11.177,2581.016,0.312,3.818,0.283,36.748,1322.839,0.132,1.882,9,0.69,1.5
4499.018,0.165,1.627,0.31,0.52,10.953,2139.658,0.28,3.394,0.246,32.157,1205.06,0.224,1.716,8,0.739,1.65
5578.621,0.151,2.349,0.364,0.406,11.647,2408.379,0.32,3.389,0.272,32.36,1218.587,0.188,2.036,7,0.581,1.5
6337.349,0.15,1.14,0.384,0.497,9.846,2493.28,0.467,3.48,0.276,33.556,1615.616,0.557,1.303,8,0.953,1.65
6347.264,0.145,1.981,0.358,0.429,10.021,2276.408,0.342,3.558,0.207,32.923,1560.936,0.172,2.12,7,0.608,1.45
4520.412,0.156,1.461,0.27,0.565,11.117,2457.43,0.23,3.282,0.208,33.162,1360.829,0.269,1.129,11,1.035,1.75
4474.84,0.161,1.421,0.397,0.363,10.961,2628.356,0.277,1.008,0.225,34.535,1204.085,0.712,-1.761,11,0,0
4280.153,0.192,1.734,0.358,0.486,10.801,2394.417,0.244,2.952,0.247,34.777,1507.358,0.28,1.743,7,0.736,1.55
5716.731,0.155,1.137,0.247,0.58,10.046,2668.028,0.457,1.423,0.242,31.88,1420.849,0.593,0.44,10,1.626,2.15
6225.166,0.17,1.859,0.365,0.58,11.948,2576.989,0.308,2.97,0.227,36.841,1572.226,0.195,1.81,10,0.726,1.5
4719.984,0.168,1.342,0.278,0.518,9.349,2594.85,0.222,3.055,0.274,31.938,1308.191,0.329,1.063,11,1.073,1.75
4767.932,0.193,1.112,0.246,0.347,9.653,2488.796,0.217,1.215,0.252,34.188,1237.624,0.653,0.317,11,1.819,2.3
5045.35,0.124,1.753,0.383,0.44,11.005,2495.283,0.269,3.407,0.242,32.113,1399.839,0.173,1.432,11,0.871,1.65
4459.792,0.137,1.783,0.265,0.516,10.845,2502.699,0.404,3.694,0.241,35.701,1251.4,0.347,1.346,10,0.93,1.7
5803.523,0.108,1.502,0.267,0.472,10.472,2635.989,0.278,3.427,0.203,34.556,1323.081,0.28,1.64,9,0.808,1.55
6700.64,0.152,1.989,0.382,0.516,9.56,2429.84,0.291,2.929,0.229,32.39,1369.975,0.163,1.991,8,0.635,1.45
5731.916,0.152,1.234,0.231,0.557,9.519,2371.859,0.29,2.165,0.292,34.726,1345.723,0.383,1.155,10,1.048,1.7
6430.187,0.119,1.037,0.344,0.32,9.234,2047.326,0.47,1.007,0.255,35.352,1514.828,0.712,0.407,9,1.349,1.75
4903.365,0.102,1.445,0.218,0.484,8.172,2402.11,0.456,1.11,0.225,35.307,1259.659,0.683,0.805,9,1.255,1.85
6159.58,0.124,1.542,0.347,0.489,9.925,2690.943,0.294,2.549,0.223,33.178,1429.709,0.272,1.707,8,0.76,1.5
4598.773,0.199,1.758,0.394,0.483,9.961,2468.03,0.311,3.183,0.213,35.352,1242.727,0.327,1.488,8,0.85,1.65
4762.378,0.172,1.946,0.394,0.484,9.058,2354.656,0.265,3.862,0.227,35.39,1357.766,0.179,1.863,9,0.698,1.55
5958.223,0.148,1.898,0.311,0.511,11.86,2433.586,0.229,3.648,0.242,34.517,1292.582,0.237,1.601,10,0.809,1.6
6991.342,0.173,1.512,0.26,0.407,8.071,2610.559,0.299,2.625,0.251,31.749,1255.941,0.257,1.539,10,0.822,1.6
5314.029,0.169,2.015,0.366,0.422,8.9,2353.127,0.28,3.112,0.272,33.163,1327.382,0.156,1.825,10,0.693,1.55
4378.938,0.111,1.091,0.335,0.473,10.066,2114.587,0.304,1.173,0.214,35.377,1365.996,0.665,1.014,8,1.115,1.7
4289.497,0.139,1.972,0.287,0.527,9.268,2621.365,0.372,3.792,0.223,32.601,1430.678,0.26,1.423,11,0.875,1.6
5767.374,0.121,1.04,0.387,0.322,9.678,2655.136,0.471,1.056,0.246,33.118,1254.541,0.698,0.303,11,1.723,2.1
4669.901,0.197,1.562,0.261,0.48,10.101,2302.692,0.289,2.504,0.232,36.103,1211.022,0.313,1.438,9,0.895,1.7
5993.323,0.18,1.64,0.344,0.515,9.147,2338.999,0.335,3.844,0.239,35.22,1279.669,0.2,1.809,10,0.745,1.55
5824.745,0.17,1.075,0.318,0.313,9.856,2413.529,0.308,2.219,0.249,35.529,1456.944,0.463,3.011,6,0.459,1.05
4467.568,0.153,1.108,0.211,0.506,11.083,2089.995,0.311,1.353,0.208,32.877,1292.778,0.613,1.188,9,1.022,1.65
5923.241,0.149,2.038,0.311,0.452,10.15,2366.3,0.255,3.506,0.231,32.215,1207.514,0.195,1.936,8,0.654,1.5
6116.213,0.15,2.003,0.384,0.558,11.125,2179.877,0.309,3.693,0.264,36.521,1502.734,0.116,2.224,8,0.602,1.4
4205.174,0.181,1.41,0.309,0.446,11.565,2675.235,0.294,3.609,0.288,32.17,1379.404,0.295,1.363,10,0.906,1.65
5020.8,0.11,1.701,0.34,0.564,9.822,2632.042,0.306,1.506,0.251,32.364,1415.706,0.57,1.23,9,0.979,1.7
4855.995,0.185,1.969,0.313,0.49,9.733,2396.021,0.392,3.435,0.206,33.15,1279.095,0.307,1.539,8,0.816,1.65
4567.449,0.132,2.025,0.341,0.506,9.068,2696.808,0.335,3.248,0.262,36.172,1388.997,0.213,1.681,9,0.764,1.55
4576.601,0.149,1.461,0.284,0.58,11.538,2363.553,0.316,3.742,0.281,32.298,1258.693,0.269,1.49,10,0.85,1.7
4455.826,0.144,1.669,0.337,0.515,8.08,2653.732,0.443,3.819,0.281,31.894,1246.013,0.477,1.206,9,0.987,1.7
6622.712,0.198,1.017,0.208,0.478,11.801,2498.192,0.291,1.396,0.254,32.538,1254.04,0.601,0.802,9,1.241,1.8
4605.114,0.137,1.357,0.386,0.337,10.276,2589.443,0.333,1.762,0.297,32.811,1246.657,0.497,0.624,12,1.32,1.9
6633.709,0.153,1.548,0.369,0.448,11.247,2412.599,0.232,3.484,0.254,34.896,1264.501,0.227,1.625,8,0.813,1.6
4300.926,0.189,2.069,0.281,0.561,9.916,2599.548,0.331,1.765,0.277,31.759,1217.093,0.496,0.889,10,1.172,1.75
4544.546,0.154,1.73,0.237,0.484,9.866,2452.697,0.295,1.643,0.221,31.866,1269.941,0.531,1.555,8,0.812,1.6
4931.965,0.135,1.452,0.334,0.444,10.156,2676.04,0.305,2.631,0.268,32.883,1201.073,0.274,0.925,10,1.162,1.8
5135.409,0.128,1.61,0.358,0.444,9.923,2677.149,0.467,1.868,0.251,34.562,1310.818,0.557,1.097,9,1.055,1.8
6252.314,0.183,1.59,0.293,0.417,11.137,2545.886,0.289,3.152,0.289,36.309,1356.665,0.22,1.311,11,0.946,1.65
5148.314,0.183,1.375,0.35,0.504,8.48,2175.364,0.277,3.644,0.269,36.174,1236.847,0.312,1.473,9,0.899,1.55
6199.834,0.144,1.654,0.372,0.57,10.547,2538.93,0.343,3.531,0.243,33.229,1275.847,0.173,1.728,9,0.743,1.55
6567.035,0.149,1.502,0.397,0.511,9.463,2293.012,0.267,3.565,0.27,33.363,1434.218,0.249,1.513,9,0.844,1.6
6991.957,0.15,1.149,0.284,0.317,11.71,2307.616,0.31,1.108,0.298,35.312,1452.224,0.683,0.801,9,1.197,1.7
5767.518,0.143,2.007,0.258,0.518,10.574,2658.879,0.308,3.141,0.248,33.445,1252.449,0.263,1.664,7,0.767,1.6
5405.693,0.158,1.862,0.369,0.508,9.497,2156.441,0.296,3.05,0.261,33.216,1414.098,0.129,2.181,10,0.595,1.45
5573.773,0.161,1.397,0.217,0.402,11.954,2470.097,0.366,2.035,0.252,31.965,1243.292,0.419,0.86,11,1.184,1.85
5808.145,0.155,2.24,0.365,0.543,11.114,2306.707,0.289,1.33,0.222,35.634,1500.221,0.62,2.145,6,0.591,1.4
5205.113,0.157,1.032,0.31,0.504,11.089,2654.288,0.367,1.605,0.24,32.367,1341.969,0.541,0.865,10,1.206,1.8
4486.344,0.189,1.003,0.213,0.48,11.718,2606.525,0.296,1.602,0.203,31.973,1396.691,0.542,0.332,10,1.734,2.2
6705.814,0.148,1.932,0.296,0.467,11.639,2620.075,0.301,1.008,0.256,33.675,1252.88,0.712,1.521,8,0.832,1.6
5051.219,0.128,2.004,0.34,0.556,8.161,2651.349,0.317,2.205,0.219,33.485,1216.089,0.37,1.457,9,0.866,1.7
5291.753,0.132,1.763,0.363,0.436,9.611,2698.282,0.326,3.571,0.216,36.152,1363.225,0.136,1.788,10,0.74,1.5
4886.952,0.156,1.698,0.365,0.556,10.861,2280.951,0.229,3.047,0.286,33.461,1276.946,0.237,1.51,10,0.852,1.7
5767.059,0.12,1.019,0.209,0.475,10.518,2504.005,0.439,1.013,0.242,33.286,1589.895,0.711,-2.375,12,0,0
4998.65,0.123,1.048,0.27,0.517,11.356,2341.441,0.223,1.219,0.248,33.819,1213.646,0.652,-1.204,10,0,0
6566.32,0.107,1.446,0.29,0.458,8.743,2473.982,0.284,2.471,0.204,35.458,1492.961,0.294,1.507,9,0.874,1.6
4602.223,0.186,1.63,0.27,0.495,10.866,2445.403,0.249,3.506,0.247,32.549,1647.439,0.24,1.542,9,0.821,1.55
4553.915,0.144,1.242,0.235,0.463,11.53,2552.302,0.302,1.036,0.209,35.579,1384.225,0.704,0.125,9,2.017,2.3
4922.747,0.167,1.791,0.313,0.521,8.684,2668.885,0.32,3.494,0.295,34.807,1327.006,0.18,1.666,9,0.771,1.55
6305.379,0.148,1.725,0.346,0.462,9.289,2395.894,0.301,3.57,0.265,32.241,1644.25,0.137,2.101,7,0.619,1.4
4659.394,0.17,1.206,0.387,0.564,8.028,2689.029,0.291,1.002,0.28,35.121,1269.763,0.714,-2.402,11,2.051,2.1
5905.672,0.148,2.085,0.398,0.452,11.521,2380.106,0.278,3.57,0.243,33.183,1385.738,0.152,1.957,8,0.655,1.45
6302.086,0.174,2.041,0.359,0.494,11.323,2554.45,0.25,2.743,0.287,35.585,1222.299,0.216,1.882,8,0.687,1.5
6073.995,0.141,2.084,0.334,0.558,11.029,2083.501,0.335,3.679,0.246,33.633,1500.526,0.133,2.387,10,0.531,1.35
6822.394,0.176,1.613,0.292,0.491,9.074,2220.137,0.323,2.993,0.247,31.838,1260.448,0.194,1.831,9,0.701,1.5
4709.288,0.122,1.253,0.368,0.569,8.904,2498.965,0.32,1.021,0.278,32.577,1561.969,0.708,0.137,11,1.89,2.2
5018.458,0.122,1.926,0.355,0.463,11.425,2545.294,0.311,3.634,0.246,36.004,1344.941,0.187,1.927,8,0.684,1.5
5651.621,0.169,1.142,0.241,0.532,8.781,2569.695,0.261,3.351,0.227,32.289,1219.571,0.429,1.065,12,1.101,1.85
4566.602,0.145,1.051,0.255,0.577,11.201,2169.723,0.224,1.176,0.284,35.631,1272.93,0.664,0.477,10,1.569,2.05
5680.902,0.161,1.017,0.361,0.354,10.61,2699.977,0.295,2.9,0.26,31.891,1359.42,0.492,1.022,10,1.096,1.7
5617.29,0.137,1.465,0.356,0.442,9.904,2612.503,0.431,2.623,0.255,32.537,1309.491,0.437,1.329,9,0.927,1.75
4285.104,0.2,1.48,0.391,0.392,9.63,2444.734,0.339,2.229,0.24,35.533,1235.433,0.363,1.189,11,1.004,1.75
5068.084,0.102,1.478,0.216,0.477,10.343,2580.23,0.242,1.387,0.276,32.864,1376.274,0.604,0.913,11,1.167,1.75
6017.828,0.157,1.49,0.343,0.486,8.575,2699.395,0.285,1.963,0.297,33.364,1203.369,0.439,1.074,8,1.071,1.8
5310.959,0.122,1.037,0.31,0.381,9.088,2501.415,0.399,1.026,0.28,36.98,1355.906,0.707,-1.755,12,0,0
6251.54,0.127,1.654,0.364,0.548,8.635,2666.936,0.34,2.911,0.214,35.583,1300.479,0.173,1.735,10,0.759,1.5
5619.281,0.151,1.534,0.346,0.502,11.163,2646.909,0.302,3.615,0.257,33.991,1270.636,0.233,1.596,7,0.81,1.6
4925.237,0.1,1.566,0.205,0.491,11.173,2407.065,0.385,2.066,0.241,35.658,1282.285,0.414,1.422,9,0.911,1.7
5671.063,0.152,2.932,0.229,0.541,9.846,2593.453,0.4,1.679,0.278,31.882,1322.005,0.52,0.973,10,1.109,1.75
4264.648,0.111,1.29,0.215,0.483,9.724,2447.987,0.345,1.297,0.211,32.596,1285.45,0.629,0.911,11,1.177,1.8
4379.73,0.169,2.812,0.251,0.514,10.088,2686.766,0.488,1.129,0.282,32.189,1232.878,0.677,0.32,10,1.667,2.1
4760.333,0.127,2.064,0.287,0.402,9.416,2646.589,0.292,3.681,0.222,32.259,1238.942,0.196,1.213,10,0.97,1.75
6914.725,0.11,1.185,0.237,0.532,8.417,2538.442,0.202,1.98,0.229,32.603,1289.588,0.434,0.946,12,1.161,1.75
5053.392,0.169,2.055,0.375,0.532,10.519,2127.034,0.277,3.194,0.26,35.47,1400.14,0.129,2.417,9,0.525,1.35
6759.882,0.149,1.93,0.226,0.442,9.899,2049.428,0.28,3.417,0.254,36.947,1228.695,0.354,2.6,6,0.5,1.3
4862.699,0.183,1.64,0.213,0.442,9.131,2697.469,0.414,1.554,0.228,33.925,1200.957,0.556,0.679,12,1.341,2
4820.629,0.114,2.002,0.352,0.415,9.502,2595.187,0.314,1.978,0.219,35.533,1258.395,0.435,1.547,8,0.823,1.65
5982.75,0.101,1.073,0.35,0.373,9.745,2331.202,0.472,1.197,0.209,32.843,1337.185,0.658,0.607,11,1.304,1.8
4933.933,0.156,1.796,0.314,0.559,10.419,2416.459,0.272,3.309,0.219,36.862,1336.411,0.149,1.896,10,0.707,1.5
4665.417,0.118,2.031,0.345,0.487,11.711,2598.499,0.226,1.001,0.209,35.422,1285.592,0.714,0.845,8,1.216,1.85
5210.093,0.144,1.725,0.3,0.402,9.882,2674.443,0.398,3.201,0.245,34.239,1511.25,0.327,1.45,9,0.876,1.6
6086.096,0.193,1.521,0.336,0.361,8.158,2630.852,0.41,3.743,0.207,35.375,1210.888,0.367,1.108,10,1.04,1.7
6953.45,0.143,1.606,0.364,0.461,9.931,2670.247,0.358,2.924,0.288,33.144,1210.155,0.199,1.584,9,0.807,1.6
5636.724,0.109,1.316,0.357,0.513,8.221,2040.767,0.379,1.516,0.255,35.354,1496.55,0.567,1.495,7,0.892,1.55
6036.325,0.176,1.665,0.312,0.416,8.919,2481.067,0.258,2.643,0.259,36.176,1401.152,0.245,1.364,12,0.928,1.6
5355.87,0.168,2.208,0.258,0.493,9.501,2532.259,0.295,2.77,0.247,32.14,1501.431,0.263,1.882,8,0.67,1.45
6767.089,0.146,1.985,0.314,0.502,9.911,2320.503,0.302,3.466,0.271,35.695,1619.599,0.167,2.346,5,0.555,1.35
4722.496,0.119,1.65,0.347,0.498,10.394,2288.937,0.292,1.42,0.244,32.406,1207.784,0.594,1.364,8,0.923,1.7
6588.688,0.19,1.591,0.337,0.572,11.181,2690.553,0.335,3.232,0.241,35.875,1327.166,0.267,1.372,11,0.916,1.6
6174.304,0.111,1.423,0.273,0.511,9.999,2677.746,0.31,3.3,0.217,32.921,1294.69,0.288,1.406,9,0.901,1.65
4421.087,0.111,1.868,0.279,0.497,10.922,2629.083,0.277,1.518,0.253,32.759,1236.44,0.566,0.949,9,1.138,1.75
5734.033,0.15,1.961,0.37,0.527,10.002,2695.563,0.34,2.971,0.213,34.923,1649.185,0.151,2.041,9,0.633,1.4
5717.398,0.132,1.895,0.314,0.491,8.574,2468.855,0.327,3.448,0.246,34.527,1571.583,0.143,2.295,9,0.56,1.35
5148.816,0.15,2.728,0.392,0.48,10.686,2515.771,0.293,1.882,0.228,31.964,1208.245,0.462,1.301,9,0.93,1.65
4572.762,0.123,1.779,0.375,0.454,10.915,2528.46,0.309,3.481,0.211,34.168,1233.425,0.212,1.499,10,0.841,1.7
4679.727,0.15,2.581,0.343,0.58,8.728,2399.885,0.299,2.886,0.256,33.767,1282.63,0.29,2.133,7,0.562,1.45
6308.905,0.104,1.762,0.348,0.49,8.551,2411.037,0.314,3.057,0.25,35.102,1399.262,0.307,1.527,7,0.85,1.6
4211.455,0.111,2.582,0.379,0.499,11.674,2663.343,0.338,3.295,0.28,31.736,1203.63,0.291,0.986,11,1.087,1.7
6598.234,0.172,1.686,0.313,0.446,9.286,2599.864,0.334,3.638,0.266,35.206,1347.547,0.157,1.738,12,0.763,1.5
5555.394,0.144,2.01,0.389,0.581,11.066,2660.848,0.287,2.927,0.235,36.071,1335.094,0.164,1.721,9,0.754,1.5
4944.89,0.149,1.745,0.3,0.522,10.747,2628.224,0.284,1.2,0.3,33.177,1503.99,0.657,1.068,8,1.054,1.7
5955.069,0.186,1.078,0.281,0.392,11.68,2682.946,0.291,3.421,0.273,32.074,1202.658,0.461,1.031,10,1.084,1.8
6521.679,0.133,2.194,0.339,0.491,11.547,2616.659,0.261,3.416,0.29,31.834,1500.179,0.16,2.051,8,0.618,1.35
5493.708,0.176,1.522,0.295,0.439,11.397,2599.943,0.331,2.728,0.278,36.236,1551.454,0.239,1.486,12,0.876,1.55
6202.225,0.15,1.541,0.335,0.363,9.787,2448.165,0.318,1.267,0.249,34.989,1497.532,0.638,1.443,7,0.89,1.6
5046.13,0.138,1.135,0.324,0.485,8.431,2251.963,0.218,1.615,0.292,32.17,1211.817,0.539,0.482,11,1.382,1.9
4229.443,0.139,1.867,0.337,0.357,11.998,2593.776,0.387,3.009,0.264,34.724,1386.817,0.29,1.259,11,0.951,1.7
6671.125,0.143,2.241,0.362,0.386,9.951,2399.57,0.255,2.825,0.266,35.377,1392.112,0.228,2.297,7,0.549,1.4
4689.968,0.11,1.802,0.335,0.523,10.009,2412.75,0.256,3.276,0.222,35.894,1207.302,0.267,1.544,8,0.838,1.65
4815.742,0.106,1.187,0.269,0.515,9.741,2604.969,0.411,1.044,0.209,36.428,1312.96,0.702,-3.127,11,0,0
5653.897,0.119,1.025,0.323,0.572,9.851,2264.869,0.339,1.357,0.249,34.484,1293.227,0.612,-2.065,10,0,0
5564.07,0.137,2.269,0.384,0.561,9.055,2670.451,0.261,3.558,0.276,36.696,1464.861,0.135,2.384,11,0.523,1.25
5118.023,0.12,1.195,0.355,0.574,8.687,2416.515,0.349,1.624,0.263,32.503,1204.173,0.536,0.787,10,1.258,1.85
5307.872,0.155,1.679,0.388,0.57,9.651,2181.487,0.329,3.097,0.258,32.867,1382.495,0.16,2.009,11,0.635,1.45
4664.701,0.18,1.422,0.233,0.456,10.065,2579.322,0.24,3.439,0.249,33.936,1364.26,0.334,1.374,9,0.913,1.7
5803.38,0.12,2.238,0.287,0.511,9.283,2411.96,0.439,1.752,0.251,35.624,1265.152,0.499,1.758,7,0.742,1.55
4406.106,0.154,1.777,0.361,0.506,9.548,2407.03,0.26,3.177,0.244,34.478,1365.148,0.24,1.814,7,0.703,1.55
5103.547,0.19,1.61,0.242,0.523,9.804,2531.024,0.395,3.594,0.252,35.67,1612.424,0.317,1.547,8,0.837,1.6
4831.581,0.148,2.724,0.311,0.515,10.681,2517.956,0.29,1.161,0.251,32.124,1220.388,0.668,1.441,8,0.858,1.65
5060.614,0.161,1.767,0.329,0.49,10.598,2609.462,0.236,2.656,0.261,35.587,1235.167,0.241,1.381,10,0.917,1.7
4952.211,0.175,2,0.31,0.578,8.825,2685.432,0.311,1.191,0.252,32.856,1228.043,0.66,0.223,9,1.705,2.1
5918.452,0.144,1.525,0.344,0.492,11.738,2407.868,0.449,3.552,0.296,33.695,1546.426,0.497,1.808,7,0.732,1.5
6521.219,0.154,1.598,0.346,0.515,11.497,2640.166,0.324,3.849,0.231,32.845,1503.361,0.201,1.926,8,0.676,1.45
5879.156,0.155,1.923,0.362,0.537,11.308,2682.803,0.324,3.889,0.268,32.306,1362.734,0.131,2.026,9,0.616,1.4
4954.127,0.116,1.082,0.319,0.561,10.455,2416.436,0.331,1.382,0.267,34.026,1358.384,0.605,0.348,11,1.767,2.3
5795.962,0.147,2.003,0.316,0.355,10.81,2579.391,0.299,1.301,0.253,33.046,1426.427,0.628,1.534,7,0.812,1.6
4860.666,0.113,1.155,0.358,0.508,8.596,2445.77,0.293,1.408,0.291,33.856,1265.536,0.598,0.437,9,1.672,2.2
5257.896,0.146,1.953,0.338,0.6,10.631,2692.172,0.365,2.981,0.209,35.455,1203.134,0.217,1.838,8,0.704,1.5
4638.162,0.17,2.434,0.357,0.485,9.42,2523.375,0.292,2.293,0.256,34.142,1221.563,0.345,1.494,8,0.827,1.65
5617.261,0.19,1.693,0.338,0.508,11.372,2640.517,0.32,3.093,0.286,32.142,1285.759,0.267,1.458,9,0.858,1.65
5059.517,0.129,1.472,0.265,0.503,8.684,2547.751,0.31,2.553,0.203,33.376,1275.926,0.271,1.33,10,0.939,1.7
4405.532,0.181,1.347,0.278,0.514,9.85,2630.708,0.38,1.051,0.288,34.768,1253.305,0.7,-2.118,10,0,0
4710.936,0.136,1.884,0.271,0.493,10.4,2666.484,0.302,3.692,0.288,35.322,1419.833,0.226,1.608,9,0.8,1.6
5216.626,0.143,1.21,0.337,0.449,9.898,2187.152,0.302,1.01,0.242,35.779,1201.342,0.711,0.334,8,1.839,2.35
6684.77,0.122,1.69,0.333,0.41,8.336,2689.338,0.273,2.954,0.244,36.22,1243.836,0.187,1.365,11,0.923,1.6
6825.554,0.153,2.043,0.378,0.504,9.516,2398.887,0.267,3.88,0.219,33.365,1494.578,0.177,2.284,7,0.549,1.35
6954.815,0.175,2.257,0.293,0.519,10.699,2498.744,0.32,3.54,0.246,36.272,1595.045,0.199,2.195,8,0.59,1.4
4776.436,0.105,1.014,0.282,0.398,8.367,2583.822,0.311,1.761,0.202,31.817,1325.017,0.497,0.666,11,1.29,1.85
5270.449,0.147,1.921,0.386,0.565,10.558,2568.916,0.315,3.627,0.215,31.706,1415.859,0.14,1.684,9,0.756,1.5
6592.327,0.155,1.56,0.395,0.491,9.191,2076.415,0.305,3.404,0.214,33.734,1539.253,0.22,1.785,8,0.764,1.5
5546.424,0.125,1.858,0.323,0.539,11.496,2671.253,0.325,3.088,0.209,36.172,1440.418,0.167,1.659,12,0.792,1.55
4358.689,0.106,1.112,0.295,0.43,8.61,2568.242,0.351,1.965,0.25,32.073,1322.073,0.444,0.714,11,1.274,1.85
6856.665,0.144,1.196,0.378,0.481,11.066,2404.516,0.357,3.206,0.214,32.445,1352.661,0.402,1.063,9,1.077,1.75
4357.82,0.175,1.338,0.354,0.529,10.612,2538.409,0.293,2.944,0.282,31.873,1202.637,0.331,0.996,10,1.108,1.75
4265.141,0.112,1.787,0.38,0.482,11.783,2655.398,0.316,2.513,0.236,32.67,1278.732,0.282,1.067,10,1.063,1.7
4844.083,0.172,1.599,0.378,0.474,10.495,2524.015,0.221,3.789,0.3,34.425,1332.262,0.263,1.26,12,0.97,1.65
5379.837,0.151,1.994,0.392,0.382,9.799,2674.107,0.318,3.268,0.224,31.809,1219.529,0.236,1.425,9,0.86,1.65
6265.721,0.108,1.016,0.212,0.502,9.864,2389.853,0.493,1.422,0.288,32.5,1253.283,0.643,0.668,10,1.379,2
5472.455,0.115,1.93,0.336,0.589,10.131,2544.998,0.29,3.59,0.207,35.351,1561.364,0.233,2.186,6,0.598,1.4
4724.433,0.175,1.499,0.247,0.534,9.888,2531.915,0.204,1.05,0.299,35.956,1356.874,0.7,0.255,11,1.757,2.1
4537.468,0.17,2.031,0.34,0.515,9.828,2119.483,0.339,3.595,0.205,35.713,1506.561,0.218,2.812,7,0.44,1.15
6392.085,0.159,1.924,0.324,0.465,9.349,2302.636,0.263,3.385,0.246,34.488,1493.248,0.123,2.409,9,0.522,1.35
4763.835,0.152,2.168,0.344,0.421,9.204,2325.868,0.337,3.439,0.25,32.077,1332.409,0.179,1.889,8,0.657,1.55
4449.73,0.198,1.775,0.229,0.414,8.308,2658.359,0.238,2.038,0.213,31.959,1216.596,0.418,0.81,12,1.206,1.85
5943.9,0.125,2.048,0.357,0.521,8.299,2642.962,0.347,3.555,0.264,34.651,1238.365,0.174,1.891,8,0.681,1.5
5155.571,0.173,2.296,0.386,0.495,10.054,2689.397,0.273,3.415,0.229,36.831,1576.053,0.153,2.233,9,0.568,1.35
6690.435,0.148,1.31,0.289,0.457,8.886,2564.533,0.259,1.874,0.216,31.867,1413.376,0.465,0.952,11,1.135,1.75
4258.809,0.168,1.933,0.351,0.498,10.215,2626.805,0.291,3.446,0.205,35.343,1379.805,0.266,1.722,6,0.742,1.55
4226.351,0.172,1.163,0.363,0.494,9.746,2472.118,0.449,1.083,0.219,34.324,1390.035,0.691,0.471,10,1.588,2.05
4451.298,0.129,1.602,0.34,0.355,8.244,2695.648,0.357,1.343,0.264,32.544,1219.197,0.616,0.831,11,1.203,1.8
4738.637,0.148,2.316,0.316,0.443,10.765,2609.274,0.233,2.758,0.26,35.731,1281.533,0.223,1.479,11,0.847,1.65
5087.554,0.106,1.001,0.265,0.475,11.751,2639.396,0.484,1.141,0.206,31.727,1289.026,0.674,-2.919,12,0,0
4608.053,0.187,1.367,0.384,0.354,10.935,2635.59,0.423,1.532,0.228,32.367,1380.561,0.562,0.758,12,1.218,1.8
6608.173,0.112,1.067,0.317,0.314,9.673,2403.137,0.222,1.232,0.271,31.805,1323.393,0.648,0.501,11,1.42,1.85
6267.788,0.156,1.221,0.347,0.556,11.308,2394.956,0.358,2.608,0.247,33.825,1260.637,0.389,1.11,8,1.063,1.7
6160.697,0.153,1.611,0.329,0.515,10.91,2672.6,0.265,2.389,0.256,32.738,1245.768,0.317,1.246,9,0.966,1.7
6930.765,0.152,1.167,0.235,0.538,11.008,2609.952,0.383,3.569,0.255,34.345,1234.813,0.416,0.958,9,1.147,1.8
6216.975,0.133,1.694,0.331,0.444,8.99,2602.562,0.308,2.886,0.256,35.906,1500.51,0.175,1.621,9,0.814,1.55
4754.551,0.114,1.057,0.326,0.305,10.192,2656.618,0.36,1.448,0.295,31.865,1237.593,0.586,0.572,12,1.323,1.85
4566.651,0.146,1.793,0.312,0.436,8.077,2374.376,0.293,3.598,0.261,35.632,1321.759,0.213,1.733,8,0.772,1.55
6015.346,0.14,2.276,0.359,0.474,10.062,2284.514,0.265,3.742,0.283,35.16,1525.484,0.138,2.227,10,0.589,1.4
4830.117,0.162,1.568,0.368,0.458,11.41,2535.348,0.236,3.319,0.207,32.817,1336.593,0.216,1.563,12,0.812,1.6
6734.224,0.17,1.828,0.307,0.519,8.697,2527.174,0.281,3.185,0.289,35.55,1345.165,0.161,1.788,9,0.732,1.55
6522.912,0.178,1.125,0.357,0.338,8.134,2408.117,0.47,1.177,0.248,32.799,1318.953,0.664,0.899,9,1.173,1.75
6365.975,0.116,1.481,0.369,0.494,8.891,2642.21,0.276,3.308,0.276,36.083,1305.294,0.259,1.296,11,0.958,1.65
4767.702,0.143,2.057,0.353,0.514,9.358,2479.448,0.293,2.138,0.253,36.443,1294.521,0.389,1.615,6,0.807,1.6
5715.294,0.149,1.9,0.379,0.579,11.547,2441.032,0.339,3.35,0.213,31.843,1285.035,0.158,2.122,11,0.582,1.4
6784.116,0.155,1.419,0.341,0.506,10.937,2596.796,0.37,3.496,0.287,35.726,1275.954,0.29,1.515,8,0.858,1.6
5613.98,0.156,1.782,0.322,0.487,8.455,2556.613,0.321,3.515,0.274,32.768,1268.803,0.154,1.893,8,0.671,1.5
6222.425,0.103,1.201,0.367,0.477,9.933,2584.177,0.303,3.04,0.233,32.422,1332.721,0.399,1.381,9,0.915,1.65
6206.129,0.15,1.565,0.25,0.587,9.926,2551.675,0.404,2.203,0.256,35.618,1521.971,0.371,1.586,8,0.831,1.55
5174.992,0.128,1.041,0.212,0.503,9.314,2457.632,0.466,1.217,0.251,35.165,1375.756,0.652,0.768,10,1.238,1.75
6236.606,0.151,1.722,0.362,0.313,10.891,2627.561,0.318,1.134,0.299,33.081,1492.41,0.676,1.482,8,0.857,1.55
4375.811,0.127,1.03,0.305,0.377,11.592,2535.831,0.363,1.352,0.212,31.968,1228.283,0.614,-1.164,12,0,0
4544.021,0.16,1.682,0.287,0.451,10.067,2492.918,0.251,2.91,0.243,33.017,1237.919,0.217,1.269,10,0.957,1.75
4627.545,0.12,1.213,0.302,0.549,9.12,2559.443,0.346,1.108,0.228,33.02,1200.25,0.683,-2.094,12,0,0
4648.416,0.189,1.156,0.286,0.447,11.049,2595.682,0.38,1.35,0.243,32.191,1254.296,0.614,0.582,11,1.488,2.15
5971.801,0.151,1.623,0.294,0.497,9.109,2632.432,0.261,3.435,0.278,35.666,1336.079,0.189,1.637,8,0.797,1.6
4402.268,0.155,1.707,0.284,0.496,9.873,2669.732,0.367,2.084,0.279,32.24,1295.795,0.405,1.094,9,1.047,1.75
6196.083,0.171,1.681,0.31,0.507,11.536,2621.178,0.352,3.443,0.294,36.827,1448.568,0.176,1.867,10,0.72,1.5
5181.754,0.2,1.246,0.277,0.402,8.906,2572.156,0.201,3.113,0.263,35.606,1231.049,0.377,0.972,11,1.134,1.8
6137.032,0.142,1.737,0.358,0.429,8.115,2444.466,0.317,3.1,0.292,33.838,1508.413,0.188,1.792,9,0.745,1.5
6870.668,0.114,1.035,0.285,0.423,8.457,2429.868,0.407,1.382,0.299,32.194,1420.113,0.605,0.657,12,1.295,1.8
5057.537,0.195,2.19,0.231,0.493,10.114,2678.711,0.3,2.519,0.212,32.86,1254.404,0.34,1.39,9,0.886,1.7
5505.128,0.123,1.77,0.391,0.4,11.219,2514.718,0.358,3.15,0.243,34.675,1264.421,0.2,1.505,11,0.841,1.65
5487.438,0.187,1.042,0.372,0.429,9.871,2636.559,0.429,1.793,0.298,32.047,1249.131,0.488,0.749,11,1.262,1.85
5112.915,0.156,1.035,0.337,0.397,11.188,2379.626,0.369,1.162,0.246,34.934,1630.977,0.668,0.997,9,1.11,1.65
4517.194,0.144,2.027,0.349,0.576,11.08,2658.202,0.311,1.109,0.273,33.42,1215.518,0.683,0.819,8,1.238,1.85
5762.484,0.147,1.829,0.309,0.483,9.512,2674.588,0.295,3.444,0.255,34.254,1499.686,0.117,1.929,6,0.671,1.45
4747.018,0.159,1.672,0.38,0.512,8.416,2297.748,0.269,3.261,0.284,33.477,1274.091,0.182,1.8,11,0.707,1.55
4730.179,0.136,1.162,0.347,0.58,9.633,2175.26,0.294,1.297,0.233,35.797,1262.855,0.629,0.829,10,1.234,1.8
4831.007,0.149,1.925,0.312,0.397,10.194,2557.728,0.311,2.742,0.26,32.141,1308.897,0.217,1.545,9,0.805,1.65
4695.458,0.154,1.504,0.313,0.367,8.782,2658.16,0.263,1.665,0.25,34.562,1212.277,0.524,1.056,10,1.073,1.8
4488.871,0.15,1.889,0.361,0.523,8.3,2583.762,0.316,3.446,0.263,32.82,1294.927,0.226,1.632,7,0.777,1.55
5675.018,0.127,1.619,0.363,0.454,8.466,2518.239,0.339,2.932,0.222,34.032,1314.635,0.191,1.581,11,0.817,1.6
5787.494,0.143,1.934,0.351,0.402,10.142,2215.074,0.451,3.413,0.25,33.22,1533.597,0.503,2.124,5,0.603,1.5
5027.851,0.157,1.085,0.268,0.52,9.15,2365.01,0.213,1.212,0.222,32.338,1379.368,0.654,0.696,10,1.313,1.9
6336.934,0.17,1.493,0.205,0.519,10.466,2552.135,0.301,3.401,0.243,36.169,1495.698,0.414,1.628,7,0.829,1.55
4565.63,0.179,2.38,0.274,0.502,9.247,2673.001,0.286,3.469,0.248,35.461,1320.664,0.217,1.643,7,0.778,1.55
5552.433,0.13,1.258,0.239,0.519,8.261,2622.298,0.302,1.154,0.284,34.852,1276.47,0.67,-1.723,10,0,0
4225.274,0.153,1.5,0.271,0.408,11.541,2618.637,0.438,3.797,0.295,34.995,1249.394,0.46,0.84,11,1.191,1.8
4609.353,0.161,1.687,0.353,0.519,9.269,2641.877,0.214,3.054,0.218,31.985,1214.471,0.287,1.109,10,1.045,1.75
4602.999,0.157,1.943,0.256,0.535,9.132,2511.8,0.264,1.049,0.251,35.464,1231.361,0.7,0.168,8,1.846,2.25
4395.192,0.151,1.069,0.269,0.345,8.767,2677.772,0.265,2.9,0.257,31.745,1209.633,0.466,0.649,10,1.299,1.85
5695.325,0.188,1.422,0.252,0.417,9.722,2682.376,0.384,2.138,0.211,33.149,1279.686,0.389,1.02,12,1.093,1.75
5398.147,0.112,1.174,0.285,0.495,9.324,2555.753,0.259,1.349,0.222,32.588,1403.004,0.615,0.569,11,1.491,2.1
5719.637,0.167,1.793,0.396,0.432,9.315,2618.484,0.338,3.858,0.2,34.33,1417.215,0.2,1.688,12,0.773,1.55
5399.574,0.153,2.068,0.32,0.521,9.889,2062.916,0.322,2.085,0.256,34.218,1515.725,0.404,2.252,6,0.573,1.4
6265.395,0.146,2.012,0.392,0.447,9.248,2560.534,0.329,3.597,0.224,31.715,1458.226,0.12,1.926,9,0.659,1.45
5308.734,0.177,1.309,0.244,0.553,9.491,2626.633,0.232,1.099,0.233,35.333,1237.685,0.686,-2.172,11,0,0
6120.273,0.137,2.069,0.392,0.5,8.283,2467.267,0.342,3.272,0.244,34.215,1500.157,0.172,2.24,8,0.565,1.4
5205.071,0.144,2.11,0.376,0.48,10.038,2316.104,0.293,2.966,0.217,35.021,1426.159,0.153,2.278,8,0.555,1.4
5102.324,0.152,2.051,0.272,0.467,10.389,2607.399,0.3,2.768,0.223,33.762,1366.681,0.223,1.596,9,0.786,1.65
4557.879,0.186,1.29,0.236,0.489,10.489,2684.893,0.226,1.072,0.268,35.916,1293.745,0.694,-2.247,11,0,0
5638.434,0.137,1.766,0.332,0.529,10.138,2532.155,0.283,3.391,0.275,36.419,1542.227,0.117,1.931,9,0.689,1.5
4758.293,0.135,1.353,0.273,0.458,9.769,2459.266,0.233,1.988,0.281,32.426,1296.275,0.432,1.014,12,1.103,1.8
5369.543,0.147,1.962,0.34,0.475,9.955,2652.843,0.329,2.681,0.254,33.762,1223.435,0.234,1.047,7,1.073,1.75
5359.284,0.143,1.284,0.335,0.552,9.913,2466.724,0.205,1.128,0.22,33.22,1365.574,0.678,0.874,9,1.196,1.7
6128.503,0.169,1.598,0.334,0.497,9.924,2699.226,0.311,3.438,0.285,36.739,1460.723,0.201,1.636,8,0.795,1.55
6774.789,0.161,1.984,0.321,0.408,9.749,2324.311,0.322,3.067,0.206,35.552,1491.937,0.184,1.956,8,0.679,1.5
4717.738,0.155,2.363,0.384,0.498,8.877,2611.463,0.306,3.009,0.278,33.803,1388.647,0.187,1.719,9,0.741,1.55
6801.962,0.153,2.29,0.337,0.535,10.418,2497.152,0.284,3.434,0.216,36.715,1319.942,0.173,2.099,8,0.62,1.4
4543.999,0.155,1.754,0.324,0.525,11.89,2578.04,0.298,3.057,0.27,36.262,1203.795,0.217,1.242,10,0.973,1.75
4799.258,0.139,1.085,0.349,0.558,11.321,2686.029,0.475,1.306,0.267,34.474,1385.143,0.627,-1.711,11,0,0
5026.77,0.147,1.957,0.312,0.493,9.43,2582.764,0.35,3.289,0.271,33.601,1267.184,0.167,1.762,9,0.718,1.6
4978.859,0.148,1.776,0.329,0.352,11.778,2694.014,0.213,2.055,0.25,32.83,1225.404,0.413,1.237,10,0.957,1.7
4708.951,0.131,1.711,0.26,0.481,10.012,2411.987,0.292,1.722,0.288,33.591,1281.085,0.508,1.272,8,0.966,1.7
4788.53,0.104,1.306,0.263,0.471,9.913,2572.242,0.305,1.081,0.274,35.336,1629.69,0.691,0.486,9,1.577,2.1
6477.391,0.15,2.053,0.226,0.478,8.203,2678.661,0.294,2.197,0.291,34.929,1227.473,0.372,1.616,8,0.802,1.55
5231.77,0.158,1.774,0.382,0.42,8.569,2672.868,0.295,2.805,0.297,32.505,1201.088,0.199,1.323,11,0.926,1.7
4437.211,0.133,2.063,0.262,0.403,8.75,2517.797,0.332,3.805,0.297,32.641,1276.726,0.251,1.273,11,0.937,1.7
5252.2,0.152,1.461,0.356,0.407,9.409,2666.622,0.379,3.654,0.276,36.778,1376.639,0.269,1.246,10,0.983,1.7
4638.876,0.149,1.094,0.352,0.319,8.458,2392.818,0.369,1.422,0.216,32.735,1302.178,0.594,0.98,9,1.127,1.75
6329.943,0.139,1.691,0.305,0.491,9.564,2634.861,0.278,2.752,0.207,36.24,1226.345,0.214,1.447,10,0.886,1.6
6562.817,0.172,1.495,0.309,0.565,10.209,2699.2,0.323,3.531,0.219,33.892,1217.277,0.252,1.306,10,0.951,1.7
5779.841,0.152,1.946,0.396,0.496,9.514,2355.783,0.329,3.649,0.247,33.036,1372.361,0.131,2.248,7,0.557,1.35
5953.099,0.149,2.75,0.356,0.584,11.491,2610.185,0.314,3.28,0.257,35.31,1492.949,0.375,2.428,6,0.496,1.3
4484.571,0.149,2.01,0.261,0.458,8.535,2570.139,0.32,3.641,0.243,31.884,1274.547,0.254,1.785,8,0.698,1.55
5833.475,0.158,1.007,0.258,0.515,11.574,2557.871,0.481,1.341,0.28,31.904,1233.048,0.617,-1.669,11,0,0
6504.725,0.104,1.381,0.339,0.548,10.03,2396.403,0.429,3.458,0.257,31.92,1243.125,0.43,1.537,7,0.829,1.65
5860.9,0.129,1.045,0.346,0.542,8.899,2541.831,0.399,1.433,0.236,33.534,1425.447,0.591,0.59,11,1.38,1.95
5933.82,0.124,1.142,0.259,0.504,8.568,2633.077,0.252,1.111,0.231,34.235,1285.356,0.683,-2.375,11,0,0
6706.827,0.157,1.961,0.297,0.495,9.901,2283.749,0.248,3.891,0.247,33.05,1445.905,0.173,1.803,7,0.723,1.55
5047.89,0.135,1.838,0.348,0.52,9.506,2543.893,0.307,3.223,0.272,33.376,1315.723,0.13,1.759,9,0.725,1.55
4547.443,0.102,1.405,0.302,0.414,11.474,2534.608,0.402,2.894,0.232,35.685,1236.097,0.34,0.806,11,1.205,1.85
5011.143,0.181,2.044,0.37,0.4,8.352,2487.012,0.289,3.013,0.249,32.604,1341.567,0.207,1.746,9,0.727,1.55
5517.088,0.14,1.657,0.262,0.428,10.305,2524.075,0.365,2.809,0.223,31.935,1202.044,0.251,0.966,12,1.119,1.85
5370.633,0.125,1.131,0.22,0.497,11.268,2239.736,0.316,3.193,0.25,32.8,1205.294,0.434,1.193,9,1.034,1.8
4754.753,0.15,1.381,0.268,0.363,9.731,2528.107,0.2,2.934,0.214,31.736,1202.118,0.333,0.97,11,1.113,1.8
5684.965,0.135,1.816,0.309,0.437,11.367,2276.664,0.278,3.537,0.237,33.193,1200.216,0.2,1.571,10,0.82,1.65
6806.633,0.148,1.432,0.311,0.419,9.534,2685.888,0.303,1.747,0.241,32.263,1398.294,0.501,0.955,10,1.126,1.8
4684.811,0.108,1.306,0.356,0.47,8.799,2395.014,0.293,2.497,0.215,31.845,1335.72,0.347,1.28,9,0.961,1.7
4782.259,0.191,2.062,0.298,0.484,11.459,2418.363,0.391,3.582,0.246,35.369,1300.02,0.303,1.799,7,0.725,1.55
6421.78,0.13,1.903,0.395,0.41,8.249,2670.054,0.343,3.641,0.282,35.875,1387.847,0.18,1.642,12,0.787,1.55
6489.95,0.14,1.855,0.335,0.553,9.804,2680.285,0.254,3.6,0.241,36.358,1374.779,0.153,1.701,10,0.769,1.5
6685.107,0.146,1.486,0.285,0.535,11.236,2510.865,0.313,2.764,0.254,36.737,1228.075,0.257,1.528,9,0.863,1.6
5064.322,0.168,1.393,0.309,0.421,9.957,2521.196,0.212,3.005,0.211,32.166,1252.394,0.303,1.145,11,1.023,1.75
4482.594,0.15,1.245,0.275,0.469,8.953,2352.791,0.286,2.038,0.257,31.994,1220.702,0.418,1.275,9,0.968,1.75
5394.19,0.123,1.234,0.305,0.479,9.365,2384.017,0.466,1.114,0.249,34.619,1470.596,0.682,0.302,10,1.828,2.3
5275.15,0.143,1.421,0.342,0.537,9.845,2605.278,0.412,3.308,0.248,36.133,1260.644,0.373,1.502,8,0.868,1.6
5370.249,0.11,1.001,0.282,0.563,9.085,2150.796,0.317,1.735,0.279,33.338,1270.613,0.504,0.786,11,1.27,1.8
5693.803,0.147,1.557,0.338,0.501,10.923,2576.539,0.301,2.871,0.269,34.369,1244.932,0.222,1.626,8,0.795,1.6
6453.28,0.145,1.591,0.284,0.532,10.093,2633.845,0.36,3.558,0.25,31.768,1375.759,0.205,1.816,8,0.704,1.5
4841.418,0.145,1.562,0.352,0.42,9.984,2246.627,0.327,1.606,0.251,35.369,1206.951,0.541,1.381,7,0.925,1.7
5602.564,0.168,1.74,0.373,0.406,9.69,2187.454,0.316,3.581,0.249,36.302,1388.009,0.188,1.935,9,0.696,1.55
4744.762,0.119,2.029,0.256,0.477,11.725,2583.641,0.283,1.969,0.228,34.893,1287.283,0.437,1.284,9,0.949,1.7
4780.155,0.113,1.058,0.363,0.501,9.254,2087.807,0.429,1.158,0.209,34.7,1321.565,0.669,0.625,10,1.44,2.05
5735.73,0.15,1.399,0.2,0.481,9.486,2403.529,0.345,2.642,0.26,33.652,1302.482,0.429,1.452,9,0.884,1.6
4859.581,0.186,2.061,0.289,0.354,11.118,2605.503,0.345,3.052,0.276,32.674,1200.603,0.292,1.096,11,1.024,1.8
5121.708,0.117,1.049,0.256,0.505,11.739,2250.036,0.406,1.66,0.263,33.309,1284.589,0.526,0.543,11,1.378,1.85
6896.448,0.159,1.928,0.321,0.433,9.057,2439.953,0.278,3.471,0.261,31.903,1203.507,0.198,1.628,9,0.762,1.6
6523.171,0.148,1.784,0.395,0.512,8.712,2429.41,0.324,3.115,0.274,36.093,1544.158,0.129,2.224,10,0.59,1.4
5044.099,0.154,1.995,0.319,0.6,9.744,2478.795,0.278,2.956,0.291,32.981,1207.626,0.2,1.607,9,0.788,1.65
5541.593,0.103,1.022,0.207,0.593,9.442,2375.087,0.346,1.314,0.253,33.028,1265.503,0.625,-1.658,11,0,0
5528.633,0.108,1.005,0.32,0.515,11.329,2392.05,0.34,1.122,0.234,36.574,1370.831,0.679,0.344,10,1.796,2.3
6336.444,0.154,1.772,0.344,0.586,10.68,2393.775,0.331,3.59,0.241,36.087,1300.338,0.172,2.058,8,0.638,1.45
5796.268,0.135,1.665,0.351,0.587,10.053,2134.419,0.319,3.54,0.222,32.806,1234.118,0.177,2.111,7,0.614,1.45
4799.28,0.163,1.464,0.326,0.387,10.796,2614.882,0.407,2.287,0.262,33.971,1321.036,0.357,1.026,12,1.085,1.8
5953.316,0.157,1.745,0.3,0.487,9.523,2196.325,0.282,3.531,0.222,34.134,1395.602,0.143,2.105,8,0.635,1.45
5544.373,0.106,1.703,0.21,0.508,9.948,2606.936,0.369,3.568,0.215,33.607,1299.995,0.4,1.517,9,0.846,1.65
6983.24,0.145,1.936,0.346,0.508,8.701,2662.175,0.277,2.42,0.28,32.586,1215.973,0.309,1.776,7,0.707,1.55
4487.654,0.176,2.442,0.352,0.583,11.834,2632.676,0.316,2.481,0.223,32.145,1260.806,0.291,1.351,10,0.905,1.65
5375.815,0.129,1.144,0.367,0.515,8.62,2683.113,0.235,1.319,0.217,34.238,1343.404,0.623,0.303,11,1.768,2.15
6446.162,0.139,1.706,0.383,0.504,11.233,2630.334,0.316,2.747,0.225,35.342,1502.374,0.215,1.753,8,0.751,1.5
4780.75,0.152,2.263,0.4,0.501,11.712,2463.594,0.335,2.862,0.254,35.326,1458.955,0.182,1.998,8,0.633,1.45
5836.093,0.107,1.439,0.277,0.519,9.542,2345.457,0.378,3.419,0.216,32.333,1280.542,0.287,1.494,10,0.861,1.65
5234.722,0.148,2.031,0.304,0.505,8.581,2466.154,0.37,3.558,0.293,35.443,1525.718,0.233,2.024,7,0.651,1.45
4445.673,0.155,2.876,0.332,0.425,11.876,2586.019,0.298,3.565,0.25,32.317,1265.966,0.438,1.253,8,0.938,1.65
4954.637,0.163,1.789,0.332,0.511,11.454,2583.901,0.282,3.741,0.239,34.126,1566.88,0.146,1.856,10,0.704,1.45
4886.372,0.155,1.643,0.292,0.444,11.656,2554.144,0.333,3.112,0.284,35.175,1272.38,0.178,1.407,11,0.902,1.65
4516.454,0.151,2.007,0.369,0.468,9.795,2693.061,0.33,2.925,0.227,34.584,1382.013,0.221,1.549,10,0.819,1.6
5976.723,0.121,1.431,0.29,0.448,11.271,2613.443,0.27,3.635,0.263,36.81,1362.061,0.284,1.369,12,0.936,1.6
4472.948,0.16,1.858,0.381,0.391,10.722,2502.299,0.309,2.653,0.202,35.695,1270.853,0.242,1.519,10,0.824,1.7
4392.31,0.145,1.416,0.218,0.497,11.731,2292.867,0.278,1.347,0.258,32.697,1202.456,0.615,0.646,9,1.369,2.05
6938.568,0.125,1.862,0.352,0.483,8.103,2667.464,0.316,2.989,0.253,32.114,1490.099,0.196,1.936,8,0.659,1.4
4799.493,0.193,1.316,0.347,0.364,10.325,2661.416,0.229,2.616,0.212,35.323,1335.009,0.342,1.265,10,0.966,1.7
4575.142,0.137,2.757,0.348,0.481,9.572,2630.676,0.34,2.544,0.24,35.672,1212.828,0.379,1.528,9,0.822,1.65
5832.446,0.148,1.185,0.201,0.55,8.814,2391.526,0.334,3.698,0.203,34.054,1286.411,0.426,0.939,10,1.16,1.75
4965.234,0.145,1.42,0.381,0.372,11.52,2552.108,0.418,2.725,0.213,34.976,1276.705,0.393,0.958,11,1.132,1.8
4367.889,0.151,1.147,0.25,0.592,8.109,2326.39,0.468,1.425,0.254,33.945,1343.473,0.593,0.855,10,1.21,1.75
4913.03,0.172,1.931,0.246,0.51,11.483,2628.123,0.373,3.493,0.234,32.675,1389.639,0.297,1.574,9,0.798,1.6
6749.757,0.154,1.067,0.209,0.483,11.677,2674.31,0.274,1.353,0.228,33.082,1497.117,0.613,1.21,9,1.01,1.65
4929.457,0.149,1.515,0.348,0.425,10.253,2391.922,0.249,3.557,0.251,32.542,1436.195,0.243,1.784,7,0.734,1.55
5255.176,0.149,1.917,0.391,0.44,8.702,2596.177,0.276,3.551,0.265,36.423,1222.735,0.185,1.84,10,0.714,1.5
5130.767,0.13,2.05,0.39,0.502,8.142,2460.193,0.355,3.764,0.276,31.924,1337.565,0.186,1.709,10,0.744,1.55
4328.059,0.197,2.067,0.361,0.495,9.187,2675.352,0.359,1.019,0.221,35.362,1516.957,0.709,0.928,8,1.147,1.7
