mass,wheel_mass,wheel_radius,MaxRPM,MinRPM,MaxBrakeTorque,MaxMotorTorque,MaxSteeringAngle,TireDragCoeff,WheelDamping,ShiftTime,TractionControlSlipLimit,MaxPercentage,SaftyDegree,numbers,TIT,TET,Dece
2475.586,29.234,0.384,8269.709,797.448,2519.047,447.234,38.998,4.046,0.977,0.403,0.785,0.168,6.391,3,3.162,3.6,-1.649
2328.677,29.544,0.39,8270.497,802.519,2707.35,447.382,37.925,3.956,0.976,0.402,0.785,0.114,4.782,4,4.948,4,-1.656
2403.463,31.54,0.357,8310.145,803.349,2504.516,447.251,39.113,4.075,0.977,0.403,0.785,0.165,8.159,2,1.682,3,-1.81
2222.365,30.027,0.362,8276.166,822.111,2805.505,444.37,39.07,4.04,0.969,0.397,0.816,0.065,10.005,5,1.019,2.4,-1.929
2264.165,29.523,0.367,8309.831,807.906,2797.945,447.191,39.598,4.04,0.977,0.379,0.785,0.068,9.624,3,1.239,2.6,-2.103
2262.437,29.575,0.368,8011.477,793.976,2798.176,447.306,38.999,4.04,0.977,0.379,0.785,0.067,9.96,4,0.739,2.4,-1.753
2270.91,29.575,0.368,8016.751,769.738,2805.602,447.289,38.999,4.04,0.977,0.379,0.785,0.071,9.256,5,1.321,2.6,-1.89
2264.165,29.216,0.354,8270.035,807.906,2798.083,448.251,39.084,4.04,0.969,0.404,0.785,0.068,9.903,2,0.92,2.4,-1.942
2408.662,29.208,0.384,8269.709,797.448,2519.047,447.234,39.087,4.075,0.977,0.403,0.785,0.16,7.447,3,2.141,3.2,-1.791
2404.13,29.209,0.387,8271.269,793.351,2588.169,447.945,39.088,4.075,0.949,0.404,0.796,0.137,7.504,3,2.132,3.2,-1.709
2403.455,31.54,0.357,8310.145,803.349,2710.461,447.251,39.457,4.075,0.977,0.377,0.785,0.134,9.009,2,1.343,2.8,-1.7
2277.584,29.543,0.363,8301.898,803.364,2773.81,444.198,39.449,4.04,0.976,0.402,0.795,0.075,6.886,4,2.851,3.2,-1.848
2364.061,29.215,0.354,8309.511,807.918,2711.33,447.256,39.451,3.948,0.949,0.404,0.785,0.115,9.377,2,1.27,2.6,-1.988
2267.667,29.52,0.381,8311.824,803.385,2797.379,447.195,39.454,4.076,0.978,0.384,0.779,0.089,8.886,3,1.49,2.6,-1.843
2277.136,29.577,0.368,8274.197,803.311,2763.288,448.436,38.999,4.04,0.976,0.379,0.784,0.079,9.196,3,1.323,2.6,-2.077
2336.562,30.158,0.384,8269.709,797.415,2706.636,447.385,38.998,4.046,0.977,0.403,0.785,0.102,8.186,3,1.65,2.8,-1.807
2331.083,29.544,0.389,8266.067,803.349,2707.522,447.386,38.648,4.044,0.975,0.402,0.795,0.111,8.096,3,1.474,3,-1.658
2468.282,29.234,0.387,8304.233,797.689,2539.62,447.864,38.998,4.045,0.978,0.385,0.784,0.164,7.221,3,2.355,3.4,-1.769
2362.57,29.215,0.385,8267.75,804.712,2592.755,447.951,39.086,3.958,0.974,0.379,0.785,0.136,7.746,3,1.797,3,-1.682
2264.516,31.54,0.357,8310.145,803.349,2712.117,447.251,39.454,4.095,0.953,0.377,0.785,0.096,9.892,2,0.883,2.4,-1.782
2277.146,29.578,0.369,8272.042,803.311,2707.425,447.232,38.999,4.04,0.976,0.379,0.784,0.098,8.58,3,1.672,2.6,-1.827
2404.501,29.212,0.387,8309.535,793.351,2684.679,447.945,39.579,4.04,0.949,0.38,0.785,0.134,7.994,3,1.628,3,-1.66
2329.241,29.23,0.378,8270.913,800.243,2707.486,448.373,39.454,4.046,0.956,0.403,0.802,0.099,8.482,3,1.422,2.8,-1.678
2468.52,29.24,0.355,8267.588,803.349,2592.553,447.254,39.464,4.046,0.977,0.378,0.785,0.164,8.415,2,1.506,2.8,-1.805
2260.799,29.532,0.368,8484.923,803.349,2795.145,447.277,39.451,4.075,0.95,0.403,0.785,0.068,9.382,4,1.191,2.6,-1.875
2277.843,29.523,0.355,8309.812,803.349,2707.536,447.253,39.451,4.04,0.95,0.403,0.785,0.097,9.758,2,0.869,2.4,-1.682
2279.478,29.523,0.368,8309.812,803.349,2707.536,447.277,39.451,4.04,0.95,0.403,0.785,0.097,8.793,3,1.483,2.8,-1.807
2277.136,29.578,0.368,8272.531,803.311,2783.344,448.436,38.999,4.04,0.976,0.379,0.784,0.074,9.251,3,1.307,2.6,-1.852
2265.54,29.524,0.368,8308.2,803.334,2795.437,448.393,39.496,4.04,0.977,0.405,0.785,0.069,9.334,3,1.302,2.6,-1.87
2270.91,29.578,0.368,8016.751,803.311,2790.47,448.436,38.999,4.04,0.977,0.379,0.784,0.071,9.27,4,1.377,2.6,-1.878
2478.483,51.249,0.39,8858.741,805.675,2502.635,475.499,38.808,4.015,0.692,0.434,0.802,0.708,-0.296,8,5.3,4.4,-1.52
2416.353,28.636,0.354,8989.78,803.602,2505.153,452.148,39.822,3.962,1.03,0.397,0.789,0.165,7.898,3,1.833,3,-1.842
2461.745,32.377,0.389,8147.111,831.516,2506.031,426.883,40.997,4.093,0.986,0.441,0.831,0.165,6.665,10,2.667,3.6,-1.647
2499.733,53.854,0.39,9359.887,803.572,2505.433,451.948,38.811,4.114,1.02,0.43,0.802,0.795,5.974,5,2.568,3.6,-1.308
2367.836,28.835,0.39,8753.497,803.592,2597.416,452.152,40.159,4.007,1.021,0.431,0.802,0.134,7.635,4,1.766,3,-1.649
2402.967,28.838,0.353,9378.174,803.601,2588.132,451.535,39.36,4.096,1.02,0.401,0.8,0.137,8.534,3,1.467,2.8,-1.828
2499.174,51.505,0.39,8718.833,803.491,2505.144,451.029,38.876,4.006,0.986,0.433,0.802,0.717,5.624,6,2.976,4,-1.405
2499.174,51.205,0.39,9310.497,803.491,2505.486,451.029,38.876,4.009,0.986,0.433,0.802,0.707,5.761,6,2.523,3.8,-1.198
2499.173,38.695,0.39,8709.498,801.851,2505.224,451.082,39.979,4.006,0.947,0.413,0.802,0.29,6.384,5,2.636,3.6,-1.534
2499.733,44.519,0.39,8653.352,804.114,2500.552,452.025,38.771,4.019,0.985,0.395,0.801,0.484,6.194,5,2.307,3.8,-1.288
2499.173,44.633,0.39,8709.547,801.851,2505.224,451.082,40.065,4.006,0.947,0.413,0.802,0.488,6.03,5,2.754,3.8,-1.546
2365.027,28.833,0.39,9330.028,803.6,2597.516,452.121,39.99,4.007,1.021,0.432,0.796,0.134,7.516,5,2.157,3,-1.853
2460.551,32.377,0.389,8147.111,809.509,2506.031,426.883,40.997,4.082,0.986,0.441,0.831,0.165,6.849,9,2.537,3.6,-1.678
2461.522,33.303,0.389,8150.099,807.722,2562.336,451.999,41.141,4.094,0.986,0.42,0.808,0.161,7.283,6,1.985,3.4,-1.574
2416.716,32.364,0.389,8823.121,803.631,2546.176,451.284,39.964,4.461,0.962,0.403,0.831,0.151,7.185,7,2.312,3.4,-1.651
2405.801,32.375,0.389,8148.998,831.945,2534.092,428.019,40.997,4.093,0.998,0.401,0.836,0.155,7.178,9,2.257,3.4,-1.742
2499.18,44.613,0.39,8703.584,783.755,2502.772,450.775,39.273,4.006,0.986,0.432,0.802,0.487,6.058,7,2.704,3.6,-1.416
2499.733,28.636,0.39,9365.336,803.6,2505.569,452.858,38.811,4.016,1.02,0.395,0.801,0.179,6.62,4,2.804,3.6,-1.818
2499.18,44.613,0.39,8598.999,783.755,2500.516,477.123,37.91,3.732,0.986,0.46,0.807,0.487,6.056,10,2.798,3.8,-1.413
2499.168,36.998,0.39,8727.976,793.962,2506.621,451.701,38.876,4.114,1.022,0.4,0.802,0.233,6.614,5,2.366,3.8,-1.526
2499.639,35.039,0.39,9370.853,803.437,2505.483,443.666,38.876,3.911,1.028,0.402,0.808,0.179,6.437,6,2.837,3.6,-1.676
2499.19,37.359,0.39,8709.777,801.851,2505.152,437.915,38.876,4.114,0.985,0.435,0.808,0.245,6.367,7,2.702,3.6,-1.526
2416.353,28.836,0.354,8801.7,809.657,2581.751,451.744,39.964,4.011,0.988,0.393,0.789,0.14,8.452,3,1.428,2.8,-1.64
2486.543,53.49,0.39,8867.368,805.463,2508.856,451.951,38.81,4.113,1.028,0.402,0.802,0.783,5.979,5,2.595,3.6,-1.327
2418.181,28.705,0.352,9310.497,805.733,2572.076,451.701,40.135,4.114,0.985,0.39,0.802,0.143,8.067,3,1.807,2.8,-1.758
2499.174,51.505,0.39,8719.297,803.491,2505.144,451.029,38.876,4.005,1.031,0.396,0.802,0.717,6.019,5,2.335,3.8,-1.203
2460.916,28.446,0.39,9366.727,803.6,2506.047,452.858,38.811,4.016,1.019,0.43,0.802,0.165,6.927,4,2.547,3.6,-1.864
2463.066,33.303,0.39,8150.099,807.722,2510.14,451.947,41.093,4.094,0.985,0.42,0.808,0.163,7.078,6,2.204,3.4,-1.653
2405.692,33.288,0.389,8742.498,800.708,2597.318,452.047,39.386,4.008,0.984,0.401,0.796,0.135,7.375,5,2.183,3,-1.702
2414.136,28.64,0.354,9342.459,809.657,2521.117,452.832,38.798,4.016,0.988,0.394,0.789,0.16,8.061,3,1.781,3,-1.815
2470.928,52.319,0.39,8239.398,802.431,2507.535,451.461,44.931,4.008,1.033,0.425,0.794,0.744,5.783,5,2.713,3.8,-1.313
2467.327,39.806,0.39,7541.411,644.563,2509.202,509.235,43.973,3.908,0.808,0.429,0.795,0.327,6.468,9,2.46,3.8,-1.396
2471.013,28.583,0.39,8236.878,802.374,2502.561,451.467,39.708,4.065,1.034,0.425,0.799,0.166,6.852,3,2.596,3.6,-1.808
2396.91,29.387,0.39,8256.358,800.847,2614.828,447.342,39.629,3.909,0.99,0.405,0.784,0.131,7.734,3,1.718,3.2,-1.607
2477.299,48.653,0.39,8310.535,800.751,2502.673,452.795,39.702,4.065,0.979,0.407,0.787,0.622,6.257,4,2.086,3.6,-1.288
2477.297,48.508,0.39,8253.193,806.58,2502.432,490.58,47.907,3.913,1.033,0.425,0.798,0.617,5.817,6,2.787,3.8,-1.416
2464.029,35.295,0.39,8299.01,742.803,2501.18,509.292,44.468,3.915,0.805,0.428,0.795,0.195,6.544,8,2.628,3.6,-1.656
2485.827,46.367,0.39,7680.337,649.786,2505.396,453.582,45.002,3.907,1.021,0.407,0.795,0.546,5.928,8,2.706,3.8,-1.424
2423.103,30.357,0.39,7477.375,761.971,2590.86,427.053,44.044,3.891,1.032,0.429,0.794,0.143,7.364,7,2.127,3.4,-1.684
2464.029,39.933,0.39,7353.746,742.803,2509.222,509.292,44.468,3.909,0.805,0.428,0.795,0.331,6.335,9,2.335,3.8,-1.396
2464.029,42.935,0.39,8299.01,740.088,2501.179,509.292,48.025,3.915,0.797,0.428,0.795,0.431,6.396,8,2.191,3.6,-1.387
2446.894,29.79,0.39,7616.558,787.688,2558.635,452.72,44.044,3.891,1.032,0.429,0.793,0.154,7.211,6,2.262,3.4,-1.768
2477.299,43.176,0.39,8251.379,800.844,2502.544,500.821,47.855,3.938,1.024,0.423,0.821,0.439,6.226,6,2.579,3.6,-1.52
2399.383,29.354,0.39,8539.4,799.768,2614.828,447.342,39.629,3.915,1.021,0.37,0.784,0.132,7.62,4,1.867,3,-1.744
2484.751,46.367,0.39,7502.126,796.094,2507.365,509.313,46.238,4.079,1.033,0.42,0.795,0.546,5.939,7,2.599,3.8,-1.285
2471.126,45.968,0.39,8239.373,800.954,2506.578,451.461,44.931,4.031,0.979,0.407,0.799,0.532,6.503,5,2.239,3.6,-1.395
2399.383,29.354,0.39,8539.4,799.768,2614.828,447.342,40.462,3.915,1.021,0.37,0.784,0.132,7.612,5,1.903,3.2,-1.611
2477.297,39.936,0.39,8300.382,807.345,2502.432,508.618,47.907,3.913,1.033,0.425,0.798,0.331,6.559,6,2.231,3.6,-1.373
2446.894,29.79,0.39,7616.558,789.768,2520.617,452.72,44.044,3.866,1.024,0.429,0.819,0.16,7.07,7,2.245,3.6,-1.526
2476.872,47.936,0.39,8239.398,802.431,2507.374,452.795,42.237,4.075,1.033,0.425,0.794,0.598,6.114,5,2.444,3.8,-1.404
2477.297,46.506,0.39,8253.193,806.58,2502.432,490.58,47.907,3.913,1.033,0.425,0.798,0.55,5.995,6,2.73,3.8,-1.407
2477.669,37.878,0.39,8245.404,806.574,2502.234,452.82,45.04,3.691,1.025,0.404,0.794,0.263,6.596,6,2.552,3.6,-1.622
2477.368,28.529,0.389,6442.773,808.133,2509.788,509.292,44.468,3.909,1.084,0.383,0.795,0.224,6.709,7,2.588,3.8,-1.684
2400.101,28.979,0.39,8240.923,802.431,2591.649,449.692,40.066,4.008,1.021,0.37,0.784,0.136,7.574,3,1.804,3.2,-1.602
2476.982,37.443,0.39,8241.01,806.224,2500.97,508.839,45.073,3.91,0.995,0.381,0.799,0.248,6.635,6,2.206,3.6,-1.373
2407.114,28.85,0.39,8240.923,802.43,2591.649,442.781,39.528,4.022,1.021,0.37,0.784,0.136,7.4,4,2.153,3.4,-1.84
2477.299,47.697,0.39,8236.878,800.751,2502.673,452.795,39.702,4.065,0.979,0.407,0.799,0.59,6.528,4,1.999,3.6,-1.391
2476.866,37.786,0.39,8241.336,802.414,2507.344,452.82,45.04,3.999,1.03,0.425,0.794,0.26,6.738,5,2.191,3.6,-1.507
2444.15,29.983,0.39,7477.375,761.16,2560.793,458.176,44.205,3.891,0.953,0.429,0.794,0.153,7.296,7,2.162,3.4,-1.569
2407.114,28.425,0.39,8239.398,802.43,2507.535,451.454,39.528,4.063,1.033,0.37,0.794,0.164,7.172,3,2.382,3.4,-1.86
2498.556,51.424,0.39,7403.448,914.817,2504.498,516.774,39.455,3.345,0.993,0.406,0.791,0.714,5.416,8,2.912,4,-1.302
2498.57,59.051,0.39,7272.412,796.333,2504.523,481.585,39.447,3.907,0.993,0.395,0.791,0.968,5.271,6,2.887,4,-1.212
2483.142,29.875,0.353,8343.935,797.68,2500.107,493.967,39.692,3.894,1.001,0.399,0.798,0.171,7.744,3,1.8,3,-1.768
2217.322,29.424,0.354,8344.379,798.077,2782.809,481.548,40.064,3.895,0.998,0.409,0.816,0.072,9.802,3,1.275,2.4,-2.065
2498.62,59.049,0.39,8338.562,796.443,2503.312,481.585,39.447,3.907,0.993,0.429,0.791,0.968,5.403,5,3.042,3.8,-1.337
2498.555,51.424,0.39,8343.926,914.817,2504.498,516.774,39.455,3.248,0.993,0.401,0.791,0.714,5.525,7,2.794,4,-1.303
2231.048,30.018,0.382,8338.645,796.385,2722.697,479.8,39.445,3.907,0.993,0.41,0.808,0.092,8.939,4,1.28,2.6,-1.667
2499.963,29.65,0.39,8343.926,954.972,2503.344,517.547,39.586,3.908,1.026,0.401,0.794,0.194,6.641,5,2.659,3.8,-1.602
2230.496,29.854,0.384,8338.381,830.808,2722.697,479.792,39.573,3.908,1.001,0.423,0.752,0.097,8.486,6,1.59,2.6,-1.868
2492.128,29.857,0.389,8339.7,802.776,2500.403,494.115,39.563,3.893,1.016,0.413,0.788,0.176,6.773,4,2.451,3.6,-1.58
2498.397,56.615,0.39,8307.653,797.349,2504.543,474.323,39.555,3.907,0.993,0.395,0.791,0.887,5.679,5,2.655,3.8,-1.217
2498.223,51.478,0.389,8339.623,804.261,2504.496,481.617,39.58,3.896,1.028,0.383,0.81,0.716,5.893,5,2.337,3.6,-1.195
2498.223,46.765,0.39,8308.198,795.31,2504.539,486.642,40.094,3.896,0.993,0.396,0.791,0.559,6.088,5,2.282,3.8,-1.285
2435.325,29.656,0.384,8343.992,794.203,2737.921,484.396,39.501,3.896,0.998,0.417,0.791,0.149,8.143,4,1.542,3,-1.796
2216.769,29.424,0.354,8344.114,798.077,2688.437,494.402,40.119,3.909,1.001,0.424,0.816,0.104,9.762,3,0.924,2.4,-1.943
2444.039,28.436,0.389,8339.658,805.381,2512.733,494.389,39.45,3.908,1.001,0.424,0.791,0.162,7.256,4,2.006,3.4,-1.532
2499.912,58.869,0.388,8343.936,796.443,2503.314,481.585,39.582,3.907,1.016,0.415,0.794,0.962,5.618,5,2.613,3.8,-1.208
2462.207,29.857,0.389,8270.107,802.494,2655.514,481.575,40.102,3.505,1.001,0.43,0.788,0.161,7.638,5,1.735,3.2,-1.58
2483.142,29.875,0.39,8339.563,797.417,2500.483,493.967,39.692,3.885,1,0.399,0.813,0.171,7.039,4,2.142,3.8,-1.512
2444.056,29.857,0.353,8339.7,802.774,2502.608,510.473,40.075,3.896,1.001,0.413,0.798,0.166,7.955,3,1.704,3,-1.671
2231.048,29.854,0.384,8338.645,830.808,2637.987,494.107,39.564,3.894,0.998,0.409,0.752,0.121,5.683,6,3.843,3.8,-1.782
2216.769,29.848,0.352,8339.741,798.077,2506.8,481.548,39.59,3.908,1.001,0.424,0.79,0.164,8.665,3,1.576,2.8,-1.947
2231.048,30.018,0.384,8338.645,790.727,2722.697,493.973,39.445,3.722,0.998,0.41,0.808,0.098,8.66,5,1.525,2.8,-1.867
2393.829,30.077,0.354,8258.189,797.642,2725.54,494.096,39.454,3.908,1.001,0.419,0.791,0.129,9.047,3,1.398,2.6,-1.898
2498.438,40.916,0.39,8307.507,804.392,2500.264,481.615,39.58,3.908,1.016,0.421,0.793,0.364,6.264,5,2.568,3.8,-1.376
2498.221,50.198,0.389,8339.88,797.75,2504.921,480.96,39.587,3.894,1.028,0.383,0.808,0.673,5.939,5,2.526,3.8,-1.308
2231.048,30.018,0.382,8338.645,796.385,2520.218,479.8,39.445,3.907,1.015,0.41,0.808,0.16,8.138,4,1.553,2.8,-1.807
2256.152,28.372,0.357,8352.656,826.345,2761.923,482.957,39.608,3.907,1,0.4,0.811,0.079,9.757,5,0.994,2.4,-1.938
2499.598,56.808,0.389,8402.077,767.897,2505.615,540.752,39.464,3.997,0.94,0.399,0.825,0.894,5.143,9,3.121,4,-1.308
2494.178,29.12,0.389,8356.855,804.29,2505.751,449.021,40.15,4.004,0.997,0.397,0.818,0.176,7.009,3,2.195,3.6,-1.628
2265.11,28.636,0.378,8687.8,807.287,2771.54,450.056,39.627,4.079,0.998,0.425,0.818,0.08,8.734,4,1.461,2.8,-1.808
2498.83,58.218,0.389,8735.675,807.189,2504.874,543.147,39.67,4.001,0.996,0.376,0.818,0.941,5.467,6,2.632,4,-1.22
2267.972,28.624,0.378,8294.781,795.222,2771.54,450.146,39.645,4.006,0.998,0.425,0.818,0.08,9.189,3,1.181,2.6,-1.887
2497.725,48.501,0.389,8253.154,804.283,2514.961,449.995,41.887,4.004,0.999,0.397,0.817,0.617,6.286,5,2.338,3.6,-1.404
2494.178,33.213,0.389,8356.855,806.569,2505.751,449.021,40.15,4.004,0.99,0.397,0.818,0.176,6.809,4,2.639,3.4,-1.68
2499.598,55.425,0.389,8402.077,826.228,2504.871,542.921,39.618,4.001,0.954,0.397,0.824,0.847,5.324,8,2.928,4,-1.307
2499.598,55.425,0.389,8402.077,807.314,2504.871,540.752,39.618,4.001,0.954,0.397,0.824,0.847,5.365,7,2.746,4,-1.202
2265.11,28.636,0.378,8687.8,813.48,2771.54,450.056,39.627,4.079,0.998,0.425,0.818,0.08,8.637,5,1.659,2.8,-1.952
2264.191,27.338,0.38,8755.563,826.187,2716.333,450.821,38.746,4.08,1.003,0.38,0.822,0.095,8.419,6,1.74,2.8,-1.837
2499.098,56.448,0.389,8298.473,807.75,2502.665,447.668,39.654,4.004,0.954,0.395,0.818,0.882,5.768,4,2.957,3.6,-1.332
2497.678,56.347,0.389,8271.981,807.314,2502.132,450.122,39.618,4.001,0.954,0.358,0.818,0.878,5.578,5,2.993,3.8,-1.32
2497.168,52.71,0.389,8253.154,803.292,2514.009,544.974,41.887,4.004,0.999,0.397,0.804,0.757,5.65,6,2.781,4,-1.31
2494.141,51.296,0.389,8356.855,804.29,2505.751,541.04,40.145,4.004,0.997,0.397,0.818,0.71,6.074,5,2.303,3.6,-1.298
2485.722,34.473,0.389,8735.583,802.22,2506.106,450.192,39.655,4.064,0.954,0.397,0.822,0.173,6.424,5,2.853,3.6,-1.711
2457.793,29.446,0.389,8346.517,802.252,2514.905,447.52,39.961,4.123,0.985,0.381,0.793,0.162,7.15,4,2.198,3.4,-1.636
2497.678,54.502,0.389,8271.981,803.481,2502.132,450.122,39.631,4.001,0.954,0.358,0.818,0.817,5.946,5,2.538,3.8,-1.318
2266.938,28.272,0.388,8368.221,806.265,2724.734,452.498,38.742,4.001,0.998,0.422,0.822,0.109,8.351,5,1.611,2.8,-1.832
2305.329,33.319,0.39,8265.927,806.582,2641.202,511.39,39.655,4.076,0.99,0.381,0.822,0.136,8.159,5,1.504,2.8,-1.564
2499.098,54.134,0.389,8298.473,807.75,2502.665,447.668,39.654,4.004,0.954,0.395,0.818,0.804,6.324,4,2.284,3.6,-1.312
2262.938,28.636,0.38,8272.243,805.969,2756.529,450.375,39.666,4.079,0.997,0.424,0.822,0.086,8.471,3,1.646,2.8,-1.988
2342.801,33.14,0.378,8687.8,807.287,2771.54,454.742,39.627,4.079,0.998,0.425,0.816,0.105,5.763,6,3.73,3.6,-1.682
2311.367,29.381,0.389,8356.698,804.29,2520.081,449.033,40.15,4.082,0.997,0.397,0.822,0.16,7.743,3,1.781,3,-1.649
2498.332,54.881,0.39,8932.909,925.501,2518.831,452.287,38.997,3.901,0.854,0.41,0.654,0.829,5.442,8,2.993,4,-1.312
2419.889,32.426,0.39,8744.019,901.9,2579.746,442.72,40.023,3.868,0.984,0.41,0.687,0.141,7.409,9,2.155,3.2,-1.678
2498.769,31.389,0.39,8279.907,899.298,2503.096,450.076,40.023,4.099,0.987,0.41,0.718,0.179,6.794,5,2.643,3.6,-1.676
2410.597,31.39,0.39,8810.732,899.145,2580.644,454.511,39.995,4.103,0.988,0.41,0.723,0.14,7.515,7,1.851,3.2,-1.62
2413.569,31.39,0.39,7625.428,899.145,2580.644,450.298,39.995,4.102,0.988,0.383,0.723,0.14,7.857,6,1.595,3,-1.55
2499.035,50.421,0.39,7592.703,918.026,2515.136,450.071,39.114,4.065,0.987,0.383,0.688,0.681,5.968,7,2.428,3.8,-1.302
2499.282,53.895,0.39,9825.743,911.103,2518.807,498.156,32.25,3.997,0.987,0.41,0.686,0.797,5.895,9,2.559,3.8,-1.245
2498.765,44.795,0.39,8279.907,898.698,2502.787,450.076,40.023,4.097,0.987,0.41,0.718,0.493,6.505,6,2.082,3.6,-1.395
2499.388,32.44,0.39,10467.389,901.627,2514.465,450.02,39.096,4.097,0.974,0.41,0.687,0.261,6.662,7,2.652,3.6,-1.673
2498.073,31.342,0.389,8291.405,748.44,2503.051,450.062,39.742,4.095,0.989,0.411,0.723,0.178,6.856,5,2.4,3.6,-1.624
2499.446,40.997,0.39,7592.703,918.026,2502.211,456.618,39.097,4.065,0.987,0.381,0.715,0.367,6.505,8,2.259,3.6,-1.4
2478.508,32.946,0.388,9407.052,925.372,2532.961,450.072,39.995,4.099,1.059,0.411,0.714,0.169,6.856,8,2.62,3.4,-1.689
2496.535,48.252,0.39,10411.844,929.336,2506.56,449.886,32.122,3.883,0.853,0.41,0.691,0.608,6.072,9,2.784,3.8,-1.433
2499.035,45.174,0.39,7340.294,929.386,2504.595,450.01,39.137,4.01,0.987,0.383,0.688,0.506,6.255,7,2.425,3.6,-1.407
2499.053,54.687,0.39,7389.762,917.977,2505.64,449.975,39.114,3.897,0.853,0.41,0.715,0.823,5.842,8,2.321,3.8,-1.292
2498.962,42.89,0.39,7591.35,899.896,2505.641,450.111,40.068,3.962,0.98,0.383,0.716,0.43,6.383,7,2.571,3.6,-1.588
2496.534,48.512,0.39,7592.703,918.026,2506.567,450.069,39.114,4.065,0.984,0.382,0.715,0.617,6.034,7,2.366,3.8,-1.297
2499.035,43.029,0.39,7340.294,929.386,2506.251,450.01,39.919,4.065,0.986,0.383,0.688,0.434,6.256,7,2.317,3.8,-1.402
2419.889,31.389,0.39,8744.019,902.404,2633.26,450.005,40.023,3.883,0.984,0.41,0.687,0.141,7.64,6,1.896,3,-1.68
2477.386,31.422,0.39,7551.563,899.446,2518.818,449.87,39.157,4.01,0.927,0.411,0.686,0.169,6.96,7,2.478,3.4,-1.822
2446.907,32.467,0.389,7055.031,862.538,2513.186,450.744,39.997,4.095,1.016,0.374,0.723,0.162,7.048,7,2.323,3.6,-1.647
2434.973,32.133,0.389,7462.841,922.514,2532.536,449.059,39.997,4.095,0.984,0.408,0.714,0.156,7.199,7,2.254,3.4,-1.82
2446.327,31.248,0.389,7055.031,902.079,2513.186,450.744,40.025,4.095,1.04,0.374,0.735,0.162,7.281,6,2.026,3.4,-1.591
2425.063,31.287,0.39,8172.247,902.811,2576.327,449.44,39.992,4.104,0.984,0.409,0.714,0.144,7.439,6,2.149,3.2,-1.667
2451.202,31.286,0.39,8172.247,902.811,2576.327,450.114,39.992,4.104,0.984,0.41,0.696,0.156,7.343,6,2.079,3.4,-1.724
2498.962,42.981,0.39,7650.84,918.324,2505.629,450.111,40.026,4.066,1.018,0.383,0.716,0.433,6.346,7,2.246,3.6,-1.292
2420.904,31.287,0.39,8174.366,902.811,2578.574,449.878,39.992,4.104,0.984,0.409,0.714,0.142,7.609,6,1.777,3.2,-1.488
2497.967,31.567,0.39,7592.703,916.97,2505.649,450.005,40.022,4.068,0.984,0.383,0.715,0.178,6.75,6,2.612,3.6,-1.678
2476.238,31.438,0.39,7333.126,900.162,2548.495,450.014,39.115,4.065,0.986,0.383,0.686,0.168,7.146,6,2.336,3.4,-1.664
2419.889,31.389,0.39,7383.543,929.165,2503.993,450.01,39.923,3.883,0.984,0.412,0.687,0.165,7.16,6,2.318,3.4,-1.651
2488.903,31.752,0.39,7372.074,678.022,2521.276,515.414,38.86,4.236,0.829,0.405,0.787,0.174,7.052,9,2.135,3.6,-1.66
2498.495,56.892,0.389,7372.074,653.92,2503.335,511.891,38.862,4.031,0.82,0.405,0.8,0.896,5.48,8,2.914,4,-1.312
2300.707,29.987,0.357,8327.082,780.548,2656.979,452.581,38.797,4.085,1.043,0.405,0.817,0.114,9.227,3,1.348,2.6,-2.06
2499.309,29.987,0.357,8286.212,794.786,2514.779,452.571,38.797,4.079,1.027,0.421,0.793,0.179,7.751,2,2.037,3,-1.882
2499.073,59.166,0.389,8327.612,793.671,2514.286,448.157,38.761,3.917,0.977,0.421,0.798,0.972,5.975,4,2.429,3.6,-1.305
2491.927,50.537,0.39,8291.556,648.001,2505.006,451.583,38.797,4.074,1.043,0.405,0.789,0.685,6.151,5,2.438,3.6,-1.313
2499.155,58.831,0.389,8223.568,652.434,2501.311,448.073,38.826,2.289,0.977,0.407,0.8,0.961,5.74,7,2.568,3.8,-1.32
2368.4,29.981,0.357,8329.277,799.5,2650.913,448.808,38.795,4.079,1.045,0.42,0.787,0.117,9.181,2,1.231,2.6,-1.805
2499.224,48.66,0.389,8338.851,797.426,2505.262,452.213,38.795,3.927,0.975,0.407,0.816,0.622,6.616,4,2.111,3.6,-1.307
2371.614,29.967,0.387,8279.029,739.985,2585.154,514.536,38.797,4.081,0.976,0.421,0.817,0.143,7.67,5,1.893,3,-1.704
2492.018,58.864,0.39,8327.809,646.248,2514.316,502.09,38.797,3.911,1.043,0.405,0.789,0.962,5.601,6,2.717,3.8,-1.215
2430.951,29.987,0.357,8285.471,793.595,2517.083,452.584,38.797,3.888,1.042,0.421,0.789,0.161,8.146,2,1.763,2.8,-1.858
2371.075,29.987,0.357,8285.426,739.985,2649.534,452.524,38.797,4.082,1.027,0.421,0.817,0.118,8.827,3,1.525,2.8,-1.857
2360.739,30.001,0.386,8279.515,738.99,2650.913,449.001,38.761,4.082,1.042,0.397,0.787,0.116,8.082,4,1.485,3,-1.662
2397.146,29.218,0.385,7345.784,739.352,2562.094,515.414,38.86,3.93,1.025,0.406,0.788,0.146,7.543,6,2.04,3,-1.664
2443.701,27.847,0.39,8599.148,797.604,2505.114,454.199,37.65,4.075,0.986,0.419,0.817,0.165,7.442,7,1.967,3.4,-1.62
2499.224,44.369,0.389,8338.851,798.295,2505.262,452.203,38.795,3.927,0.975,0.407,0.816,0.479,6.682,4,2.087,3.6,-1.393
2499.098,29.33,0.389,7806.786,1034.001,2502.353,452.688,38.732,4.074,0.974,0.42,0.773,0.293,6.82,6,2.448,3.6,-1.622
2493.957,28.751,0.385,8291.556,648.001,2505.259,452.26,38.797,4.074,1.025,0.406,0.789,0.19,7.129,4,2.185,3.4,-1.498
2491.839,31.752,0.39,7371.538,678.022,2521.276,515.414,40.039,3.909,0.828,0.405,0.789,0.175,7.095,8,2.205,3.4,-1.6
2487.43,29.353,0.389,8325.568,804.91,2502.407,452.689,38.796,3.931,0.968,0.42,0.788,0.173,7.305,3,1.913,3.4,-1.596
2498.516,42.078,0.39,8203.416,652.434,2504.987,538.944,38.801,2.3,0.977,0.407,0.8,0.425,6.315,8,2.315,3.8,-1.388
2491.927,41.324,0.39,8291.556,631.06,2505.006,451.583,38.797,4.074,1.043,0.405,0.785,0.377,6.791,5,2.255,3.6,-1.534
2499.155,58.381,0.389,8223.568,652.434,2500.822,452.759,38.826,2.224,0.977,0.407,0.8,0.946,6.051,7,2.419,3.6,-1.215
2499.335,42.078,0.39,8284.799,650.796,2504.987,538.944,38.801,4.003,1.028,0.421,0.817,0.403,6.461,6,2.381,3.6,-1.382
2487.3,29.33,0.387,7817.937,1034.001,2502.353,452.688,38.732,4.074,0.827,0.401,0.773,0.293,6.664,7,2.678,3.8,-1.622
2432.331,29.987,0.387,8285.471,793.595,2609.347,452.584,38.761,3.888,1.042,0.421,0.789,0.147,7.903,3,1.436,3,-1.428
2499.134,49.344,0.389,8327.612,797.426,2513.905,452.213,38.795,3.915,0.975,0.42,0.817,0.645,6.386,4,2.182,3.6,-1.313
2368.31,30.001,0.357,8279.515,738.99,2650.913,449.001,38.761,4.082,1.042,0.401,0.787,0.117,8.852,3,1.379,2.6,-1.833
2489.554,50.257,0.39,8291.556,648.001,2505.006,519.15,38.797,4.074,1.043,0.405,0.788,0.675,6.176,6,2.241,3.6,-1.297
2499.377,54.698,0.389,7256.389,1093.13,2513.33,529.158,40.091,4.004,1.054,0.41,0.792,0.823,5.496,8,2.794,4,-1.31
2496.231,58.671,0.39,6922.369,794.139,2518.968,452.232,42.064,4.087,1.051,0.421,0.796,0.956,5.627,6,2.474,3.8,-1.13
2244.588,29.062,0.337,8311.119,797.704,2839.931,452.381,39.992,3.905,1.033,0.417,0.812,0.059,10.09,3,0.9,2.2,-2.011
2499.999,41.422,0.389,7256.389,1018.614,2513.039,530.595,39.961,3.642,1.054,0.41,0.792,0.381,6.11,9,2.774,3.8,-1.445
2244.588,31.135,0.389,8305.705,800.061,2504.882,452.584,38.98,3.995,1.029,0.381,0.812,0.165,8.021,3,1.581,3,-1.629
2499.536,51.723,0.389,7256.389,803.901,2512.826,522.39,40.091,4.016,1.032,0.41,0.792,0.724,6.31,6,2.275,3.6,-1.305
2499.999,41.422,0.39,7082.995,1032.913,2513.093,530.595,39.961,3.642,0.972,0.376,0.778,0.381,6.396,8,2.3,3.6,-1.396
2272.521,30.736,0.377,7708.918,797.632,2832.305,449.465,40.005,4,1.051,0.381,0.869,0.086,9.177,5,1.364,2.6,-1.88
2499.631,57.086,0.389,7058.979,798.294,2511.61,530.595,40.087,3.767,1.051,0.41,0.792,0.903,5.758,7,2.382,3.8,-1.217
2290.623,30.397,0.387,7720.214,797.83,2850.247,449.448,40.084,4.003,1.052,0.41,0.823,0.106,8.767,4,1.465,2.6,-1.742
2499.999,41.182,0.389,7255.537,1090.108,2511.516,530.595,39.205,3.768,1.051,0.41,0.792,0.373,6.558,8,2.194,3.6,-1.365
2499.868,56.624,0.389,8296.875,797.65,2521.34,452.234,40.087,3.943,1.051,0.411,0.798,0.887,6.099,4,2.316,3.6,-1.217
2499.54,30.387,0.389,7997.841,800.3,2502.749,449.294,38.973,4.208,1.03,0.412,0.812,0.179,6.634,5,2.763,3.8,-1.808
2499.54,39.513,0.389,7284.032,800.091,2502.749,449.294,38.945,4.208,1.03,0.409,0.812,0.317,6.611,6,2.565,3.6,-1.59
2493.851,56.317,0.39,7056.924,797.65,2521.519,452.294,40.083,3.943,1.051,0.411,0.793,0.877,5.796,5,2.451,3.8,-1.245
2393.428,28.414,0.387,7725.755,758.747,2624.62,449.287,39.618,4.001,1.028,0.414,0.785,0.129,7.749,6,1.904,3,-1.793
2393.428,28.414,0.387,7725.755,758.747,2624.62,449.287,39.618,4.001,1.028,0.418,0.826,0.129,7.69,7,1.992,3,-1.738
2272.521,30.736,0.377,7708.918,797.632,2832.305,449.465,40.005,4,1.051,0.381,0.815,0.077,9.412,4,1.118,2.4,-1.895
2444.361,31.398,0.39,7093.464,800.091,2519.716,452.234,39.19,3.993,1.051,0.421,0.812,0.16,6.966,4,2.55,3.4,-1.873
2393.428,28.584,0.387,7708.944,797.522,2550.393,450.424,40.106,3.995,1.034,0.418,0.828,0.15,7.541,5,1.998,3.2,-1.653
2481.948,53.067,0.39,7572.314,798.068,2508.762,449.379,39.989,3.999,1.048,0.411,0.814,0.769,6.284,5,2.098,3.6,-1.3
2499.536,54.698,0.389,7256.389,803.901,2512.826,526.158,40.091,4.016,1.032,0.41,0.792,0.823,5.871,6,2.404,3.8,-1.305
2258.645,31.101,0.382,8331.873,793.719,2851.572,449.558,40.006,4,1.025,0.381,0.815,0.091,9.443,3,1.214,2.6,-1.89
2244.442,31.138,0.379,8305.265,797.632,2832.305,449.465,40.005,4,1.051,0.397,0.815,0.083,9.761,3,0.91,2.4,-1.844
2497.553,55.654,0.389,8296.875,797.65,2521.34,448.438,40.087,3.944,1.051,0.411,0.798,0.855,6.479,4,2.062,3.6,-1.42
2444.361,30.157,0.389,7093.464,800.021,2521.863,452.865,40.09,4.073,0.996,0.376,0.826,0.159,7.267,5,2.117,3.4,-1.629
2340.105,31.093,0.389,7996.817,798.462,2628.528,448.652,39.63,3.998,1.016,0.381,0.817,0.124,7.847,4,1.773,3.2,-1.54
2258.654,29.062,0.339,8311.119,797.704,2839.931,452.381,39.992,3.905,1.033,0.417,0.812,0.065,10.064,3,1.062,2.2,-2.103
2244.064,30.727,0.377,8266.505,797.632,2832.305,452.632,39.992,3.995,0.972,0.381,0.814,0.077,9.846,3,0.904,2.4,-1.875
2499.377,52.015,0.389,7256.389,1093.13,2513.33,449.259,40.091,4.004,1.054,0.41,0.792,0.734,6.168,7,2.193,3.6,-1.308
2468.714,29.19,0.382,7470.424,861.257,2512.367,477.897,38.549,3.374,0.953,0.377,0.789,0.164,6.904,8,2.617,3.6,-1.845
2495.419,50.058,0.389,6211.149,795.965,2502.992,479.113,38.897,3.914,0.976,0.369,0.778,0.669,5.851,6,2.576,3.8,-1.315
2496.388,28.95,0.343,7278.41,798.197,2516.212,451.441,38.902,3.916,0.953,0.412,0.778,0.178,7.821,3,1.835,3,-1.682
2380.067,29.528,0.343,7525.208,797.98,2701.196,451.448,39.093,3.916,0.953,0.407,0.789,0.123,8.995,3,1.398,2.6,-1.812
2346.79,29.552,0.387,7519.641,883.741,2702.715,451.473,39.102,4.093,0.959,0.392,0.796,0.107,8.168,5,1.683,2.8,-1.855
2496.185,46.224,0.387,6249.177,795.891,2519.424,479.125,38.898,3.986,0.944,0.385,0.78,0.541,6.069,7,2.813,3.6,-1.546
2494.761,49.556,0.388,6216.383,794.032,2504.068,451.76,38.768,3.912,0.954,0.385,0.779,0.652,6.013,5,2.389,3.8,-1.305
2437.335,29.73,0.384,7231.09,861.171,2531.404,464.964,38.9,3.912,0.953,0.386,0.793,0.156,7.237,6,2.349,3.2,-1.693
2495.419,49.942,0.389,6216.586,886.889,2502.741,479.113,38.573,3.914,0.976,0.385,0.778,0.665,5.93,8,2.647,3.8,-1.317
2495.398,28.948,0.387,7113.017,799.152,2521.838,452.129,38.869,3.916,0.976,0.393,0.797,0.177,6.962,4,2.461,3.4,-1.76
2346.79,29.552,0.387,7519.641,797.964,2702.715,451.473,39.102,4.093,0.959,0.392,0.797,0.107,8.508,4,1.256,2.8,-1.64
2494.697,35.655,0.389,6103.994,862.256,2504.042,479.11,38.781,4.018,0.954,0.388,0.78,0.264,6.689,7,2.414,3.8,-1.512
2496.145,42.767,0.388,6022.319,795.965,2502.992,451.165,38.868,3.914,0.974,0.385,0.778,0.426,6.6,5,2.256,3.6,-1.402
2495.704,40.188,0.389,6574.918,862.256,2504.068,479.11,38.794,4.018,0.954,0.386,0.79,0.34,6.384,7,2.284,3.8,-1.378
2495.419,30.813,0.389,6211.149,795.965,2504.304,479.113,38.897,3.917,0.953,0.369,0.796,0.252,6.827,5,2.501,3.6,-1.64
2495.726,44.964,0.388,7238.161,798.514,2509.044,452.18,38.868,3.916,0.953,0.417,0.778,0.499,6.406,5,2.247,3.6,-1.398
2386.283,28.95,0.343,7278.41,798.197,2619.43,451.441,38.902,3.916,0.953,0.407,0.778,0.127,8.635,3,1.459,2.8,-1.847
2495.419,43.671,0.389,6202.611,795.966,2502.741,479.113,38.897,3.914,0.976,0.385,0.778,0.456,6.121,6,2.584,3.6,-1.389
2495.752,43.504,0.387,6069.176,810.975,2501.324,479.131,38.868,4.083,0.985,0.417,0.739,0.45,6.312,8,2.349,3.6,-1.411
2389.209,29.529,0.387,7525.094,891.213,2613.637,451.509,38.901,4.082,0.959,0.393,0.807,0.129,7.671,5,1.897,3,-1.82
2495.704,39.337,0.389,6215.102,796.808,2504.033,479.11,38.768,4.018,0.954,0.368,0.79,0.311,6.39,7,2.582,3.8,-1.46
2412.175,29.275,0.387,7110.249,804.264,2613.485,464.064,38.867,3.912,0.953,0.393,0.797,0.143,7.505,5,2.096,3.2,-1.638
2364.755,29.654,0.343,7278.408,798.406,2616.774,451.747,39.102,3.914,0.959,0.385,0.778,0.128,8.471,3,1.678,2.8,-1.903
2434.768,29.275,0.387,7237.964,799.052,2576.455,452.129,38.869,3.916,0.953,0.417,0.795,0.148,7.401,4,2.064,3.4,-1.77
2495.419,38.218,0.389,6204.818,795.965,2518.018,479.113,38.898,3.917,0.953,0.369,0.796,0.274,6.678,6,2.209,3.6,-1.396
2348.28,29.541,0.387,7525.673,792.739,2702.917,451.856,39.102,3.947,0.959,0.392,0.796,0.108,8.115,4,1.701,2.8,-1.731
2389.092,29.524,0.387,7525.208,797.98,2699.919,450.996,39.093,3.897,0.953,0.407,0.789,0.127,7.953,4,1.788,3,-1.713
2436.018,29.11,0.387,6919.83,795.891,2502.298,479.125,38.898,3.986,0.944,0.385,0.78,0.166,7.113,6,2.282,3.6,-1.647
2495.623,43.546,0.389,6197.637,795.966,2502.938,479.113,38.897,3.914,0.976,0.369,0.778,0.452,6.571,6,2.119,3.6,-1.409
2496.185,35.792,0.387,6066.899,795.953,2517.786,479.125,38.898,4.077,0.972,0.385,0.791,0.269,6.702,6,2.529,3.6,-1.66
2472.833,30.307,0.382,7600.832,866.747,2515.354,489.048,45.639,3.111,0.964,0.374,0.807,0.222,5.816,8,3.736,3.8,-1.795
2473.695,54.277,0.39,9398.427,918.306,2515.409,489.15,40.143,3.916,0.966,0.395,0.807,0.809,5.824,7,2.575,3.8,-1.208
2379.663,29.148,0.384,8325.756,874.978,2603.237,489.039,38.748,3.94,0.955,0.42,0.792,0.132,7.593,5,2.155,3,-1.85
2493.212,29.205,0.389,8283.375,802.255,2515.231,520.134,40.159,3.991,0.968,0.421,0.795,0.176,6.923,4,2.451,3.6,-1.636
2379.663,29.207,0.384,8325.176,795.861,2603.237,489.039,39.606,3.94,0.955,0.42,0.792,0.132,8.369,4,1.329,2.8,-1.613
2493.16,46.37,0.389,8283.375,711.947,2515.225,507.89,40.143,3.991,0.968,0.421,0.795,0.546,5.906,6,2.833,3.8,-1.409
2493.213,53.454,0.389,8269.582,803.386,2519.438,520.114,40.158,3.991,0.984,0.423,0.808,0.782,6.14,5,2.13,3.6,-1.191
2409.596,29.15,0.389,8297.993,808.611,2597.438,489.297,40.159,3.991,0.955,0.42,0.807,0.137,7.672,4,1.776,3,-1.627
2475.173,30.307,0.389,7600.982,847.444,2515.354,519.884,45.639,3.993,0.958,0.42,0.807,0.168,6.826,7,2.599,3.6,-1.653
2401.04,29.232,0.389,7555.125,869.912,2603.035,508.56,38.949,3.976,0.968,0.395,0.807,0.133,7.407,6,2.316,3,-2.038
2493.16,44.249,0.389,8283.375,801.242,2521.657,507.044,40.143,3.996,0.953,0.421,0.808,0.475,6.307,5,2.36,3.6,-1.411
2493.207,39.617,0.389,8238.469,804.448,2514.845,518.091,38.674,3.991,0.968,0.425,0.795,0.321,6.784,5,2.063,3.6,-1.51
2492.647,41.745,0.389,8299.781,664.086,2518.4,520.02,40.951,3.992,1.009,0.421,0.807,0.391,6.397,7,2.226,3.8,-1.388
2493.16,43.315,0.389,8283.375,802.255,2515.473,507.644,40.159,3.991,0.968,0.421,0.796,0.444,6.777,5,2.018,3.6,-1.396
2493.817,40.291,0.389,7613.613,804.396,2519.142,518.035,38.747,3.974,0.954,0.425,0.807,0.343,6.591,6,2.184,3.6,-1.518
2492.869,41.252,0.389,7590.615,857.899,2518.726,516.317,38.951,3.916,0.966,0.424,0.807,0.375,6.455,7,2.429,3.6,-1.422
2453.531,29.159,0.389,8297.115,844.506,2528.491,519.726,38.748,3.94,0.961,0.428,0.807,0.157,7.093,5,2.354,3.4,-1.858
2492.866,41.004,0.389,7471.764,663.516,2518.4,516.322,40.142,4.023,1.009,0.424,0.807,0.367,6.549,7,2.361,3.6,-1.424
2409.596,29.153,0.389,8083.784,844.953,2551.806,489.291,38.947,3.908,0.955,0.395,0.807,0.149,7.277,6,2.306,3.2,-1.693
2482.103,29.148,0.383,8122.067,875.194,2510.489,488.758,40.132,3.939,0.954,0.421,0.805,0.171,7.057,6,2.38,3.4,-1.83
2492.611,30.235,0.389,9430.119,664.111,2518.398,508.271,40.142,3.994,0.963,0.421,0.807,0.176,6.681,6,2.713,3.6,-1.733
2493.211,43.634,0.389,8288.256,803.35,2515.239,520.114,40.158,3.991,0.98,0.421,0.807,0.454,6.561,5,2.124,3.4,-1.393
2449.919,29.543,0.389,8288.247,803.386,2519.438,520.114,40.138,3.991,0.956,0.393,0.807,0.16,7.401,4,1.929,3.2,-1.492
2426.052,30.299,0.383,8298.314,878.553,2597.07,508.205,38.946,3.997,0.955,0.42,0.807,0.144,7.518,5,2.193,3.2,-1.805
2491.478,29.174,0.389,8288.247,803.386,2519.438,520.114,40.138,3.991,0.957,0.393,0.807,0.175,7.292,4,2.007,3.4,-1.591
2493.16,43.315,0.389,8283.375,865.432,2515.473,507.644,40.142,3.991,0.967,0.421,0.796,0.444,6.317,6,2.318,3.8,-1.395
2449.529,29.161,0.389,8283.496,809.388,2550.878,498.409,38.969,4.016,0.955,0.394,0.807,0.155,7.441,4,2.001,3.2,-1.622
2409.596,29.153,0.389,8293.926,808.611,2551.806,489.297,40.159,3.992,0.955,0.395,0.807,0.149,7.494,4,1.89,3.2,-1.651
2491.816,29.161,0.389,9299.078,797.675,2519.438,520.019,40.137,3.992,0.955,0.393,0.795,0.175,6.806,5,2.579,3.4,-1.782
2381.42,29.161,0.389,8283.301,873.168,2551.463,489.598,40.13,3.939,0.955,0.393,0.807,0.15,7.43,5,2.205,3.4,-1.8
2441.53,29.057,0.39,7314.043,803.822,2521.896,503.204,39.371,3.937,0.953,0.43,0.785,0.159,5.025,5,4.631,4,-1.58
2483.28,28.457,0.383,8261.473,802.435,2543.927,503.637,39.343,3.955,0.973,0.379,0.816,0.171,7.214,4,2.246,3.6,-1.78
2207.764,29.22,0.383,8243.672,802.446,2691.018,496.197,39.466,3.982,0.97,0.43,0.815,0.103,8.621,4,1.502,2.8,-1.845
2446.617,29.017,0.388,7415.848,803.229,2544.322,503.847,38.548,3.972,1.038,0.43,0.815,0.154,7.256,6,2.296,3.4,-1.823
2434.293,33.015,0.39,8421.826,804.216,2555.942,503.008,39.367,3.709,0.953,0.369,0.812,0.148,7.245,7,2.209,3.4,-1.791
2409.145,33.647,0.389,7402.993,804.24,2616.745,502.924,41.888,3.912,0.905,0.369,0.819,0.136,7.604,8,1.822,3,-1.611
2207.764,29.232,0.383,8243.672,802.453,2662.757,495.899,39.549,3.985,0.97,0.43,0.815,0.112,8.483,4,1.614,2.8,-1.753
2446.617,28.467,0.388,8239.622,803.229,2544.322,503.338,38.548,3.972,1.039,0.43,0.815,0.154,7.262,5,2.205,3.4,-1.678
2440.677,29.053,0.386,8111.731,802.585,2548.886,495.208,39.495,3.911,0.953,0.431,0.816,0.151,7.309,5,2.16,3.4,-1.798
2435.281,28.887,0.383,8279.321,803.232,2554.715,501.853,40.394,4.012,0.971,0.428,0.816,0.149,7.336,5,2.317,3.2,-1.98
2435.281,28.887,0.374,8347.193,803.232,2558.685,498.397,39.897,3.993,0.972,0.428,0.82,0.149,7.613,4,2.039,3,-1.653
2230.019,29.22,0.383,8243.672,827.851,2691.018,496.957,39.466,4.071,0.97,0.43,0.815,0.104,8.28,5,1.705,2.8,-1.792
2427.946,29.233,0.39,8333.065,804.266,2577.787,502.965,41.836,3.916,0.953,0.369,0.82,0.145,7.483,5,1.907,3.2,-1.613
2409.028,33.647,0.39,7410.452,804.24,2578.264,489.759,41.888,3.912,0.905,0.369,0.82,0.141,7.441,8,1.908,3.2,-1.486
2277.524,28.679,0.39,7343.062,804.715,2656.804,501.866,40.052,3.939,0.953,0.429,0.816,0.115,8.189,5,1.578,2.8,-1.787
2384.871,28.444,0.383,8243.485,802.446,2644.578,496.197,39.642,3.984,0.968,0.43,0.813,0.125,7.723,4,1.889,3,-1.638
2463.006,29.053,0.383,8259.19,807.742,2545.497,497.037,39.495,3.911,0.953,0.431,0.821,0.162,7.294,4,2.215,3.4,-1.664
2411.924,33.741,0.383,8243.485,807.847,2652.229,496.901,39.486,3.912,1.021,0.43,0.82,0.138,7.673,5,1.906,3,-1.729
2207.764,28.464,0.386,8239.727,802.446,2689.697,496.197,38.516,3.971,0.97,0.43,0.815,0.103,8.453,5,1.582,2.8,-2.095
2440.984,29.048,0.386,8269.461,802.436,2564.29,495.208,39.495,3.955,0.953,0.431,0.816,0.151,7.416,4,2.042,3.2,-1.842
2409.145,29.304,0.389,8216.446,803.571,2616.634,502.924,39.452,3.912,0.905,0.369,0.819,0.136,7.622,6,1.965,3,-1.782
2411.924,29.035,0.383,8243.485,807.847,2652.229,496.941,39.486,3.912,1.021,0.43,0.82,0.138,7.695,4,1.923,3,-1.669
2421.812,32.345,0.39,8235.576,802.372,2577.947,502.965,39.482,3.912,0.905,0.369,0.82,0.142,7.358,6,2.163,3.2,-1.807
2422.037,33.647,0.389,7402.9,804.24,2539.988,502.924,41.888,3.912,0.905,0.369,0.819,0.153,7.121,8,2.287,3.2,-1.731
2411.924,33.741,0.378,8243.485,807.909,2583.697,496.901,41.89,3.912,0.968,0.37,0.82,0.139,7.607,6,1.935,3,-1.8
2383.068,28.442,0.383,8242.972,803.257,2652.302,501.985,39.349,3.984,0.968,0.381,0.816,0.124,7.779,4,1.914,3,-1.865
2425.957,30.181,0.385,9416.388,858.965,2566.699,429.7,37.762,3.928,1.041,0.372,0.795,0.144,7.445,7,2.201,3,-1.765
2499.805,27.391,0.384,6824.294,794.988,2508.891,544.344,39.108,4.111,0.873,0.371,0.797,0.21,5.591,7,3.992,3.8,-1.436
2427.451,30.381,0.385,9416.388,807.705,2566.708,429.71,39.346,3.928,1.041,0.372,0.795,0.145,7.555,5,1.942,3.2,-1.636
2498.967,38.69,0.385,6928.434,794.449,2519.559,549.993,39.284,3.932,1.04,0.371,0.813,0.29,6.626,6,2.532,3.6,-1.634
2397.588,30.181,0.385,9459.488,803.832,2570.649,429.265,37.751,3.943,1.041,0.372,0.786,0.143,7.541,6,2.099,3,-1.857
2498.982,54.375,0.388,6799.942,808.2,2507.983,535.559,39.185,3.945,1.014,0.372,0.805,0.812,5.918,6,2.506,3.8,-1.312
2397.851,29.201,0.385,9458.897,803.832,2570.871,429.902,39.344,3.943,1.041,0.372,0.805,0.143,7.564,5,1.956,3.2,-1.787
2498.611,56.553,0.388,6993.456,802.749,2517.088,540.988,40.074,3.943,1.04,0.37,0.805,0.885,5.768,6,2.549,3.8,-1.203
2499.971,41.147,0.388,9390.126,794.994,2519.559,549.214,39.113,3.937,1.04,0.371,0.787,0.372,6.538,6,2.287,3.6,-1.526
2416.783,30.182,0.385,9427.637,808.01,2595.657,429.43,39.3,3.921,1.041,0.373,0.782,0.14,7.621,5,1.92,3,-1.797
2465.038,30.334,0.383,9395.808,803.561,2509.052,425.759,39.291,3.973,1.041,0.372,0.787,0.164,7.273,5,2.25,3.4,-1.795
2395.518,30.182,0.385,9356.608,804.147,2595.657,429.317,40.94,3.921,1.041,0.373,0.785,0.135,7.7,6,1.746,3.2,-1.514
2499.868,54.19,0.39,9395.617,802.711,2516.879,543.206,39.272,4.118,1.015,0.37,0.805,0.806,6.063,6,2.257,3.6,-1.298
2499.971,38.408,0.388,6823.934,794.994,2519.559,546.345,39.113,3.937,1.04,0.371,0.793,0.28,6.711,6,2.212,3.6,-1.518
2491.915,30.426,0.388,9524.451,803.881,2504.556,422.812,39.291,4.116,1.04,0.371,0.784,0.175,7.059,5,2.377,3.4,-1.795
2465.038,30.334,0.383,9395.808,803.561,2518.772,425.759,39.291,3.973,1.041,0.372,0.787,0.163,7.428,5,1.958,3.4,-1.629
2431.843,30.181,0.383,9416.724,859.037,2570.4,429.7,38.704,3.918,1.042,0.372,0.805,0.147,7.539,6,2.049,3,-1.855
2441.623,30.181,0.39,9417.932,859.037,2570.4,429.7,38.704,3.918,1.053,0.372,0.805,0.152,7.393,6,2.146,3.2,-1.795
2498.982,30.914,0.388,6799.942,803.924,2508.131,535.559,37.81,3.943,0.976,0.372,0.804,0.19,6.869,6,2.447,3.6,-1.578
2469.007,30.186,0.385,9370.861,803.881,2508.891,421.053,39.291,4.116,1.043,0.371,0.797,0.165,7.208,5,2.306,3.4,-1.82
2410.976,31.449,0.385,9427.637,803.876,2598.513,433.577,39.292,4.107,1.038,0.373,0.787,0.137,7.672,5,1.916,3.2,-1.807
2393.4,29.051,0.384,9303.568,803.87,2597.101,429.898,38.877,3.943,1.041,0.373,0.794,0.134,7.744,5,1.698,3,-1.62
2392.913,30.182,0.385,9356.608,803.481,2704.55,429.695,41.294,3.928,1.041,0.373,0.785,0.129,8.109,6,1.654,3,-1.671
2498.964,54.096,0.388,6775.356,808.193,2507.983,535.559,39.292,3.974,1.014,0.372,0.805,0.803,6.156,6,2.147,3.6,-1.222
2481.02,30.205,0.384,8950.587,1095.59,2569.772,411.347,38.077,3.977,0.948,0.427,0.843,0.369,-0.259,8,5.197,4,-1.678
2328.613,30.992,0.384,8340.797,726.357,2776.327,451.554,39.759,3.97,0.949,0.426,0.793,0.098,8.783,4,1.334,2.6,-1.835
2498.083,30.014,0.39,8567.364,740.171,2500.022,406.757,39.208,4.166,0.948,0.405,0.824,0.178,6.753,8,2.535,3.8,-1.486
2489.912,29.95,0.39,8333.606,799.355,2564.963,451.034,39.199,3.906,0.948,0.427,0.781,0.174,7.077,3,2.376,3.6,-1.791
2481.076,30.285,0.387,8332.009,678.95,2602.466,410.792,39.621,4.218,0.784,0.426,0.78,0.216,6.585,7,3.04,3.6,-1.825
2486.143,30.039,0.39,8328.399,635.052,2504.995,461.28,39.463,4.221,0.985,0.427,0.817,0.206,6.592,6,2.897,3.6,-1.684
2468.559,30.046,0.39,8328.399,690.697,2532.53,460.61,39.226,4.265,1.07,0.431,0.817,0.164,6.988,7,2.446,3.6,-1.653
2346.014,29.906,0.384,8328.406,796.725,2764.853,451.452,39.465,3.988,0.985,0.426,0.816,0.107,8.308,3,1.649,2.8,-1.642
2489.031,30.016,0.39,8135.292,632.403,2506.333,449.263,39.186,3.973,0.948,0.402,0.793,0.209,6.704,5,2.594,3.8,-1.476
2489.031,30.016,0.39,8340.736,633.007,2514.53,449.26,39.186,3.973,0.948,0.402,0.793,0.209,6.783,4,2.563,3.6,-1.664
2328.613,30.968,0.383,8340.779,726.357,2774.085,455.012,39.759,3.97,0.949,0.429,0.791,0.098,8.685,5,1.361,2.8,-1.818
2366.811,29.95,0.39,8328.691,799.355,2566.51,450.963,39.2,3.989,0.948,0.427,0.781,0.144,7.383,3,2.131,3.2,-1.827
2363.579,29.95,0.39,8328.691,799.355,2612.437,450.963,39.199,3.989,0.948,0.427,0.781,0.129,7.491,3,2.255,3,-1.833
2328.724,29.952,0.386,8329.014,795.802,2628.242,451.245,39.197,3.988,0.953,0.427,0.793,0.124,7.903,3,1.713,3,-1.62
2332.2,29.906,0.386,8340.797,742.958,2759.987,451.452,43.205,3.97,0.953,0.426,0.822,0.103,8.104,5,1.876,2.8,-1.817
2482.39,29.95,0.39,8333.606,799.355,2564.963,451.434,39.199,3.989,0.948,0.427,0.781,0.171,7.133,3,2.3,3.4,-1.631
2332.691,29.943,0.39,8340.799,720.024,2654.129,450.212,39.237,3.972,0.948,0.426,0.823,0.115,7.08,4,2.622,3.2,-1.651
2358.139,31.32,0.387,8340.797,728.614,2691.885,451.549,40.105,3.97,0.948,0.426,0.822,0.112,8.034,4,1.684,3,-1.807
2476.424,30.002,0.39,8332.064,718.188,2506.007,450.045,39.186,3.784,1.034,0.431,0.819,0.168,6.982,5,2.295,3.6,-1.616
2329.67,29.898,0.384,8580.74,743.029,2759.987,451.452,39.481,3.97,0.953,0.426,0.822,0.099,8.579,5,1.44,2.8,-1.631
2329.67,29.898,0.386,8329.013,743.216,2759.987,451.452,39.481,3.988,0.953,0.426,0.822,0.103,8.421,4,1.481,2.8,-1.68
2329.67,29.898,0.384,8310.013,743.216,2759.987,451.452,39.481,3.97,0.953,0.426,0.822,0.099,8.724,4,1.382,2.8,-1.718
2488.126,28.946,0.39,8332.125,665.913,2532.39,460.762,39.185,3.909,1.018,0.429,0.82,0.174,6.836,5,2.507,3.8,-1.622
2358.139,31.32,0.39,8340.797,728.614,2691.68,451.369,40.105,3.976,0.948,0.427,0.822,0.114,7.966,4,1.581,3,-1.647
2332.2,31.292,0.387,8340.797,726.357,2776.327,451.549,41.84,3.97,0.953,0.426,0.823,0.106,7.989,5,1.961,2.8,-1.855
2468.234,30.035,0.384,8308.837,715.286,2505.83,448.988,39.483,3.972,0.949,0.426,0.794,0.165,7.012,4,2.328,3.6,-1.658
2485.568,28.611,0.39,8331.495,663.464,2514.085,447.222,39.052,3.998,0.948,0.427,0.803,0.172,6.864,4,2.616,3.6,-1.793
2481.038,28.611,0.39,8332.011,663.464,2516.304,447.459,39.052,4.197,0.951,0.427,0.78,0.171,6.889,5,2.489,3.6,-1.674
2345.648,29.951,0.386,8328.398,795.804,2764.786,421.998,39.197,3.988,0.985,0.426,0.793,0.106,8.407,4,1.561,2.8,-1.795
2468.485,30.046,0.39,8328.562,689.801,2514.773,448.146,39.186,3.919,1.07,0.403,0.793,0.164,7.022,5,2.298,3.6,-1.611
2498.564,59.528,0.389,6860.832,701.411,2502.318,448.108,45.988,4.001,0.991,0.414,0.784,0.984,5.047,7,4.054,4,-1.3
2499.766,59.528,0.388,7106.933,631.584,2500.14,448.108,39.771,4.008,0.991,0.424,0.792,0.984,5.539,6,2.935,3.8,-1.325
2499.53,48.434,0.389,9397.254,690.949,2500.177,449.538,39.423,4.302,1.018,0.421,0.784,0.614,5.91,7,2.641,3.8,-1.312
2476.004,54.801,0.389,6920.331,1052.543,2500.07,459.911,36.262,4.014,0.994,0.427,0.781,0.827,5.721,8,2.869,3.6,-1.367
2497.605,52.229,0.389,6920.331,1052.543,2500.07,459.603,36.262,4.014,0.994,0.427,0.784,0.741,5.853,8,2.533,3.8,-1.293
2499.917,52.848,0.389,6861.65,1073.151,2504.796,524.09,39.492,3.847,1.029,0.398,0.771,0.762,5.689,9,2.595,4,-1.312
2471.94,29.405,0.389,9494.196,682.707,2504.926,527.686,39.51,3.981,1.016,0.426,0.884,0.173,6.723,7,2.642,3.8,-1.667
2468.601,30.628,0.389,6960.576,697.637,2509.41,447.893,39.431,4.004,0.992,0.412,0.78,0.164,6.895,5,2.499,3.6,-1.687
2499.553,57.394,0.389,6862.162,701.498,2500.218,448.108,36.268,4.001,1.008,0.414,0.784,0.913,5.452,7,3.045,3.8,-1.318
2499.763,59.45,0.388,7106.933,632.161,2500.14,448.108,39.771,4.008,0.992,0.424,0.792,0.982,5.819,6,2.665,3.6,-1.313
2499.77,52.752,0.389,7092.966,1016.568,2504.664,450.197,38.729,4.008,1.029,0.399,0.792,0.758,5.831,6,2.384,3.6,-1.295
2465.514,28.617,0.389,7135.866,679.071,2510.422,448.108,39.43,4.013,1.077,0.413,0.781,0.163,6.949,6,2.504,3.4,-1.738
2499.774,57.333,0.389,7145.259,702.746,2502.427,448.139,39.747,4.008,0.991,0.421,0.77,0.911,5.66,7,2.548,3.8,-1.206
2458.512,31.039,0.389,6960.576,697.394,2511.556,447.893,39.431,4.004,0.951,0.412,0.781,0.163,7.295,5,2.062,3.4,-1.556
2499.766,29.82,0.389,7106.933,709.809,2500.447,448.108,39.771,4.022,1.161,0.412,0.781,0.179,6.07,6,3.399,3.8,-1.693
2466.491,28.268,0.389,8241.536,801.18,2510.861,524.438,39.785,4.012,0.963,0.363,0.787,0.165,5.383,6,4.117,4,-1.474
2402.89,29.855,0.389,8046.019,874.443,2620.873,469.143,39.867,3.917,1.132,0.387,0.712,0.133,7.596,8,2.029,3,-1.596
2492.595,50.752,0.39,8252.278,808.604,2503.48,473.437,39.786,4.031,0.964,0.389,0.799,0.692,6.078,5,2.37,3.6,-1.298
2123.077,29.919,0.38,8262.212,801.372,2525.702,473.174,39.332,3.998,0.971,0.396,0.799,0.158,8.454,3,1.672,2.8,-1.86
2123.129,29.804,0.375,8262.213,801.372,2805.408,468.929,39.334,4.011,1.009,0.387,0.799,0.071,9.813,3,1.248,2.4,-2.1
2465.837,39.612,0.39,8285.34,801.18,2508.548,472.22,39.786,4.03,0.963,0.389,0.794,0.32,6.6,5,2.308,3.6,-1.464
2364.223,29.409,0.389,8262.185,873.44,2783.789,469.175,39.303,4.012,0.97,0.39,0.712,0.115,8.449,6,1.449,2.8,-1.758
2486.027,29.601,0.389,8252.278,808.604,2503.48,473.4,39.786,4.031,0.964,0.397,0.799,0.173,6.834,4,2.561,3.6,-1.604
2079.096,29.836,0.382,8262.168,801.372,2726.765,468.923,39.863,4.01,0.964,0.387,0.786,0.091,9.321,4,1.399,2.6,-2.12
2486.027,38.078,0.389,8252.876,808.65,2504.934,473.4,39.867,4.03,0.995,0.397,0.799,0.269,6.785,5,2.46,3.6,-1.671
2366.019,29.212,0.375,8262.185,801.372,2783.789,469.595,39.334,4.119,0.964,0.387,0.799,0.116,8.588,5,1.569,2.8,-1.865
2123.077,29.919,0.388,8262.212,801.372,2708.185,468.836,39.867,4.009,0.971,0.396,0.799,0.109,8.942,3,1.48,2.6,-1.848
2118.667,29.807,0.382,8262.185,801.372,2751.334,473.349,39.879,3.955,0.962,0.396,0.799,0.091,9.458,3,1.278,2.4,-1.892
2118.732,29.807,0.375,8262.185,801.372,2750.902,471.479,39.867,3.96,0.971,0.396,0.799,0.083,9.687,3,1.326,2.4,-2.131
2387.121,29.887,0.386,8312.775,801.371,2729.746,468.885,39.863,4.01,0.971,0.396,0.786,0.126,8.093,4,1.745,2.8,-1.825
2381.221,29.205,0.386,8165.519,801.371,2751.011,468.923,39.863,4.01,0.964,0.387,0.799,0.123,7.805,5,2.455,3.2,-1.814
2376.616,29.205,0.382,8264.119,801.372,2750.996,473.342,39.92,3.958,0.964,0.396,0.799,0.121,8.354,4,1.642,2.8,-1.795
2452.914,30.137,0.39,8252.278,801.346,2543.646,469.381,39.336,4.042,0.962,0.387,0.788,0.157,7.311,4,2.018,3.6,-1.448
2121.421,29.946,0.382,8262.212,801.372,2614.983,473.349,39.343,4.01,0.971,0.396,0.799,0.128,8.807,3,1.489,2.6,-1.847
2453.164,29.249,0.389,8056.316,801.128,2506.624,524.438,39.785,4.012,0.963,0.39,0.787,0.165,7.021,5,2.395,3.6,-1.609
2381.221,29.205,0.382,8264.119,801.372,2751.011,468.923,39.365,4.01,0.964,0.387,0.799,0.123,8.176,4,1.753,3,-1.852
2451.131,29.806,0.382,8261.945,801.372,2614.983,473.503,39.343,3.959,0.962,0.396,0.787,0.156,7.446,4,2.2,3,-1.767
2434.873,29.227,0.386,8102.461,801.345,2614.082,469.093,39.862,4.01,0.971,0.387,0.798,0.149,7.513,5,2.071,3.2,-1.81
2127.539,29.807,0.375,8262.185,801.372,2783.789,468.929,39.334,4.011,1.009,0.387,0.799,0.072,9.765,3,1.235,2.4,-1.915
2423.467,28.728,0.388,8262.251,801.379,2623.849,469.167,39.851,4.01,0.971,0.387,0.799,0.143,7.648,4,1.819,3.2,-1.622
2456.27,29.043,0.388,8254.347,808.634,2526.888,489.431,39.861,4.009,0.971,0.399,0.802,0.159,7.151,4,2.351,3.4,-1.673
2398.612,29.167,0.384,8261.806,801.352,2615.003,469.09,36.651,3.991,0.964,0.387,0.787,0.131,7.707,5,1.869,3,-1.79
2359.724,29.212,0.375,8262.186,801.372,2783.789,469.595,39.334,4.049,0.964,0.387,0.786,0.113,8.837,4,1.362,2.6,-1.822
2406.732,29.856,0.388,8080.452,801.372,2620.421,468.836,39.867,3.704,0.971,0.386,0.793,0.135,7.588,6,2.102,3,-1.753
2452.937,28.268,0.389,8241.536,801.18,2510.861,524.011,39.777,4.011,0.962,0.363,0.788,0.164,7.075,6,2.447,3.4,-1.804
2498.657,59.91,0.39,9026.522,804.104,2500.591,447.389,38.71,4.115,0.968,0.425,0.796,0.997,5.39,5,3.013,3.8,-1.229
2033.641,29.163,0.362,8287.981,803.152,2861.271,449.391,39.262,3.987,0.996,0.399,0.796,0.046,10.123,3,0.738,2.4,-1.914
2059.25,31.411,0.382,8482.736,849.636,2691.329,448.6,38.714,4.163,1.092,0.368,0.831,0.103,9.066,9,1.501,2.6,-1.9
2498.66,29.441,0.352,8288.017,804.023,2867.937,449.282,39.262,4.116,0.996,0.416,0.796,0.179,9.499,2,1.173,2.6,-1.947
2490.899,48.402,0.387,8183.936,804.19,2500.406,447.403,39.01,3.728,0.949,0.394,0.793,0.613,6.413,6,2.203,3.6,-1.415
2490.925,59.473,0.39,7666.037,930.435,2500.763,446.466,39.011,4.115,0.949,0.425,0.796,0.982,5.661,7,2.431,3.8,-1.209
2490.899,54.657,0.387,8310.591,804.19,2500.406,447.403,39.011,3.895,0.948,0.393,0.796,0.822,5.905,4,2.728,3.6,-1.442
2059.25,31.743,0.382,8536.114,849.636,2691.329,447.369,38.714,4.112,1.084,0.391,0.831,0.103,9.265,8,1.327,2.4,-1.937
2097.454,29.163,0.36,8287.981,803.152,2861.271,468.504,39.262,3.987,0.939,0.399,0.79,0.061,10.064,5,0.94,2.4,-1.934
2050.999,31.456,0.372,8308.46,803.983,2776.101,448.651,38.254,4.114,1.039,0.393,0.797,0.075,9.833,4,0.898,2.4,-1.867
2466.6,31.737,0.39,8541.489,850.323,2506.857,473.112,39.01,4.115,1.086,0.412,0.832,0.164,6.824,9,2.541,3.6,-1.662
2350.272,31.102,0.382,8316.213,806.945,2691.282,447.389,38.71,4.161,1.04,0.411,0.796,0.109,8.428,4,1.451,2.8,-1.66
2071.349,31.493,0.38,9006.637,787.848,2776.945,449.389,38.699,4.163,1.085,0.393,0.797,0.086,9.655,7,1.167,2.4,-2.109
2499.412,29.163,0.39,8299.718,803.201,2548.619,449.389,38.71,3.988,1.039,0.393,0.796,0.179,6.911,3,2.484,3.6,-1.492
2499.115,52.035,0.387,9049.967,817.905,2504.848,447.652,39.076,4.116,0.968,0.4,0.796,0.734,5.766,6,2.833,3.8,-1.433
2479.762,31.743,0.39,8300.402,854.541,2501.57,473.42,39.01,4.114,1.086,0.391,0.858,0.17,6.886,8,2.318,3.6,-1.6
2059.25,30.966,0.379,8311.581,822.523,2691.329,448.597,38.714,4.161,1.032,0.412,0.831,0.103,9.778,6,0.949,2.4,-1.817
2495.764,29.441,0.352,8288.017,804.025,2867.937,449.318,39.262,3.899,0.996,0.416,0.796,0.177,9.637,2,1.072,2.4,-1.873
2499.162,59.662,0.39,8304.663,850.028,2501.566,472.986,38.71,4.116,0.975,0.417,0.801,0.989,5.719,6,2.256,3.8,-1.124
2365.176,28.527,0.389,8479.764,849.636,2627.494,449.276,38.991,4.163,1.092,0.397,0.831,0.124,7.64,8,2.035,3,-1.802
2498.657,59.662,0.39,8304.663,803.983,2500.398,447.389,38.71,4.116,0.973,0.417,0.801,0.989,5.746,4,2.787,3.8,-1.363
2499.099,49.205,0.388,8326.57,803.477,2500.763,447.739,39.006,4.115,0.971,0.412,0.796,0.64,6.102,4,2.377,3.8,-1.313
2488.823,53.552,0.382,8310.591,804.19,2500.406,447.374,38.713,3.893,0.948,0.393,0.797,0.785,6.089,4,2.568,3.6,-1.422
2415.895,30.791,0.389,8316.928,804.063,2509.623,447.41,38.734,3.877,1.04,0.412,0.796,0.163,7.416,4,1.884,3.4,-1.492
2354.002,31.102,0.387,8316.213,806.945,2690.032,447.389,38.71,4.069,1.04,0.411,0.796,0.11,8.116,3,1.69,3,-1.772
2499.099,48.457,0.388,8326.57,803.477,2500.763,449.344,39.005,4.115,0.971,0.412,0.796,0.615,6.581,4,2.314,3.6,-1.409
2354.002,31.102,0.387,8299.94,806.917,2681.28,447.389,38.71,4.178,1.04,0.393,0.796,0.11,7.92,4,1.737,3,-1.673
2466.6,31.424,0.39,8541.489,850.326,2506.048,473.112,39.01,4.124,1.017,0.395,0.832,0.165,7.108,8,2.189,3.6,-1.502
2462.658,48.417,0.388,8326.57,849.64,2506.06,448.622,39.088,3.876,1.017,0.395,0.796,0.614,6.141,6,2.494,3.8,-1.407
2466.6,30.197,0.39,8519.966,855.173,2506.947,473.112,39.01,4.115,1.086,0.412,0.832,0.164,7.237,8,1.971,3.6,-1.607
2307.611,31.341,0.382,7671.379,777.505,2766.75,430.763,38.007,4.113,0.946,0.378,0.736,0.091,8.436,9,1.609,2.8,-1.82
2489.479,30.255,0.388,7660.12,805.725,2502.941,409.943,39.939,4.012,0.966,0.411,0.733,0.174,6.797,6,2.613,3.6,-1.76
2498.084,31.405,0.35,7809.341,806.74,2505.819,410.101,39.981,4.106,0.953,0.411,0.742,0.178,7.74,5,2.008,3,-1.772
2280.759,31.382,0.347,8352.071,804.081,2766.556,415.142,39.993,4.114,0.974,0.406,0.733,0.084,9.895,4,1.066,2.4,-1.969
2280.759,29.867,0.347,8565.167,804.081,2766.556,415.142,39.993,4.114,0.974,0.411,0.736,0.08,9.875,5,1.003,2.4,-2
2371.282,31.405,0.347,8284.867,804.081,2766.556,415.142,39.994,4.114,0.974,0.406,0.733,0.119,9.696,4,1.098,2.4,-2.069
2280.939,29.867,0.369,8014.629,804.064,2766.556,415.065,40.967,4.114,0.974,0.424,0.736,0.08,9.538,7,1.087,2.6,-1.983
2485.611,31.405,0.39,7656.652,777.507,2507.067,410.742,40.012,4.113,0.946,0.411,0.736,0.172,6.933,8,2.456,3.6,-1.662
2411.356,31.405,0.388,7213.609,886.89,2587.594,409.843,40,4.126,0.946,0.414,0.725,0.137,7.441,9,2.166,3,-1.845
2280.939,29.867,0.369,8010.584,802.819,2766.556,415.057,40.967,4.114,0.946,0.424,0.736,0.08,9.398,8,1.176,2.6,-1.867
2281.03,31.282,0.369,8016.289,804.078,2766.741,413.37,40.015,4.113,0.955,0.412,0.743,0.081,9.316,6,1.182,2.6,-1.802
2485.611,31.405,0.39,7656.652,777.759,2507.067,410.214,40.012,4.113,0.949,0.412,0.733,0.172,6.963,7,2.36,3.6,-1.494
2295.868,31.405,0.346,7501.703,807.041,2707.882,410.777,40.117,3.992,0.955,0.379,0.733,0.097,9.257,5,1.308,2.4,-1.977
2436.028,31.436,0.349,7818.986,806.631,2577.218,409.807,39.981,4.106,0.954,0.412,0.742,0.149,8.221,5,1.665,2.8,-1.768
2281.03,31.281,0.369,8016.289,805.756,2782.998,413.307,40.015,4.113,0.955,0.412,0.743,0.082,8.837,6,1.511,2.6,-1.887
2445.808,31.421,0.39,7206.562,803.838,2594.533,409.821,40.013,4.012,0.958,0.386,0.733,0.154,7.301,6,2.264,3.4,-1.868
2448.599,31.405,0.388,7215.279,806.76,2513.832,402.882,39.981,4.125,0.956,0.413,0.716,0.162,7.077,7,2.474,3.4,-1.696
2412.129,31.406,0.389,7850.354,806.508,2585.37,410.101,40.015,4.018,0.95,0.412,0.719,0.138,7.427,6,2.079,3.2,-1.78
2300.765,31.426,0.388,8122.522,805.725,2612.361,409.985,39.939,4.017,0.956,0.406,0.735,0.129,8.041,6,1.605,3,-1.793
2283.6,31.382,0.39,8341.706,804.789,2678.027,415.231,40.023,3.979,1.017,0.396,0.733,0.114,8.393,5,1.467,3,-1.78
2307.209,31.342,0.369,7634.368,777.258,2768.419,413.293,40,4.113,0.95,0.412,0.743,0.088,8.645,7,1.641,2.6,-1.853
2479.628,31.405,0.347,7503.707,805.825,2503.224,410.777,39.034,3.992,0.955,0.411,0.733,0.17,7.862,5,1.736,2.8,-1.802
2325.092,31.411,0.382,7503.291,804.789,2693.346,409.743,40.023,3.981,0.971,0.37,0.735,0.102,8.172,6,1.667,2.8,-1.825
2325.449,31.405,0.385,7671.992,804.789,2699.422,430.639,38.026,3.979,1.017,0.396,0.735,0.1,8.542,7,1.347,2.8,-1.667
2282.392,31.382,0.388,7570.495,804.789,2693.346,409.743,40.022,3.979,1.017,0.396,0.786,0.109,8.771,5,1.173,2.6,-1.629
2325.092,31.405,0.388,7503.291,804.789,2693.346,409.743,40.023,3.979,1.017,0.396,0.715,0.109,8.077,6,1.861,3,-1.935
2445.98,31.442,0.389,7661.636,806.562,2502.941,409.824,40.014,4.012,0.966,0.411,0.719,0.166,7.283,6,2.032,3.4,-1.687
2299.358,31.414,0.348,8009.579,804.003,2768.104,415.093,39.939,4.107,0.973,0.412,0.736,0.085,9.652,5,0.96,2.6,-1.955
2300.765,31.424,0.388,8122.853,804.091,2605.831,409.985,40.017,4.017,0.955,0.412,0.735,0.131,7.934,6,1.708,3,-1.631
2493.332,29.732,0.389,10137.394,798.43,2500.19,450.892,39.511,4.114,0.994,0.423,0.8,0.222,6.752,4,2.652,3.6,-1.673
2480.738,28.706,0.385,7273.668,759.326,2503.422,507.852,39.529,3.881,0.938,0.434,0.808,0.17,-0.626,9,5.193,4,-1.64
2456.721,29.872,0.385,7140.323,799.534,2502.037,457.38,44.063,4.124,0.89,0.424,0.894,0.166,6.949,9,2.508,3.4,-1.74
2486.665,46.736,0.39,7886.447,797.756,2500.182,450.748,39.525,4.1,0.993,0.423,0.8,0.558,6.118,5,2.87,3.6,-1.562
2333.984,29.689,0.389,7368.488,838.547,2668.933,449.784,39.689,3.909,0.995,0.411,0.799,0.112,8.298,5,1.411,2.8,-1.587
2482.65,29.903,0.385,6890.76,887.897,2503.113,450.407,39.481,3.914,1.17,0.378,0.935,0.171,4.806,7,4.977,4.2,-1.582
2486.666,42.104,0.389,8017.214,783.413,2500.181,450.04,39.517,4.1,0.994,0.423,0.801,0.403,6.57,6,2.358,3.6,-1.534
2486.666,46.371,0.389,8017.214,783.07,2500.181,450.04,39.517,4.1,0.994,0.423,0.801,0.546,6.056,6,2.637,3.8,-1.415
2496.903,29.732,0.389,10152.254,793.858,2504.129,457.484,39.506,4.114,0.994,0.423,0.8,0.223,6.67,5,2.679,3.6,-1.656
2480.951,29.872,0.389,7259.578,747.482,2503.422,507.852,39.529,3.67,0.856,0.424,0.799,0.17,6.624,8,2.736,3.8,-1.636
2456.815,28.706,0.385,7279.015,759.326,2551.991,450.021,39.529,3.881,0.938,0.425,0.808,0.159,7.218,7,2.256,3.4,-1.787
2486.665,46.371,0.389,8017.214,797.342,2500.181,450.756,39.525,4.1,0.994,0.423,0.801,0.546,6.398,5,2.363,3.6,-1.465
2498.136,29.873,0.389,6694.827,747.479,2503.618,450.748,39.481,3.903,1.159,0.423,0.799,0.193,6.67,6,2.734,3.6,-1.671
2458.962,30.552,0.39,10016.13,793.858,2504.129,457.484,39.492,4.114,0.994,0.423,0.8,0.207,6.77,5,2.624,3.6,-1.736
2333.984,29.872,0.39,7565.089,793.752,2645.523,450.766,39.486,3.909,0.995,0.414,0.786,0.118,7.761,4,1.846,3,-1.79
2492.495,29.872,0.389,7118.403,797.775,2503.618,450.995,39.482,4.098,1.022,0.423,0.799,0.176,6.846,4,2.394,3.6,-1.472
2377.392,29.816,0.389,7740.587,793.752,2615.459,436.424,39.524,4.117,0.936,0.423,0.786,0.128,7.542,6,2.037,3,-1.825
2401.449,29.849,0.389,7572.11,793.7,2581.283,450.021,39.517,3.908,0.938,0.423,0.786,0.14,7.434,5,2.086,3.2,-1.849
2333.984,29.733,0.389,7565.089,793.766,2650.814,457.477,39.486,3.909,0.995,0.423,0.799,0.116,7.923,5,1.718,3,-1.709
2400.011,29.86,0.385,7295.461,793.917,2552.244,457.456,39.973,3.902,0.955,0.424,0.804,0.149,7.33,5,2.231,3.4,-1.807
2442.068,29.872,0.385,7130.916,798.427,2518.464,464.517,39.486,3.891,0.995,0.423,0.799,0.161,7.151,5,2.374,3.4,-1.86
2442.333,29.165,0.381,7131.301,793.182,2551.13,450.995,39.482,4.115,0.964,0.423,0.799,0.152,7.398,4,2.075,3.2,-1.68
2458.962,30.552,0.39,8017.005,793.956,2504.129,450.85,39.492,4.114,0.994,0.423,0.8,0.165,7.031,4,2.372,3.6,-1.649
2403.062,28.771,0.389,7252.129,793.752,2565.315,450.956,39.525,4.103,0.962,0.423,0.8,0.145,7.503,4,2.005,3.2,-1.66
2333.984,29.872,0.39,7565.089,793.752,2650.822,450.766,39.486,3.909,0.995,0.41,0.799,0.116,8.064,4,1.608,3,-1.616
2493.385,29.872,0.389,6850.775,797.775,2503.618,450.748,39.481,4.089,1.159,0.423,0.799,0.176,6.798,5,2.553,3.6,-1.718
2399.102,29.873,0.389,7571.926,793.7,2603.192,450.021,39.517,3.908,0.995,0.423,0.774,0.132,7.539,5,2.054,3.2,-1.797
2333.984,29.686,0.39,7891.171,797.966,2667.884,450.601,39.685,4.102,1.027,0.421,0.799,0.114,8.104,4,1.565,2.8,-1.609
2379.821,31.034,0.389,7797.538,885.172,2612.297,435.795,42.033,4.142,1.023,0.347,0.775,0.133,7.495,10,2.146,3.2,-1.847
2478.996,52.527,0.389,6939.143,800.508,2501.336,450.688,39.153,4.086,1.049,0.382,0.781,0.751,5.782,5,2.768,3.8,-1.415
2123.071,29.191,0.387,6943.006,800.467,2501.108,450.686,39.157,4.086,1.023,0.383,0.781,0.166,8.238,3,1.547,2.8,-1.698
2129.383,31.008,0.385,7497.809,800.394,2701.697,450.893,37.887,3.969,1.023,0.364,0.805,0.1,9.202,5,1.237,2.6,-1.875
2129.383,29.183,0.385,7497.809,800.467,2701.616,450.893,39.183,3.969,1.023,0.364,0.805,0.1,9.525,4,1.172,2.4,-1.778
2464.79,52.454,0.388,10436.94,986.098,2632.604,421.936,40.607,4.082,1.013,0.35,0.777,0.748,5.841,9,3.365,4,-1.532
2497.653,46.303,0.389,7044.582,802.959,2509.952,450.515,38.891,4.075,1.021,0.382,0.781,0.543,6.07,5,2.515,3.8,-1.404
2123.071,31.436,0.386,7434.434,800.457,2695.723,450.486,39.001,4.075,1.019,0.383,0.781,0.104,8.78,3,1.397,2.8,-1.649
2498.208,45.91,0.388,10440.666,799.669,2509.948,449.112,38.983,4.067,1.021,0.382,0.781,0.53,6.304,5,2.354,3.6,-1.36
2498.189,41.824,0.389,7203.553,802.849,2510.7,450.482,39.002,4.028,0.965,0.349,0.782,0.394,5.905,6,2.7,3.8,-1.418
2412.706,34.207,0.389,7423.107,803.368,2569.222,420.731,38.92,4.09,0.948,0.372,0.805,0.144,7.411,6,2.111,3.2,-1.83
2488.591,41.905,0.389,6874.916,802.961,2510.689,451.196,38.997,4.028,0.966,0.382,0.782,0.397,6.333,5,2.428,3.8,-1.4
2490.826,38.557,0.389,6874.916,800.112,2510.689,451.196,39.157,4.138,0.966,0.382,0.774,0.285,6.365,7,2.558,3.8,-1.542
2323.617,29.414,0.389,7379.952,842.188,2612.22,435.795,42.033,3.826,1.021,0.372,0.807,0.129,7.64,8,2.001,3,-1.684
2498.189,29.448,0.389,7860.513,800,2507.549,436.716,39.162,4.139,0.963,0.381,0.774,0.178,6.703,7,2.552,3.8,-1.642
2498.189,38.477,0.389,7203.553,800,2510.7,450.482,39.162,4.138,0.965,0.349,0.774,0.283,6.523,8,2.387,3.6,-1.396
2376.899,31.166,0.389,7797.538,808.453,2612.297,435.319,42.033,4.095,0.968,0.347,0.797,0.133,7.552,7,2.132,3,-1.787
2488.748,29.469,0.389,7446.377,802.993,2510.982,451.202,38.797,4.086,1.021,0.382,0.781,0.174,6.837,4,2.464,3.8,-1.642
2498.203,38.27,0.389,6988.457,803.205,2509.979,420.215,39.556,3.977,1.022,0.346,0.822,0.276,6.534,7,2.505,3.8,-1.504
2123.071,29.191,0.389,6943.006,800.467,2507.483,450.686,39.157,4.086,1.023,0.383,0.781,0.164,8.425,3,1.453,2.8,-1.651
2485.902,40.975,0.387,7045.681,801.905,2510.662,449.233,39.404,3.896,1.019,0.38,0.781,0.366,6.564,5,2.583,3.6,-1.556
2337.62,29.215,0.387,7430.503,800.491,2692.993,450.891,39.001,4.075,1.023,0.383,0.805,0.106,7.891,4,1.835,3,-1.835
2483.632,28.891,0.385,7430.496,807.17,2500.467,450.898,39.007,4.075,1.023,0.382,0.804,0.172,7.268,4,2.053,3.4,-1.649
2477.698,29.192,0.389,7864.63,801.787,2500.031,435.334,39.569,4.089,1.022,0.382,0.783,0.169,6.932,5,2.345,3.6,-1.472
2498.209,39.615,0.389,7032.847,802.959,2510.681,449.117,39.431,3.893,1.021,0.374,0.745,0.321,6.377,6,2.639,3.8,-1.528
2485.884,39.952,0.387,7032.847,802.959,2510.662,449.117,39.431,3.893,1.021,0.382,0.781,0.332,6.785,5,2.369,3.6,-1.516
2337.62,29.215,0.386,7430.503,800.491,2692.993,450.891,39.001,4.075,1.023,0.383,0.781,0.105,8.141,4,1.609,2.8,-1.803
2129.383,31.432,0.385,7445.664,800.394,2701.697,450.893,38.988,3.969,1.023,0.364,0.805,0.103,9.52,4,1.19,2.6,-1.885
2337.62,29.829,0.387,7430.503,800.491,2552.662,450.893,39.001,3.915,1.021,0.38,0.805,0.149,7.703,4,1.763,3,-1.649
2369.736,29.402,0.39,7373.338,800.75,2639.08,444.427,39.002,4.075,1.041,0.385,0.787,0.12,7.698,5,1.862,3,-1.653
2441.058,34.652,0.388,7632.068,800.518,2545.898,473.104,38.438,4.507,1.026,0.422,0.793,0.155,4.78,8,4.933,4.4,-1.508
2496.903,43.409,0.388,7679.721,802.812,2507.472,450.458,39.989,4.112,0.964,0.414,0.796,0.447,5.275,5,4.238,4,-1.504
2406.536,31.241,0.389,7402.901,838.319,2569.105,448.921,39.825,3.602,1.024,0.386,0.795,0.144,5.774,6,3.826,3.8,-1.802
2495.839,50.079,0.388,7719.787,802.638,2509.279,449.964,39.738,4.081,1.031,0.386,0.784,0.669,5.048,5,4.203,4.6,-1.418
2404.15,30.294,0.388,7606.343,795.113,2505.523,449.943,38.578,4.07,1.024,0.386,0.796,0.165,5.289,5,4.365,4,-1.662
2453.082,30.604,0.388,7065.953,802.638,2502.868,449.997,39.761,4.081,0.996,0.43,0.784,0.166,6.922,4,2.537,3.6,-1.653
2493.14,29.465,0.385,7680.369,806.821,2502.508,449.968,39.296,4.099,0.963,0.414,0.782,0.176,6.696,4,2.749,3.6,-1.85
2404.319,31.016,0.39,8258.672,795.105,2603.952,450.458,39.865,4.11,1.027,0.373,0.796,0.134,6.971,3,2.488,3.4,-1.59
2495.759,45.327,0.389,8351.606,802.768,2507.466,448.857,39.815,4.077,1.035,0.386,0.784,0.511,6.142,4,2.428,3.8,-1.407
2403.004,30.283,0.39,8258.672,802.873,2604.353,452.982,39.826,4.11,0.962,0.386,0.795,0.133,7.453,4,2.207,3,-1.792
2397.716,31.016,0.389,8258.672,795.105,2603.806,450.489,39.865,4.08,0.961,0.373,0.782,0.132,7.532,3,1.982,3.2,-1.604
2498.828,43.584,0.389,8250.781,802.768,2507.464,450.135,39.869,4.077,1.03,0.373,0.785,0.453,6.247,4,2.5,3.6,-1.484
2488.523,30.388,0.389,8360.953,802.769,2502.436,452.731,39.844,4.111,0.964,0.428,0.781,0.174,6.7,3,2.642,3.8,-1.633
2496.858,29.486,0.385,7687.419,802.812,2507.604,452.693,39.321,4.099,0.964,0.412,0.781,0.178,6.447,4,2.826,3.8,-1.624
2418.08,32.261,0.389,7686.187,794.624,2603.806,450.457,39.302,4.113,0.961,0.373,0.796,0.141,6.902,5,2.602,3.4,-1.58
2498.819,49.458,0.389,8361.715,802.472,2502.208,448.926,39.815,4.099,0.961,0.399,0.784,0.649,5.746,4,2.878,3.8,-1.402
2396.703,32.261,0.389,7686.187,794.624,2603.806,450.457,39.286,4.113,0.961,0.373,0.796,0.132,7.5,5,1.998,3.2,-1.736
2495.759,34.578,0.389,8351.606,802.768,2507.466,449.2,39.815,4.077,1.035,0.387,0.793,0.177,6.69,4,2.405,3.8,-1.458
2399.768,32.261,0.389,7686.5,802.404,2599.557,449.935,39.302,4.113,0.961,0.373,0.796,0.133,7.451,5,2.186,3,-1.853
2481.785,49.275,0.39,8257.57,802.498,2503.262,448.91,39.815,4.11,1.027,0.373,0.784,0.642,6.081,4,2.386,3.6,-1.308
2498.828,43.409,0.39,8362.232,802.768,2507.464,450.135,39.814,4.077,1.028,0.399,0.782,0.447,6.326,4,2.571,3.6,-1.413
2496.416,29.86,0.387,8351.632,809.726,2579.297,449.078,49.233,3.124,0.997,0.413,0.822,0.25,5.075,5,4.585,4.2,-1.596
2498.097,30.028,0.389,8252.478,791.226,2538.425,451.467,41.089,3.428,0.899,0.416,0.815,0.178,-0.539,6,5.245,4.4,-1.496
2496.485,29.829,0.389,8325.875,792.827,2526.201,450.852,39.669,3.67,0.999,0.415,0.815,0.178,6.85,4,2.526,3.8,-1.492
2389.566,33.909,0.389,8326.247,792.527,2621.173,423.381,42.571,3.487,0.999,0.415,0.815,0.13,7.53,7,2.087,3,-1.8
2340.928,29.793,0.387,8251.445,808.061,2633.991,451.345,40.034,3.686,1.013,0.413,0.815,0.122,7.886,4,1.658,3,-1.642
2496.485,29.826,0.387,8325.875,792.672,2526.201,450.852,42.611,3.67,0.997,0.413,0.822,0.178,6.711,5,2.654,3.6,-1.651
2492.88,30.033,0.389,8252.478,790.148,2516.579,451.392,41.074,3.413,0.92,0.415,0.815,0.176,6.783,7,2.61,3.6,-1.536
2381.091,28.988,0.389,8855.633,810.743,2627.022,448.029,39.974,3.666,0.997,0.413,0.815,0.124,7.55,6,2.058,3,-1.85
2382.278,29.757,0.389,8253.022,810.737,2626.904,448.105,39.975,3.516,0.997,0.415,0.815,0.124,7.687,5,1.868,3,-1.607
2467.204,29.002,0.389,8326.63,809.519,2531.991,450.855,39.682,3.413,0.961,0.415,0.815,0.164,7.034,4,2.337,3.6,-1.851
2418.811,29.998,0.39,8249.473,809.372,2532.733,448.258,39.916,3.371,1.002,0.383,0.809,0.157,7.038,4,2.58,3.4,-1.87
2402.085,30.028,0.389,8252.478,791.226,2540.633,452.12,39.96,3.428,0.899,0.416,0.815,0.153,7.237,5,2.307,3.4,-1.778
2411.41,29.056,0.39,8279.953,793.267,2566.181,451.94,39.626,3.46,0.996,0.415,0.809,0.145,7.265,4,2.409,3.4,-1.895
2385.261,29.061,0.39,8249.473,809.375,2613.335,448.258,39.916,3.466,1.002,0.415,0.807,0.133,7.507,4,2.076,3.2,-1.805
2353.154,29.793,0.387,8251.445,808.061,2624.196,451.345,40.034,3.651,1.013,0.413,0.815,0.125,7.685,4,1.96,3,-1.744
2381.091,28.991,0.389,8257.071,809.499,2640.611,449.395,39.941,3.516,1.013,0.415,0.815,0.123,7.791,4,1.666,3,-1.656
2404.874,32.057,0.39,8251.612,791.226,2540.633,451.676,42.48,3.428,0.994,0.416,0.815,0.153,7.158,6,2.355,3.2,-1.792
2447.119,28.72,0.389,8241.67,793.246,2536.756,450.845,39.95,3.417,0.898,0.416,0.815,0.154,6.96,5,2.596,3.4,-1.816
2407.936,29.061,0.39,8765.531,809.375,2613.335,448.258,39.916,3.46,1.002,0.415,0.809,0.136,7.456,5,2.232,3.2,-1.987
2408.83,28.848,0.389,8256.6,819.729,2578.666,447.378,42.451,3.662,0.997,0.415,0.822,0.14,7.336,6,2.205,3.2,-1.787
2405.125,33.869,0.39,8253.066,792.527,2588.292,451.441,42.39,3.485,0.999,0.415,0.815,0.137,7.421,6,2.032,3.4,-1.687
2390.005,29.827,0.389,8253.455,809.501,2622.618,448.258,39.841,3.663,1.013,0.415,0.807,0.127,7.538,4,2.147,3,-1.724
2409.049,29.866,0.389,8355.464,809.375,2588.191,452.129,39.921,3.43,0.996,0.415,0.815,0.142,7.309,4,2.053,3.4,-1.651
2408.819,29.827,0.389,8256.6,809.501,2578.38,447.378,42.451,3.565,1.013,0.415,0.807,0.141,7.37,5,2.153,3.2,-1.86
2448.984,29.061,0.39,8251.413,809.251,2537.051,438.717,39.915,3.419,1.002,0.415,0.815,0.155,6.895,5,2.547,3.6,-1.66
2448.984,29.061,0.39,8251.413,809.251,2537.051,450.845,39.915,3.419,1.002,0.415,0.815,0.155,7.214,4,2.181,3.6,-1.673
2381.091,28.991,0.389,8257.071,809.582,2626.904,449.395,39.941,3.516,0.997,0.415,0.815,0.124,7.725,4,1.729,3,-1.662
2493.113,30.033,0.389,8252.478,790.148,2517.037,450.377,39.717,3.652,0.999,0.415,0.815,0.176,6.796,5,2.492,3.6,-1.66
2408.614,29.578,0.389,8431.061,793.603,2566.592,449.377,42.418,3.436,0.996,0.415,0.822,0.144,7.265,6,2.407,3.2,-1.825
2405.125,33.909,0.389,8326.247,792.527,2588.292,425.052,42.39,3.485,0.999,0.415,0.815,0.137,7.268,7,2.277,3.2,-1.845
2437.136,32.131,0.345,9302.441,870.31,2533.456,445.601,38.624,3.999,1.03,0.406,0.795,0.156,-0.32,6,4.829,3.8,-1.585
2119.13,31.443,0.346,9301.751,790.858,2584.658,450.575,38.75,4,0.947,0.379,0.795,0.138,7.474,2,2.493,3,-1.863
2474.934,29.146,0.388,9260.084,799.93,2533.924,450.635,38.68,4.032,0.991,0.37,0.794,0.167,7.039,4,2.548,3.6,-1.895
2111.591,30.921,0.345,8897.205,796.482,2807.3,448.83,38.67,3.998,1.026,0.379,0.795,0.072,9.813,2,1.304,2.4,-2.109
2392.184,31.99,0.388,9258.079,803.711,2598.481,464.004,38.604,4.031,0.961,0.42,0.795,0.134,7.491,7,2.005,3.2,-1.609
2426.182,31.963,0.388,9290.556,799.344,2580.341,434.575,38.622,3.999,0.983,0.37,0.795,0.144,5.093,6,4.489,4.2,-1.548
2158.421,30.887,0.382,8401.255,796.481,2777.634,448.861,38.669,3.917,1.028,0.413,0.807,0.091,9.466,4,1.192,2.6,-1.967
2461.621,29.084,0.388,8870.003,796.56,2540.637,448.637,38.62,4,0.983,0.361,0.819,0.161,5.294,5,4.309,4.2,-1.608
2392.184,31.99,0.387,9282.778,803.711,2573.389,464.004,38.604,4.03,0.983,0.42,0.795,0.142,7.319,7,2.217,3.2,-1.862
2119.507,31.432,0.388,8909.643,799.465,2719.71,449.753,38.638,3.999,0.983,0.37,0.795,0.109,8.643,3,1.621,2.8,-1.835
2119.142,30.863,0.382,8918.285,796.646,2777.459,447.483,38.637,3.999,1.001,0.37,0.807,0.091,9.681,3,1.052,2.4,-1.885
2172.502,31.826,0.381,8910.046,796.481,2719.657,449.753,38.67,3.997,1.026,0.412,0.795,0.093,8.872,5,1.434,2.8,-1.828
2112.551,31.446,0.384,8910.048,796.481,2720.314,449.725,38.67,3.997,1.026,0.422,0.807,0.097,9.074,3,1.437,2.6,-1.875
2381.784,31.449,0.387,9291.97,795.88,2659.027,450.691,38.8,4,0.99,0.407,0.796,0.123,7.676,4,1.872,3.2,-1.673
2123.651,29.106,0.346,9176.359,805.819,2656.969,448.832,38.668,4.066,1.025,0.379,0.801,0.114,8.364,2,2.252,3,-2.006
2399.812,30.944,0.389,9258.69,796.117,2662.542,453.446,38.677,4,0.982,0.383,0.794,0.132,7.569,5,2.086,3,-1.8
2119.507,30.254,0.387,8909.643,789.046,2719.71,449.753,38.638,4.031,0.98,0.417,0.795,0.106,8.55,4,1.672,2.6,-1.802
2326.969,29.162,0.388,8912.533,803.658,2672.685,451.381,38.604,4.03,0.99,0.373,0.794,0.109,7.95,5,1.738,2.8,-1.716
2408.219,28.739,0.389,9303.088,799.929,2533.76,450.72,39.803,3.996,0.987,0.37,0.816,0.155,7.313,4,2.141,3.6,-1.687
2350.588,31.449,0.387,9291.97,795.88,2659.027,450.691,38.8,4,0.99,0.407,0.796,0.12,7.705,4,2.185,2.8,-1.923
2357.39,33.49,0.384,8902.067,800.03,2681.483,448.83,38.624,3.997,0.99,0.422,0.795,0.116,7.875,5,1.741,3,-1.649
2429.012,30.919,0.388,8580.82,796.482,2555.428,448.748,38.667,4,0.983,0.38,0.806,0.148,7.467,4,1.971,3.4,-1.656
2461.621,29.084,0.388,9309.167,792.524,2539.448,452.61,38.622,4,0.983,0.374,0.819,0.161,7.069,4,2.336,3.6,-1.716
2418.219,31.42,0.388,8577.732,796.484,2555.428,448.749,38.667,4,0.982,0.361,0.806,0.148,7.17,5,2.428,3.4,-1.825
2119.142,31.443,0.346,8918.285,788.822,2711.996,447.483,38.638,3.999,1.001,0.37,0.795,0.096,9.601,3,1.346,2.4,-2.143
2437.119,31.317,0.389,9205.688,797.273,2533.407,457.654,38.623,3.999,1.039,0.374,0.818,0.156,7.086,5,2.428,3.4,-1.762
2404.222,31.405,0.387,9283.046,857.813,2583.135,429.563,36.741,4,0.983,0.38,0.815,0.139,7.385,7,2.159,3.4,-1.788
2119.766,29.163,0.387,8913.955,796.502,2734.382,448.765,38.669,4.031,0.982,0.37,0.805,0.106,8.777,3,1.567,2.6,-1.855
2159.616,29.401,0.382,8910.043,796.481,2720.384,449.753,38.669,4.031,1.028,0.412,0.807,0.093,8.932,4,1.357,2.6,-1.895
2408.219,29.044,0.387,9305.319,796.488,2662.353,450.719,38.618,3.997,0.991,0.372,0.816,0.136,7.555,4,2.069,3.2,-1.793
2241.496,30.727,0.347,8254.009,804.142,2857.084,463.299,38.744,4.05,0.95,0.403,0.786,0.057,9.988,3,0.887,2.4,-1.74
2497.901,32.667,0.388,8250.302,803.961,2517.377,498.401,39.038,4.056,0.949,0.411,0.79,0.178,6.947,5,2.357,3.6,-1.642
2497.048,29.436,0.348,8251.477,804.131,2523.611,497.107,38.931,4.05,1.04,0.412,0.793,0.178,7.739,3,1.899,3,-1.871
2484.952,32.757,0.386,7018.326,903.532,2535.325,503.617,38.537,4.046,1.037,0.413,0.793,0.172,7.077,8,2.418,3.4,-1.644
2263.107,30.511,0.378,8268.044,750.44,2877.034,465.21,38.583,4.051,0.973,0.414,0.789,0.08,8.942,6,1.57,2.4,-2.069
2410.005,32.646,0.388,8289.786,804.034,2517.377,491.014,43.076,4.059,1.067,0.388,0.789,0.161,7.266,7,2.173,3.4,-1.644
2244.163,31.12,0.372,8251.218,757.703,2855.831,471.023,38.824,4.058,0.95,0.401,0.814,0.063,9.386,5,1.429,2.6,-1.958
2251.592,30.729,0.372,8268.109,800.241,2865.622,465.741,39.265,3.924,0.949,0.403,0.788,0.063,9.849,4,0.888,2.4,-1.842
2484.667,30.814,0.388,8289.458,804.035,2517.377,489.837,43.076,4.056,1.071,0.369,0.794,0.172,7.099,6,2.366,3.6,-1.853
2486.424,32.646,0.388,8289.786,804.035,2517.377,491.014,43.076,4.056,1.071,0.369,0.788,0.173,6.986,7,2.33,3.6,-1.49
2489.167,29.436,0.383,8262.558,805.046,2521.834,499.335,38.922,4.056,0.983,0.411,0.802,0.174,7.029,4,2.46,3.4,-1.667
2302.204,31.218,0.383,8288.018,840.831,2646.733,489.787,38.8,4.026,1.035,0.412,0.793,0.118,8.105,5,1.695,2.8,-1.812
2303.371,29.419,0.348,8251.352,805.046,2551.917,470.39,38.801,4.056,1.04,0.412,0.793,0.149,8.603,3,1.555,2.6,-1.818
2363.822,29.419,0.348,8251.352,805.046,2600.947,470.39,39.05,4.056,1.04,0.412,0.793,0.133,9.221,3,1.17,2.6,-1.887
2263.107,30.511,0.372,8268.109,800.241,2865.622,465.741,39.265,3.924,0.949,0.403,0.788,0.068,9.734,4,1.084,2.4,-1.817
2419.582,28.576,0.385,8265.625,895.082,2628.6,490.901,38.731,4.533,0.982,0.388,0.791,0.141,7.717,6,1.835,3,-1.647
2309.018,29.34,0.383,8296.583,788.418,2860.245,470.771,38.8,4.057,1.035,0.412,0.794,0.094,8.804,5,1.437,2.6,-1.83
2301.384,30.677,0.347,8253.492,804.653,2864.753,470.773,38.806,4.056,1.039,0.412,0.794,0.086,9.888,3,1.086,2.2,-2.071
2348.976,29.296,0.389,8339.793,834.519,2666.644,496.283,38.622,4.08,1.005,0.431,0.718,0.111,7.879,6,1.925,3,-1.87
2268.128,29.421,0.372,8268.109,800.241,2865.622,470.87,39.265,3.924,0.949,0.403,0.788,0.07,9.319,4,1.428,2.6,-1.922
2419.582,31.685,0.386,8289.406,804.424,2535.311,474.342,39.532,4.056,0.99,0.418,0.793,0.155,7.367,5,2.071,3.2,-1.673
2301.129,28.512,0.347,8251.943,799.995,2647.804,471.032,38.803,4.112,0.985,0.387,0.793,0.117,9.413,3,1.253,2.6,-1.852
2409.212,29.555,0.385,8325.328,804.14,2688.802,466.477,43.057,4.059,0.99,0.409,0.789,0.136,7.903,5,1.831,3,-1.782
2423.346,29.437,0.383,8262.558,806.631,2521.665,466.464,38.922,4.056,0.975,0.409,0.802,0.159,7.524,4,1.894,3.4,-1.66
2241.496,30.727,0.343,8254.043,799.804,2711.901,463.327,38.744,4.051,0.953,0.403,0.793,0.096,9.828,3,0.967,2.4,-1.917
2301.129,28.508,0.383,8251.943,799.995,2711.164,471.032,38.803,4.112,0.986,0.387,0.793,0.096,8.434,4,1.542,2.8,-1.815
2349.402,29.34,0.383,8288.018,799.953,2659.593,470.77,38.824,4.026,0.949,0.412,0.718,0.113,8.238,5,1.503,2.8,-1.58
2410.005,32.646,0.388,8289.786,806.728,2501.71,491.014,43.076,4.059,1.067,0.388,0.789,0.166,7.197,7,2.231,3.4,-1.724
2301.129,28.508,0.383,8251.908,804.333,2856.347,471.003,38.803,4.112,0.987,0.387,0.786,0.094,9.054,4,1.27,2.6,-1.622
2303.371,29.419,0.385,8251.002,804.455,2551.917,470.242,38.806,4.056,1.04,0.418,0.787,0.149,8.162,4,1.43,2.8,-1.638
2487.985,29.102,0.39,6544.007,963.619,2529.387,428.692,35.744,4.79,1.037,0.531,0.789,0.328,-1.042,9,4.671,3.8,-1.856
2499.665,57.845,0.389,6823.984,959.307,2522.415,448.682,39.46,4.107,1.045,0.404,0.804,0.928,5.476,6,2.785,4,-1.226
2489.066,31.021,0.349,7112.294,935.63,2522.916,450.646,39.437,4.106,1.047,0.381,0.782,0.174,7.646,4,2.085,3,-1.875
2373.334,29.862,0.348,7433.197,846.041,2691.912,448.685,39.311,4.105,1.043,0.405,0.782,0.119,8.814,4,1.519,2.8,-1.962
2495.578,56.493,0.389,6767.245,936.542,2504.444,448.619,39.456,4.271,1.045,0.403,0.804,0.883,4.892,7,3.742,4.6,-1.303
2494.24,50.154,0.389,7090.179,959.111,2520.333,451.514,39.454,4.108,1.046,0.406,0.788,0.672,5.896,6,2.533,3.8,-1.197
2494.263,50.198,0.389,6769.653,935.405,2516.086,448.684,39.456,4.276,0.876,0.404,0.788,0.673,5.576,8,2.932,4,-1.444
2494.332,30.559,0.389,6767.497,959.526,2506.411,448.682,39.454,4.107,1.045,0.404,0.788,0.199,6.671,5,2.688,3.6,-1.809
2499.665,55.759,0.389,6834.169,959.307,2522.415,448.676,39.46,4.107,1.045,0.406,0.804,0.859,5.837,6,2.651,3.8,-1.398
2494.24,50.42,0.389,7099.989,959.111,2520.333,451.514,39.454,4.108,1.046,0.406,0.788,0.681,5.89,6,2.798,3.8,-1.425
2373.334,29.93,0.388,7248.548,841.845,2691.912,448.81,39.311,4.053,1.046,0.392,0.789,0.127,7.934,5,1.667,3,-1.698
2494.24,50.243,0.389,7089.519,959.111,2504.649,451.514,39.454,4.275,1.045,0.406,0.788,0.675,5.707,7,3.086,3.8,-1.442
2434.958,31.844,0.384,7110.681,849.918,2522.899,448.105,39.307,4.106,1.045,0.405,0.793,0.159,7.042,6,2.463,3.6,-1.649
2489.066,30.351,0.389,6762.076,935.63,2522.916,450.386,39.437,4.106,1.047,0.468,0.789,0.185,6.014,6,3.293,4.2,-1.522
2499.963,56.37,0.389,6823.984,924.825,2522.415,461.98,39.46,4.107,1.045,0.404,0.805,0.879,5.456,7,2.771,4,-1.302
2494.438,30.558,0.39,7179.105,925.303,2506.328,448.68,39.268,4.107,1.045,0.406,0.771,0.177,6.647,6,2.487,3.8,-1.59
2495.578,56.493,0.389,6823.984,955.111,2522.415,448.619,39.46,4.107,1.045,0.404,0.804,0.883,5.642,6,2.772,3.8,-1.312
2373.334,29.916,0.349,7179.272,847.18,2593.754,448.687,39.534,4.108,1.043,0.406,0.797,0.135,8.473,4,1.588,2.8,-1.798
2480.256,30.964,0.389,7171.869,925.513,2525.389,448.676,39.456,4.107,1.045,0.406,0.788,0.17,6.845,5,2.716,3.6,-1.875
2395.026,29.878,0.349,7181.554,841.895,2590.543,448.619,39.543,4.107,1.016,0.404,0.789,0.136,8.24,4,1.775,2.8,-2.03
2421.454,30.796,0.348,7110.681,849.918,2594.774,448.091,39.517,4.106,1.045,0.382,0.782,0.143,8.102,4,1.829,2.8,-1.776
2402.096,30.719,0.389,7090.647,849.918,2536.747,448.104,39.517,4.108,1.045,0.405,0.793,0.154,7.209,5,2.179,3.6,-1.647
2434.958,30.766,0.384,7110.681,849.918,2567.264,448.168,39.298,4.106,1.045,0.405,0.788,0.149,7.341,5,2.176,3.4,-1.793
2433.7,30.353,0.349,7016.073,849.918,2514.78,448.103,39.511,4.107,1.045,0.405,0.787,0.162,7.811,4,2.008,3,-1.812
2495.52,30.348,0.389,7074.596,937.188,2522.908,448.573,39.308,4.107,1.04,0.404,0.787,0.177,6.71,5,2.68,3.6,-1.642
2368.372,29.78,0.39,7179.143,841.895,2593.754,448.618,39.302,4.108,1.043,0.403,0.804,0.135,7.472,5,2.219,3.2,-1.883
2434.976,30.36,0.383,7034.391,925.303,2529.532,448.572,39.272,4.107,1.045,0.406,0.787,0.157,7.108,5,2.395,3.4,-1.788
2417.536,29.916,0.389,7179.388,847.229,2593.754,448.687,39.625,4.108,1.043,0.406,0.797,0.14,7.388,5,2.201,3.4,-1.845
2421.543,29.878,0.35,7179.259,841.895,2523.978,448.649,39.543,4.107,1.018,0.404,0.789,0.159,7.939,4,1.893,2.8,-1.762
2433.25,30.353,0.35,7015.032,849.918,2516.144,448.113,39.533,4.107,1.045,0.405,0.798,0.161,7.83,4,1.935,2.8,-1.718
2471.99,37.171,0.371,7742.014,730.565,2631.769,494.774,43.547,4.791,1.226,0.483,0.661,0.239,6.465,12,2.838,3.4,-1.627
2446.321,30.323,0.385,7275.615,792.108,2539.316,426.945,39.361,3.986,0.993,0.375,0.806,0.154,7.23,5,2.391,3.4,-1.868
2447.224,30.631,0.389,7275.615,791.75,2539.053,447.445,39.362,4.036,1.007,0.388,0.806,0.154,7.3,4,2.183,3.4,-1.662
2495.675,45.362,0.384,6676.617,809.258,2516.522,448.01,38.818,4.033,0.986,0.368,0.804,0.512,-0.308,6,5.08,3.8,-1.542
2446.321,34.105,0.387,7273.927,852.291,2533.466,417.842,39.162,4.036,0.993,0.388,0.855,0.156,7.041,8,2.457,3.4,-1.887
2483.389,38.438,0.389,6648.736,791.751,2514.595,491.372,38.832,4.034,0.984,0.379,0.807,0.281,6.473,6,2.331,3.6,-1.507
2492.492,41.41,0.389,6692.027,791.301,2500.589,492.941,39.192,3.98,1.214,0.38,0.803,0.38,6.201,7,2.38,3.6,-1.385
2499.247,43.095,0.389,7323.392,791.537,2514.421,448.97,39.203,4.032,0.987,0.373,0.809,0.436,6.545,5,2.177,3.6,-1.453
2446.321,32.276,0.385,8953.437,792.108,2539.316,496.737,39.361,3.986,0.993,0.375,0.811,0.154,7.089,6,2.394,3.4,-1.709
2499.182,37.021,0.389,6730.979,792.899,2514.589,449.05,43.634,4.077,0.974,0.369,0.81,0.234,6.559,6,2.447,3.8,-1.488
2452.441,30.336,0.389,7275.615,791.358,2532.946,447.895,39.361,3.985,0.993,0.375,0.806,0.157,7.223,4,2.388,3.2,-1.787
2495.626,32.515,0.389,8808.22,791.85,2507.653,445.872,39.198,3.986,0.986,0.375,0.811,0.177,6.741,6,2.613,3.6,-1.7
2492.342,40.948,0.389,8555.443,791.285,2513.699,492.575,39.482,4.034,1.214,0.38,0.809,0.365,6.383,7,2.365,3.6,-1.378
2499.247,34.127,0.389,7324.124,791.537,2504.846,448.97,39.163,4.032,0.993,0.373,0.809,0.179,6.817,5,2.371,3.6,-1.664
2490.15,31.199,0.385,8601.693,791.987,2507.684,448.504,39.159,3.986,1.012,0.381,0.803,0.175,7.059,4,2.436,3.4,-1.609
2499.182,30.638,0.388,8671.354,791.797,2514.58,450.114,38.812,3.983,0.987,0.369,0.81,0.179,6.995,4,2.324,3.6,-1.474
2495.577,34.127,0.389,7324.124,791.438,2503.94,448.97,39.198,4.032,0.993,0.371,0.809,0.177,6.852,5,2.415,3.6,-1.627
2499.182,30.393,0.388,6730.979,791.797,2514.589,450.071,38.851,4.036,0.987,0.369,0.81,0.189,6.765,4,2.64,3.6,-1.744
2492.492,41.209,0.388,6676.595,791.301,2500.589,492.941,38.808,3.981,0.988,0.38,0.803,0.374,6.256,6,2.498,3.6,-1.382
2474.076,30.659,0.385,7267.672,809.226,2500.313,436.926,39.202,3.987,0.986,0.388,0.806,0.167,6.89,5,2.52,3.6,-1.831
2492.332,45.199,0.389,8555.443,791.285,2513.787,448.044,39.129,4.036,1.008,0.38,0.809,0.507,6.11,5,2.814,3.8,-1.582
2492.492,36.974,0.389,6692.027,791.301,2500.589,449.137,39.192,3.973,1.214,0.38,0.809,0.232,6.703,6,2.271,3.6,-1.504
2492.502,40.809,0.389,6719.882,808.357,2500.589,449.828,39.166,3.981,0.986,0.38,0.803,0.36,6.563,5,2.264,3.6,-1.512
2499.371,43.14,0.389,8545.627,791.285,2514.408,448.044,39.205,4.036,1.008,0.38,0.809,0.438,6.395,5,2.529,3.6,-1.544
2486.709,30.659,0.385,7267.672,809.226,2500.313,448.394,39.179,3.987,0.986,0.388,0.801,0.173,7.121,4,2.215,3.6,-1.622
2433.243,32.189,0.387,8446.922,791.091,2595.436,418.034,35.453,4.344,0.852,0.35,0.821,0.148,7.202,10,2.29,3.4,-1.716
2499.683,30.846,0.387,8309.661,791.298,2505.791,434.891,39.902,4.088,0.991,0.408,0.808,0.179,6.755,4,2.528,3.8,-1.5
2362.668,30.869,0.387,8393.591,788.285,2657.541,421.82,40.098,3.934,0.996,0.425,0.844,0.114,7.794,7,1.906,3,-1.656
2362.678,30.87,0.387,8310.003,796.673,2657.617,434.892,40.098,4.091,1.017,0.408,0.845,0.114,8.005,5,1.583,3,-1.649
2493.377,57.307,0.389,8320.084,791.897,2506.908,541.897,39.978,4.095,0.977,0.581,0.775,0.91,6.035,7,2.097,3.6,-1.205
2493.377,51.959,0.387,8320.084,790.718,2506.908,541.897,40.202,4.095,0.828,0.578,0.8,0.732,5.918,8,2.59,3.8,-1.245
2496.795,46.71,0.387,8328.255,800.776,2506.315,538.313,39.78,4.088,0.991,0.397,0.804,0.557,6.25,5,2.503,3.6,-1.416
2499.934,45.371,0.387,7850.234,726.398,2500.38,434.891,40.113,4.198,1.111,0.409,0.779,0.512,6.192,9,2.786,3.6,-1.564
2493.377,32.179,0.387,8320.084,791.111,2506.908,541.253,40.202,4.095,0.855,0.346,0.812,0.203,6.645,8,2.662,3.6,-1.86
2499.683,40.555,0.387,8248.601,791.293,2506.894,536.12,39.907,4.119,0.95,0.408,0.777,0.352,6.668,6,2.208,3.6,-1.378
2451.673,32.122,0.387,8313.959,790.68,2592.682,434.882,40.169,4.124,0.85,0.348,0.833,0.156,7.289,9,2.284,3.2,-1.778
2417.789,32.156,0.39,8469.15,791.088,2502.445,426.206,36.672,4.095,0.854,0.346,0.831,0.166,6.96,10,2.414,3.6,-1.656
2451.158,32.122,0.387,8309.691,790.68,2592.682,434.882,40.169,4.124,0.85,0.398,0.833,0.156,7.403,8,2.092,3.2,-1.669
2362.973,30.846,0.387,8310.003,796.673,2655.505,434.892,40.098,4.091,0.996,0.408,0.799,0.115,7.92,4,1.818,3,-1.653
2496.349,46.71,0.389,8392.188,800.798,2505.773,537.17,39.973,4.095,0.992,0.408,0.8,0.557,6.064,6,2.213,3.8,-1.297
2499.683,42.345,0.387,8248.601,791.907,2506.894,536.12,39.971,4.084,0.992,0.408,0.777,0.411,6.361,5,2.299,3.6,-1.396
2499.683,42.198,0.387,8247.358,791.907,2506.894,433.632,39.971,4.112,0.992,0.408,0.777,0.407,6.509,5,2.258,3.8,-1.373
2359.392,32.475,0.387,8310.001,788.285,2653.53,421.82,40.102,4.089,0.996,0.414,0.802,0.115,7.828,6,1.777,3,-1.707
2363.813,30.846,0.387,8310.003,802.06,2591.171,431.176,40.05,3.934,0.977,0.418,0.815,0.136,7.666,4,1.896,3,-1.698
2409.976,30.871,0.387,8310.001,802.06,2590.713,433.959,40.05,3.934,0.977,0.419,0.815,0.137,7.495,4,2.048,3.2,-1.618
2491.269,31.645,0.387,8309.815,790.84,2504.611,434.891,36.762,4.088,0.991,0.349,0.681,0.175,6.882,8,2.46,3.6,-1.678
2496.345,46.529,0.387,8314.403,801.572,2506.895,536.043,39.782,4.34,0.989,0.408,0.808,0.551,6.13,6,2.374,3.6,-1.287
2496.349,45.758,0.389,7859.086,800.798,2504.928,537.17,39.973,3.92,0.98,0.408,0.8,0.525,6.345,6,2.021,3.6,-1.266
2499.752,45.371,0.387,8230.925,801.468,2500.38,434.891,40.113,3.94,1.111,0.409,0.808,0.512,6.257,7,2.344,3.6,-1.28
2418.438,30.871,0.387,8305.861,802.06,2561.59,433.959,40.367,3.934,0.98,0.419,0.802,0.146,7.442,5,2.054,3.2,-1.79
2491.016,31.654,0.387,8326.925,791.048,2506.903,428.393,39.473,4.089,0.829,0.414,0.808,0.175,7.046,6,2.359,3.6,-1.651
2362.973,30.871,0.387,8310.001,788.285,2654.438,421.82,40.098,3.934,0.996,0.419,0.802,0.115,7.879,5,1.859,3,-1.687
2450.423,30.836,0.388,8309.814,790.848,2523.24,434.891,39.973,4.088,0.996,0.406,0.799,0.159,7.147,4,2.475,3.4,-1.857
2493.895,34.31,0.387,8309.854,790.368,2505.791,434.891,40.103,3.931,0.991,0.419,0.818,0.176,6.721,5,2.563,3.8,-1.68
2432.544,30.827,0.387,7289.473,791.091,2521.069,417.885,35.453,4.344,0.852,0.35,0.821,0.16,7.111,9,2.498,3.4,-1.84
2466.108,29,0.345,8285.975,799.929,2541.972,450.325,39.618,4.087,0.969,0.403,0.778,0.163,7.952,2,1.823,2.8,-1.793
2492.747,46.977,0.383,8280.451,803.288,2540.353,450.325,39.033,4.046,0.97,0.414,0.778,0.566,6.68,4,2.41,3.4,-1.556
2222.025,29.379,0.344,8497.403,801.464,2854.912,455.073,39.865,4.191,0.996,0.412,0.787,0.048,9.873,5,1.006,2.4,-2.063
2222.025,29.357,0.344,8284.969,799.764,2854.912,450.321,39.825,3.981,0.969,0.412,0.778,0.048,9.978,2,0.745,2.4,-1.887
2495.077,45.942,0.383,8232.684,802.59,2541.874,450.325,39.638,4.093,0.969,0.412,0.772,0.531,6.567,5,2.303,3.6,-1.409
2494.187,45.389,0.389,8233.059,841.144,2536.556,437.426,39.026,3.842,1.029,0.392,0.772,0.513,6.616,8,2.129,3.6,-1.4
2492.85,28.911,0.383,8284.973,803.283,2540.353,447.052,39.699,4.201,0.984,0.412,0.788,0.176,7.037,5,2.467,3.4,-1.66
2487.57,43.726,0.384,8338.669,801.297,2541.874,467.93,39.054,4.198,0.965,0.412,0.787,0.458,6.931,6,2.307,3.4,-1.668
2271.065,32.415,0.38,8275.798,726.617,2696.669,450.024,37.622,4.19,1.022,0.412,0.781,0.101,8.668,7,1.327,2.8,-1.593
2241.208,29.804,0.343,8285.993,775.198,2839.753,448.878,39.056,4.038,0.965,0.412,0.788,0.057,9.856,3,0.849,2.2,-1.784
2229.433,28.762,0.372,8276.668,799.224,2842.053,449.866,40.808,4.098,0.969,0.422,0.778,0.063,9.54,4,1.211,2.4,-1.9
2269.631,33.473,0.383,8287.776,802.102,2652.032,449.443,39.639,4.19,0.923,0.412,0.787,0.116,8.033,6,1.843,2.8,-1.696
2494.98,45.128,0.384,8337.266,799.135,2522.885,455.042,39.843,4.202,0.996,0.412,0.778,0.504,6.73,6,2.249,3.4,-1.536
2484.048,28.706,0.384,8280.863,802.585,2541.153,450.309,39.624,4.038,0.971,0.412,0.787,0.172,7.07,3,2.462,3.4,-1.845
2495.077,44.474,0.384,8337.266,799.135,2541.874,468.15,40.851,4.202,0.989,0.412,0.778,0.482,6.728,7,2.182,3.6,-1.528
2222.025,29.34,0.385,8284.973,799.764,2854.912,450.285,39.825,3.982,0.984,0.412,0.778,0.1,9.239,3,1.339,2.6,-1.923
2270.641,28.706,0.382,8284.948,799.741,2637.662,449.632,39.148,3.98,0.979,0.412,0.797,0.121,8.297,3,1.495,2.8,-1.798
2268.448,29.845,0.377,8279.92,798.016,2848.865,465.574,39.036,4.036,0.965,0.41,0.788,0.077,8.841,4,1.54,2.6,-1.875
2230,29.818,0.375,8276.11,799.206,2842.112,465.856,39.032,4.102,0.969,0.411,0.788,0.071,9.027,4,1.516,2.6,-2.094
2397.838,28.703,0.382,8277.27,802.666,2576.454,466.632,39.032,4.03,1.002,0.411,0.778,0.141,7.57,4,2.026,3.2,-1.662
2222.025,29.357,0.382,8284.969,799.764,2856.858,450.321,39.825,3.981,0.969,0.412,0.778,0.091,9.52,3,1.052,2.6,-1.847
2422.189,27.505,0.383,8284.973,802.464,2540.353,451.386,39.587,4.064,0.984,0.412,0.788,0.153,7.441,4,2.114,3.2,-1.66
2265.363,29,0.381,8287.782,799.929,2681.539,450.325,39.618,4.199,0.969,0.4,0.778,0.106,8.273,4,1.715,2.8,-1.84
2453.546,27.505,0.389,8284.917,802.464,2540.353,451.386,39.587,3.84,0.984,0.392,0.788,0.157,7.225,5,2.318,3.4,-1.851
2489.852,45.942,0.383,8232.684,802.534,2538.662,450.325,39.618,4.093,0.952,0.423,0.788,0.531,6.935,4,1.99,3.4,-1.402
2401.505,28.703,0.384,8277.27,802.829,2578.705,468.105,38.588,4.193,0.969,0.411,0.761,0.14,7.554,7,1.973,3,-1.669
2495.077,44.112,0.385,8337.266,799.135,2546.045,468.172,40.913,4.19,0.989,0.412,0.778,0.47,6.9,7,1.974,3.6,-1.384
2495.417,45.915,0.383,8269.775,801.382,2541.874,450.325,39.633,4.091,0.969,0.412,0.772,0.53,6.85,5,2.199,3.6,-1.554
2466.108,29,0.384,8582.007,799.929,2541.874,450.325,39.618,4.087,0.969,0.412,0.778,0.163,7.168,4,2.291,3.6,-1.812
2490.784,44.474,0.384,8280.629,802.586,2525.777,466.604,39.622,4.035,0.973,0.412,0.772,0.482,6.789,6,2.149,3.6,-1.534
2497.077,45.655,0.386,8237.837,793.396,2503.451,514.653,39.129,4.441,1.023,0.377,0.787,0.522,5.578,6,3.783,3.8,-1.56
2499.181,45.661,0.389,8237.837,803.599,2500.092,449.929,39.535,4.441,0.95,0.377,0.788,0.522,6.086,5,2.831,3.6,-1.568
2499.375,29.081,0.39,8237.837,811.027,2500.408,458.033,38.572,4.899,0.95,0.365,0.787,0.225,6.582,8,2.747,3.6,-1.631
2499.381,29.733,0.354,8234.674,800.722,2562.077,447.576,39.077,4.109,0.983,0.419,0.784,0.179,7.755,2,1.984,3,-1.658
2374.718,27.882,0.387,8235.911,808.18,2634.006,449.936,39.924,4.439,0.988,0.355,0.824,0.122,8.499,7,1.222,2.8,-1.58
2494.889,45.124,0.39,12556.592,794.887,2500.14,507.026,39.46,4.492,1.022,0.374,0.893,0.513,5.992,8,2.77,3.8,-1.411
2482.496,40.009,0.39,8152.969,797.206,2501.496,506.957,40.928,4.655,0.949,0.377,0.814,0.334,6.255,8,2.785,3.8,-1.544
2494.889,45.138,0.39,8234.596,803.428,2500.092,507.026,39.461,4.492,1.022,0.374,0.888,0.505,6.11,7,2.323,3.8,-1.287
2387.083,29.731,0.383,8181.382,794.313,2672.072,447.17,39.079,4.102,0.971,0.377,0.814,0.126,7.799,4,1.816,3,-1.775
2381.345,29.715,0.387,8277.695,792.057,2634.006,458.14,39.02,4.483,0.988,0.365,0.814,0.123,8.072,6,1.426,3,-1.636
2494.815,44.242,0.388,12214.636,792.47,2503.113,448.455,39.894,4.437,1.021,0.378,0.814,0.475,6.207,6,2.832,3.8,-1.544
2387.083,29.731,0.383,8347.29,800.722,2672.072,447.17,39.079,4.102,0.971,0.377,0.814,0.126,8.303,3,1.385,2.8,-1.596
2468.017,29.733,0.354,8234.674,803.552,2602.775,447.607,39.549,4.109,0.958,0.377,0.784,0.164,8.477,2,1.386,2.8,-1.644
2499.181,42.333,0.389,8237.837,803.599,2500.408,449.929,39.522,4.441,0.95,0.377,0.787,0.411,6.332,5,2.487,3.8,-1.398
2495.127,28.967,0.39,8233.88,800.722,2562.787,448.461,39.077,4.114,0.982,0.378,0.784,0.177,7.058,3,2.425,3.4,-1.843
2499.181,42.296,0.389,8240.38,803.599,2500.186,448.796,39.522,4.441,1.024,0.385,0.779,0.41,6.474,5,2.416,3.6,-1.54
2381.345,29.711,0.387,8235.854,792,2634.006,447.757,39.919,4.439,0.988,0.355,0.814,0.123,8.113,5,1.368,2.8,-1.584
2499.181,45.602,0.389,8237.837,808.669,2500.092,449.929,38.991,4.106,0.95,0.377,0.82,0.52,6.235,4,2.572,3.6,-1.542
2499.375,40.801,0.39,8237.837,803.599,2500.408,457.173,38.583,4.899,0.95,0.377,0.787,0.36,6.224,7,2.774,3.8,-1.56
2481.915,31.075,0.39,8499.379,861.226,2500.189,447.874,40.935,4.573,0.983,0.385,0.788,0.171,6.856,7,2.473,3.6,-1.502
2436.765,32.506,0.388,8240.973,801.257,2639.146,452.59,38.761,4.456,1.034,0.37,0.784,0.149,7.391,5,2.113,3.2,-1.644
2437.35,29.61,0.39,8241.082,800.698,2532.659,447.169,39.143,4.49,1.022,0.377,0.783,0.156,7.208,4,2.201,3.6,-1.653
2499.322,31.103,0.388,8534.985,897.876,2503.442,450.729,39.443,4.456,1.021,0.37,0.784,0.179,6.673,6,2.701,3.6,-1.627
2491.063,29.7,0.387,8154.876,800.726,2501.496,508.529,39.253,4.665,0.981,0.384,0.813,0.175,6.976,6,2.345,3.6,-1.616
2468.758,29.733,0.353,8234.725,800.722,2561.818,447.576,39.128,4.109,0.983,0.377,0.784,0.165,8.187,2,1.534,2.8,-1.812
2405.329,30.896,0.389,8241.346,792.357,2632.616,449.908,39.9,4.441,0.987,0.378,0.787,0.135,7.521,4,2.055,3.2,-1.68
2387.083,29.617,0.383,8347.29,800.722,2612.062,447.17,39.079,4.439,0.971,0.397,0.814,0.129,7.69,4,1.862,3,-1.624
2499.728,40.444,0.39,8455.831,800.622,2501.481,447.301,39.53,4.441,1.02,0.377,0.784,0.348,6.241,6,2.454,3.6,-1.389
2439.793,31.227,0.387,8528.51,882.014,2512.782,419.869,39.396,4.361,0.948,0.377,0.784,0.162,7.121,7,2.456,3.4,-1.817
2400.641,29.836,0.389,8322.589,808.679,2636.673,457.466,38.974,4.484,0.947,0.378,0.78,0.132,7.563,5,2.021,3.2,-1.8
2494.061,33.685,0.383,9356.58,795.906,2501.393,489.536,41.503,4.105,0.958,0.405,0.879,0.176,6.701,8,2.596,3.8,-1.656
2406.498,33.67,0.381,8706.619,790.033,2629.208,464.535,41.467,4.117,0.871,0.386,0.895,0.135,7.551,10,1.981,3.2,-1.822
2494.38,30.838,0.348,8270.704,800.267,3008.958,493.454,39.537,4.057,0.958,0.424,0.791,0.177,9.765,2,0.979,2.4,-1.787
2494.383,30.824,0.349,8290.406,796.007,2501.109,493.037,39.555,4.063,0.958,0.407,0.818,0.177,7.791,3,1.798,3,-1.722
2229.728,29.568,0.347,8835.904,803.167,2993.532,478.664,40.049,4.056,0.973,0.404,0.852,0.065,10.172,4,0.89,2,-1.843
2256.756,29.688,0.382,8953.807,804.65,2993.423,471.616,37.987,4.045,0.973,0.392,0.872,0.091,9.283,6,1.382,2.4,-1.923
2325.981,30.793,0.379,8284.748,790.624,2733.538,493.154,40.053,4.001,0.975,0.392,0.827,0.097,8.492,5,1.429,2.8,-1.798
2263.686,30.912,0.378,8677.059,800.191,3002.517,464.626,41.452,3.756,0.982,0.386,0.864,0.08,9.374,7,1.436,2.6,-2.154
2420.012,33.653,0.381,9458.771,796.638,2558.071,490.314,44.834,4.112,0.874,0.405,0.889,0.147,7.276,9,2.27,3.2,-1.832
2421.371,30.755,0.35,8290.67,800.354,2996.88,492.14,40.049,4.11,0.999,0.407,0.822,0.142,9.967,2,1.048,2.4,-2.058
2263.6,30.904,0.379,8677.969,800.331,2996.88,478.635,40.049,3.754,0.975,0.375,0.864,0.083,9.596,6,1.154,2.4,-2.014
2481.755,30.796,0.383,8283.494,796.007,2508.275,505.138,39.57,4.105,0.955,0.382,0.883,0.171,7.1,5,2.395,3.4,-1.673
2328.96,30.834,0.383,8016.353,800.881,2706.503,462.444,40.052,4.127,1.048,0.381,0.879,0.099,7.999,7,1.814,2.8,-1.837
2263.686,30.825,0.38,8682.342,800.331,2996.88,478.635,40.097,4.126,0.982,0.376,0.817,0.086,9.763,5,1.002,2.4,-1.938
2420.012,33.652,0.381,9458.771,796.638,2572.632,490.314,44.834,4.112,0.869,0.405,0.889,0.142,7.441,9,2.058,3.2,-1.83
2444.896,33.67,0.381,9529.289,795.854,2554.908,490.194,41.446,4.047,0.955,0.405,0.875,0.153,7.279,8,2.213,3.2,-1.758
2350.357,30.83,0.384,8022.346,796.074,2652.757,462.444,40.076,4.127,0.975,0.405,0.879,0.116,7.857,7,1.945,3,-1.807
2263.391,30.013,0.348,8835.904,800.267,2993.531,478.664,40.049,4.057,0.97,0.404,0.791,0.068,10.128,3,0.737,2.2,-1.757
2494.251,30.824,0.381,8290.481,795.945,2501.109,493.037,39.556,4.105,0.958,0.407,0.818,0.177,7.017,4,2.473,3.4,-1.691
2266.555,33.547,0.379,8637.342,800.593,2643.169,478.13,40.097,4.115,0.999,0.384,0.864,0.119,7.662,7,2.103,2.8,-1.68
2494.061,29.858,0.383,9354.709,791.128,2501.393,505.075,39.556,4.105,0.958,0.381,0.879,0.176,6.771,6,2.611,3.6,-1.627
2256.818,29.393,0.343,8254.342,804.378,2996.88,478.059,40.054,3.517,0.997,0.413,0.823,0.121,10.114,3,0.711,2.4,-1.98
2329.223,30.966,0.379,8374.099,790.624,2733.538,493.058,40.053,4.02,0.975,0.373,0.833,0.099,8.219,6,1.807,2.8,-1.805
2272.623,30.912,0.343,8824.283,795.941,2996.88,478.774,41.45,4.104,0.975,0.404,0.813,0.072,10.032,4,0.978,2.2,-2.043
2421.371,33.705,0.382,8290.67,800.354,2513.816,492.14,40.043,4.105,0.999,0.407,0.88,0.162,7.527,6,1.769,3.4,-1.642
2270.159,30.91,0.379,8636.956,790.624,2993.951,493.058,39.155,4.02,0.986,0.371,0.814,0.096,9.486,4,1.369,2.6,-2.08
2481.732,29.813,0.385,8708.817,795.87,2501.85,478.587,40.093,4.104,0.955,0.405,0.879,0.171,6.865,6,2.454,3.6,-1.602
2406.593,30.883,0.381,8246.059,801.284,2627.202,505.583,39.511,4.115,0.985,0.397,0.821,0.135,7.698,4,1.918,3.2,-1.792
2443.912,30.969,0.381,8290.481,795.945,2571.933,490.246,39.442,4.105,0.958,0.405,0.818,0.153,7.648,4,1.806,3.2,-1.658
2329.223,30.823,0.379,8377.526,795.932,2506.006,493.058,40.042,4.02,0.975,0.407,0.808,0.165,7.61,5,1.961,3,-1.678
2453.515,36.687,0.388,8690.11,809.109,2510.676,511.937,37.046,2.956,1.203,0.414,0.938,0.261,6.576,10,2.69,3.6,-1.673
2488.485,51.06,0.39,8703.386,994.707,2516.022,512.031,39.534,4.214,0.989,0.388,0.923,0.702,5.798,9,2.813,3.8,-1.427
2498.56,31.258,0.389,8348.448,808.902,2544.763,451.47,39.508,4.082,0.989,0.391,0.918,0.179,6.936,4,2.637,3.6,-1.845
2350.04,30.647,0.389,8339.627,809.314,2790.74,451.871,39.493,4.082,0.987,0.398,0.891,0.114,8.561,4,1.478,2.8,-1.778
2498.878,48.143,0.388,8351.328,809.294,2520.081,450.792,37.031,4.082,0.978,0.399,0.887,0.605,6.318,6,2.453,3.8,-1.548
2498.878,40.762,0.39,8347.211,809.311,2520.211,450.792,37.031,4.082,0.989,0.398,0.893,0.359,6.696,6,2.068,3.6,-1.402
2499.591,48.372,0.389,8684.101,809.296,2510.494,450.792,37.031,4.082,0.99,0.381,0.887,0.612,5.93,7,2.658,3.8,-1.395
2466.838,30.661,0.388,8688.945,809.719,2518.956,512.944,37.065,4.078,1.203,0.414,0.937,0.203,6.794,8,2.695,3.6,-1.833
2481.7,36.688,0.389,8347.031,808.166,2510.168,452.324,39.485,4.211,1.01,0.399,0.874,0.223,6.748,6,2.475,3.6,-1.61
2498.56,50.361,0.389,8348.448,808.902,2516.239,451.47,39.496,4.082,0.989,0.389,0.926,0.679,5.911,5,2.784,3.8,-1.435
2401.794,32.088,0.382,8531.72,824.07,2598.998,462.82,38.026,4.083,1.01,0.398,0.893,0.134,7.44,9,2.175,3,-1.817
2490.241,40.226,0.39,9013.715,808.343,2516.039,511.217,37.185,4.104,0.998,0.388,0.923,0.341,6.446,8,2.254,3.6,-1.38
2350.04,32.501,0.39,8339.627,809.314,2790.74,448.897,39.496,4.082,0.989,0.398,0.891,0.114,8.158,5,1.731,2.8,-1.845
2498.217,48.82,0.388,8350.946,808.902,2515.851,452.32,39.496,4.166,1.01,0.389,0.887,0.627,5.816,6,2.775,3.8,-1.425
2365.452,32.491,0.39,8533.267,809.311,2816.332,451.871,37.031,4.082,0.989,0.398,0.893,0.116,7.834,7,1.956,2.8,-1.815
2498.554,38.414,0.388,8362.782,809.279,2511.058,447.492,39.491,3.99,0.999,0.388,0.918,0.28,6.853,5,2.203,3.6,-1.486
2366.486,31.259,0.389,8348.484,806.356,2803.042,451.865,39.493,4.082,0.987,0.408,0.893,0.116,8.21,4,1.685,2.8,-1.837
2404.685,32.069,0.389,8408.574,810.776,2599.299,451.51,39.498,4.077,0.991,0.406,0.893,0.134,7.454,7,1.989,3.2,-1.66
2408.304,31.258,0.389,8348.448,808.902,2544.763,451.47,39.508,4.082,1,0.399,0.918,0.152,7.249,4,2.34,3.2,-1.776
2408.304,31.258,0.389,8348.448,808.902,2551.432,451.47,38.304,4.082,0.989,0.399,0.918,0.15,7.81,5,1.474,3.2,-1.528
2370.332,29.1,0.389,8529.001,809.306,2791.867,451.871,39.424,4.082,1.052,0.398,0.899,0.124,8.024,5,1.757,2.8,-1.81
2429.363,31.199,0.388,8337.225,809.072,2511.036,452.604,39.512,3.991,1.041,0.399,0.918,0.163,7.073,4,2.342,3.4,-1.658
2493.495,40.143,0.389,8899.014,809.305,2516.252,451.871,39.496,4.082,1.052,0.397,0.926,0.338,6.705,6,2.181,3.6,-1.385
2498.56,49.814,0.389,8348.235,808.902,2513.811,451.47,39.493,4.082,0.989,0.389,0.926,0.66,6.458,5,2.405,3.6,-1.482
2473.352,50.106,0.39,8348.448,808.902,2516.239,451.47,39.496,4.082,0.998,0.376,0.926,0.67,6.145,5,2.054,3.8,-1.282
2406.391,31.26,0.389,8339.93,808.902,2557.449,451.47,39.508,3.418,1.001,0.399,0.918,0.148,7.885,5,1.459,3.2,-1.6
2494.942,31.253,0.39,9035.886,808.771,2527.339,547.089,40.785,4.029,1.249,0.389,0.94,0.249,6.628,8,2.723,3.8,-1.638
2486.561,40.668,0.39,9013.715,823.755,2516.039,511.217,42.035,4.102,0.999,0.388,0.923,0.356,6.146,9,2.672,3.8,-1.516
2476.476,32.491,0.389,8339.627,809.307,2505.327,451.871,39.485,4.082,0.989,0.398,0.891,0.168,6.982,5,2.284,3.6,-1.618
2468.637,48.871,0.388,8350.946,808.888,2515.851,452.32,39.496,4.077,1.01,0.389,0.887,0.629,6.611,5,2.167,3.4,-1.413
