max_rpm,dampRateFullT,dampRateZero_CE,dampRateZero_CD,gearSwitchTime,clutchStrength,mass,dragCoeff,tireFric,dampRate,radius,maxBrakeTorque,MaxPercentage,SaftyDegree,numbers,TIT,TET,Dece
4910.781,0.14,1.834,0.341,0.532,9.92,2583.992,0.494,3.469,0.256,35.648,1223.7,0.647,-2.084,7,0.0,0.0,3.139
6748.727,0.119,1.838,0.3,0.559,10.753,2627.584,0.307,3.28,0.27,36.689,1532.722,0.207,-3.056,11,0.0,0.0,4.982
4961.959,0.1,1.323,0.282,0.515,11.101,2359.606,0.296,1.9,0.251,35.39,1563.259,0.457,-5.534,8,0.0,0.0,2.601
4685.797,0.118,1.565,0.282,0.382,9.981,2560.454,0.236,2.656,0.261,35.433,1535.005,0.241,-3.623,10,0.0,0.0,3.188
6855.097,0.147,1.44,0.303,0.456,9.914,2397.056,0.309,2.825,0.231,35.326,1221.364,0.28,0.864,7,0.197,0.25,3.807
6158.754,0.112,1.2,0.344,0.308,8.564,2158.846,0.206,2.79,0.225,35.538,1379.37,0.4,-6.789,10,0.0,0.0,7.042
4888.436,0.155,1.111,0.356,0.327,11.459,2058.772,0.335,3.044,0.21,35.647,1297.391,0.445,-6.59,9,0.0,0.0,4.34
6577.266,0.118,1.251,0.347,0.45,10.108,2070.388,0.412,2.157,0.245,35.837,1249.324,0.384,-6.472,9,0.0,0.0,4.657
4994.581,0.139,2.002,0.312,0.513,10.58,2413.004,0.259,3.534,0.215,35.466,1401.156,0.14,1.195,7,0.147,0.25,3.597
6785.498,0.156,1.696,0.323,0.488,11.631,2333.957,0.296,2.905,0.293,36.274,1577.069,0.172,0.662,9,0.232,0.3,3.281
6530.759,0.168,2.289,0.312,0.38,9.986,2687.288,0.299,3.246,0.246,36.058,1356.835,0.24,-1.81,9,0.0,0.0,4.063
6552.102,0.118,1.408,0.341,0.376,9.039,2344.064,0.257,3.572,0.281,36.653,1496.278,0.296,-6.367,9,0.0,0.0,6.467
6958.994,0.122,2.026,0.394,0.364,11.53,2275.481,0.221,3.403,0.227,36.236,1566.535,0.272,-4.259,10,0.0,0.0,2.934
5944.478,0.171,1.733,0.289,0.436,8.66,2177.934,0.366,2.866,0.263,36.137,1217.253,0.22,-4.855,12,0.0,0.0,2.386
5103.466,0.188,1.424,0.288,0.38,10.953,2131.28,0.313,2.481,0.253,35.666,1277.682,0.291,-5.133,9,0.0,0.0,3.829
6715.554,0.146,2.867,0.336,0.578,10.217,2567.906,0.315,3.426,0.244,35.608,1216.68,0.433,6.215,6,0.0,0.0,1.936
6444.987,0.12,2.36,0.283,0.35,9.559,2428.278,0.288,3.549,0.255,35.385,1494.93,0.3,0.692,7,0.22,0.35,3.066
5034.367,0.147,2.397,0.279,0.577,10.043,2240.228,0.338,3.423,0.234,35.708,1205.665,0.203,0.447,8,0.272,0.35,4.192
6799.232,0.134,1.655,0.335,0.481,10.107,2603.79,0.376,3.082,0.256,36.435,1433.727,0.253,-3.245,8,0.0,0.0,3.851
5376.604,0.123,1.408,0.362,0.319,11.361,2128.514,0.317,3.116,0.249,36.405,1395.385,0.362,-6.56,9,0.0,0.0,2.535
6042.289,0.152,1.265,0.3,0.365,9.385,2062.968,0.313,2.55,0.291,35.461,1472.704,0.368,-6.584,9,0.0,0.0,1.39
5495.118,0.196,1.982,0.268,0.44,10.155,2103.508,0.207,2.469,0.257,36.188,1573.323,0.31,-5.942,9,0.0,0.0,5.083
5840.546,0.17,1.904,0.338,0.588,11.236,2652.416,0.263,3.536,0.232,35.647,1296.8,0.176,-1.088,9,0.0,0.0,2.004
5889.145,0.141,1.951,0.353,0.503,10.401,2061.14,0.274,3.409,0.264,33.623,1282.255,0.145,1.611,8,0.101,0.2,3.842
6167.43,0.145,1.664,0.296,0.503,11.651,2265.061,0.245,3.394,0.251,36.443,1412.678,0.183,-2.269,8,0.0,0.0,2.6
5794.308,0.196,2.037,0.342,0.48,11.617,2624.262,0.321,2.199,0.271,35.647,1522.23,0.372,0.278,6,0.052,0.2,2.482
5993.388,0.163,2.198,0.371,0.439,9.189,2450.565,0.337,3.308,0.278,36.56,1593.374,0.123,4.598,12,0.399,0.4,4.177
4841.167,0.129,1.851,0.354,0.489,9.52,2161.255,0.356,2.864,0.275,33.23,1293.971,0.187,-3.973,10,0.0,0.0,3.951
6491.198,0.139,1.705,0.279,0.485,10.283,2196.075,0.262,2.85,0.222,35.74,1506.954,0.203,-5.41,10,0.0,0.0,7.95
6309.96,0.105,1.004,0.221,0.333,9.62,2201.856,0.23,2.1,0.279,36.176,1307.776,0.498,-6.917,12,0.0,0.0,2.547
4845.865,0.146,2.069,0.333,0.461,11.816,2205.162,0.303,3.725,0.245,32.176,1218.674,0.188,-4.444,8,0.0,0.0,3.038
5784.992,0.148,1.046,0.353,0.329,10.127,2426.273,0.476,2.514,0.256,36.553,1565.697,0.587,-6.327,7,0.0,0.0,6.332
6398.695,0.147,1.68,0.259,0.503,10.038,2392.204,0.209,2.378,0.206,35.491,1239.186,0.321,0.987,7,0.142,0.2,4.252
6782.138,0.164,1.489,0.359,0.492,11.35,2122.221,0.379,2.71,0.232,36.246,1419.941,0.263,-6.091,10,0.0,0.0,3.04
5089.001,0.156,1.653,0.382,0.391,10.124,2427.538,0.317,3.425,0.232,36.147,1409.559,0.218,-5.832,8,0.0,0.0,3.504
6523.052,0.152,2.139,0.369,0.505,10.383,2125.521,0.289,3.458,0.214,35.226,1344.454,0.144,3.605,8,0.136,0.2,3.762
5898.837,0.151,1.648,0.388,0.583,8.17,2677.544,0.308,3.377,0.256,36.687,1276.34,0.183,-2.501,9,0.0,0.0,3.184
6202.548,0.155,2.29,0.385,0.434,10.118,2239.698,0.291,3.211,0.287,36.369,1569.171,0.148,0.51,9,0.2,0.25,6.25
5039.52,0.132,2.205,0.322,0.448,9.468,2560.556,0.28,3.225,0.257,34.515,1515.989,0.131,2.284,10,0.0,0.0,3.366
4255.568,0.194,2.281,0.28,0.341,9.972,2115.753,0.33,3.813,0.213,36.393,1230.394,0.318,-6.318,11,0.0,0.0,5.112
4532.507,0.162,1.294,0.209,0.353,9.045,2098.569,0.308,2.245,0.214,36.35,1594.186,0.403,-6.816,11,0.0,0.0,3.638
5592.261,0.112,1.597,0.262,0.529,9.461,2183.197,0.374,2.547,0.289,36.567,1444.17,0.272,-6.226,12,0.0,0.0,7.459
5500.888,0.16,2.104,0.396,0.526,10.482,2617.797,0.305,2.973,0.205,36.405,1350.879,0.18,-2.185,11,0.0,0.0,2.347
4658.287,0.154,2.445,0.322,0.501,10.624,2395.776,0.249,1.694,0.254,35.435,1629.577,0.516,-3.408,7,0.0,0.0,2.65
4965.587,0.126,1.347,0.334,0.341,10.406,2302.014,0.279,3.831,0.264,36.436,1387.074,0.327,-6.724,11,0.0,0.0,2.261
4337.243,0.11,1.386,0.217,0.312,8.572,2088.447,0.364,1.524,0.258,36.539,1418.446,0.565,-6.984,12,0.0,0.0,1.434
6859.875,0.143,2.204,0.305,0.478,9.49,2399.244,0.307,3.109,0.254,33.201,1334.596,0.183,6.571,7,0.0,0.0,2.591
4600.503,0.156,1.939,0.388,0.502,9.261,2193.362,0.32,3.388,0.257,34.28,1588.599,0.207,3.222,6,0.0,0.0,3.099
5821.039,0.148,2.533,0.317,0.498,9.994,2543.533,0.374,1.824,0.263,35.661,1229.93,0.479,-2.22,7,0.0,0.0,4.363
5978.353,0.154,1.337,0.364,0.41,10.142,2201.592,0.35,3.06,0.259,36.67,1585.127,0.332,-6.689,9,0.0,0.0,2.138
5808.45,0.16,1.743,0.389,0.457,8.348,2186.709,0.3,3.39,0.24,32.504,1348.361,0.165,-1.91,9,0.0,0.0,6.266
6693.968,0.155,1.955,0.387,0.482,8.709,2577.124,0.317,3.297,0.251,32.974,1241.19,0.173,3.09,7,0.022,0.1,3.708
5312.33,0.145,1.321,0.389,0.362,11.39,2050.557,0.216,1.008,0.247,36.587,1638.47,0.712,-7.076,10,0.0,0.0,2.337
4560.765,0.186,2.437,0.326,0.593,10.931,2635.008,0.315,3.515,0.28,35.438,1614.264,0.24,-3.663,9,0.0,0.0,4.298
5392.607,0.124,1.926,0.374,0.468,9.821,2400.122,0.362,2.909,0.249,32.664,1233.096,0.207,-1.996,9,0.0,0.0,4.218
4993.329,0.149,2.1,0.386,0.474,8.707,2480.306,0.276,3.315,0.256,33.498,1513.251,0.139,-0.0,10,0.207,0.3,4.939
4642.422,0.105,1.063,0.241,0.377,11.21,2560.169,0.382,2.727,0.222,36.449,1400.665,0.469,-6.695,12,0.0,0.0,2.185
5807.148,0.143,2.89,0.323,0.499,9.906,2139.329,0.302,1.076,0.246,34.575,1225.877,0.693,2.458,6,0.185,0.3,3.619
5854.518,0.162,2.061,0.301,0.418,11.773,2148.564,0.331,3.033,0.29,36.504,1350.201,0.177,-6.169,11,0.0,0.0,7.403
6831.321,0.154,2.935,0.354,0.498,10.056,2085.431,0.206,3.493,0.249,32.891,1216.561,0.468,3.818,6,0.0,0.0,2.859
5726.63,0.146,1.307,0.262,0.481,10.623,2676.851,0.355,3.752,0.25,35.476,1422.697,0.347,-5.138,8,0.0,0.0,4.026
6930.005,0.156,2.132,0.269,0.499,11.781,2497.563,0.255,3.602,0.211,34.862,1475.609,0.231,-2.1,9,0.0,0.0,3.62
6647.996,0.147,2.115,0.367,0.518,9.818,2248.598,0.29,2.631,0.297,36.969,1368.269,0.248,-5.663,9,0.0,0.0,4.514
4443.643,0.124,1.945,0.267,0.477,9.258,2553.33,0.227,3.458,0.247,36.527,1501.933,0.243,0.74,7,0.177,0.25,2.647
6681.041,0.103,1.053,0.34,0.376,9.948,2266.833,0.368,1.284,0.245,35.441,1288.904,0.633,-6.004,8,0.0,0.0,3.545
4834.482,0.137,2.127,0.398,0.547,11.346,2354.923,0.326,3.477,0.253,32.368,1425.236,0.166,-3.798,10,0.0,0.0,3.468
4857.648,0.155,1.933,0.334,0.485,8.656,2204.493,0.301,2.403,0.231,36.643,1207.722,0.313,-3.497,8,0.0,0.0,4.451
4842.898,0.132,1.021,0.329,0.326,10.559,2040.183,0.217,2.792,0.223,36.967,1300.602,0.49,-6.989,12,0.0,0.0,2.648
6015.965,0.155,1.801,0.224,0.407,8.781,2527.932,0.296,3.459,0.217,32.862,1501.653,0.36,-5.987,8,0.0,0.0,3.153
6971.558,0.133,1.356,0.365,0.342,9.671,2171.239,0.498,3.366,0.268,36.848,1284.855,0.66,-6.952,11,0.0,0.0,2.512
4770.489,0.15,1.588,0.31,0.441,11.387,2041.969,0.294,2.969,0.293,36.618,1294.226,0.206,-6.659,10,0.0,0.0,2.107
5111.974,0.183,2.045,0.359,0.549,9.111,2562.018,0.302,3.737,0.21,36.153,1378.451,0.22,-2.035,9,0.0,0.0,5.35
5039.625,0.155,1.938,0.346,0.466,9.03,2551.233,0.35,3.452,0.226,31.925,1463.336,0.167,-1.834,8,0.0,0.0,3.618
5538.734,0.119,1.947,0.353,0.513,10.138,2573.512,0.382,2.375,0.251,36.736,1325.21,0.321,-2.011,7,0.0,0.0,3.812
6598.064,0.146,1.985,0.338,0.532,10.069,2352.801,0.22,3.515,0.246,34.018,1243.647,0.267,4.129,6,0.0,0.0,2.838
4777.948,0.163,1.229,0.237,0.479,8.625,2098.425,0.4,1.243,0.279,36.797,1231.216,0.645,-6.737,11,0.0,0.0,2.796
5045.664,0.17,1.69,0.396,0.339,8.146,2117.349,0.336,2.342,0.247,36.039,1342.513,0.331,-6.738,11,0.0,0.0,0.816
5852.803,0.149,2.381,0.344,0.415,8.417,2182.13,0.298,3.308,0.253,32.648,1270.554,0.19,-1.75,8,0.0,0.0,2.519
5104.258,0.166,1.745,0.327,0.578,10.937,2220.737,0.324,3.482,0.272,31.79,1253.316,0.164,-2.326,11,0.0,0.0,4.406
4752.543,0.138,1.516,0.291,0.434,11.301,2344.106,0.363,3.569,0.254,36.996,1313.85,0.242,-6.035,10,0.0,0.0,2.174
4317.92,0.112,1.844,0.272,0.528,8.342,2400.959,0.312,3.588,0.278,33.593,1362.696,0.256,-4.398,9,0.0,0.0,2.488
4637.957,0.135,1.458,0.32,0.341,10.588,2478.118,0.381,3.847,0.228,34.903,1475.849,0.318,-6.153,12,0.0,0.0,5.532
6721.04,0.148,2.213,0.35,0.488,9.039,2598.33,0.3,3.892,0.224,36.549,1495.711,0.159,0.413,7,0.226,0.3,5.517
6741.108,0.171,1.673,0.368,0.492,8.682,2335.409,0.326,2.743,0.219,35.971,1494.904,0.216,-5.659,10,0.0,0.0,2.24
4258.508,0.156,2.024,0.221,0.49,11.879,2191.413,0.486,1.228,0.254,33.97,1501.867,0.649,-1.728,7,0.0,0.0,4.351
4351.25,0.142,1.922,0.378,0.518,9.903,2090.784,0.243,3.52,0.201,32.158,1426.795,0.25,-4.156,8,0.0,0.0,2.148
6876.014,0.151,1.839,0.339,0.436,10.02,2440.344,0.445,2.43,0.25,35.855,1440.675,0.483,-5.818,8,0.0,0.0,5.597
4537.909,0.154,1.557,0.342,0.396,10.711,2190.689,0.34,2.381,0.202,36.727,1294.199,0.32,-6.176,10,0.0,0.0,4.315
6074.097,0.139,1.939,0.353,0.536,9.096,2406.494,0.282,2.976,0.247,32.469,1426.403,0.15,4.472,7,0.0,0.0,2.362
5437.145,0.109,1.264,0.382,0.347,10.232,2390.076,0.318,3.439,0.256,36.931,1641.561,0.368,-6.97,9,0.0,0.0,1.241
6832.913,0.156,1.619,0.369,0.537,9.302,2086.919,0.396,2.39,0.212,36.053,1318.985,0.32,-6.411,11,0.0,0.0,6.273
4870.877,0.124,1.788,0.35,0.439,11.288,2606.067,0.279,3.52,0.273,33.424,1343.949,0.173,-4.307,9,0.0,0.0,2.808
4907.752,0.176,1.389,0.259,0.445,8.283,2068.552,0.201,2.809,0.253,35.345,1493.776,0.33,-6.31,9,0.0,0.0,2.576
5133.833,0.189,1.943,0.345,0.355,10.692,2114.848,0.337,3.541,0.265,31.913,1307.528,0.29,-4.588,9,0.0,0.0,1.988
4662.88,0.117,1.791,0.273,0.378,10.676,2641.677,0.398,3.141,0.255,35.66,1500.455,0.327,-5.957,9,0.0,0.0,2.272
5377.615,0.149,2.391,0.377,0.507,10.036,2547.107,0.314,3.686,0.217,33.334,1434.372,0.196,-3.85,8,0.0,0.0,3.111
5250.564,0.154,1.977,0.348,0.315,9.851,2414.721,0.369,2.641,0.257,34.066,1496.301,0.37,2.598,5,0.058,0.15,4.263
6285.235,0.131,2.129,0.366,0.484,10.151,2568.752,0.278,3.755,0.257,36.477,1381.035,0.127,-1.554,8,0.0,0.0,2.318
5245.673,0.134,1.888,0.334,0.522,8.464,2318.288,0.255,3.713,0.262,36.847,1449.253,0.154,-1.983,11,0.0,0.0,4.246
6001.156,0.151,2.072,0.388,0.584,10.975,2590.677,0.298,3.028,0.269,36.758,1261.101,0.168,-2.491,9,0.0,0.0,3.264
5568.194,0.145,1.229,0.272,0.494,8.674,2366.129,0.314,1.666,0.246,32.645,1339.714,0.524,-4.821,8,0.0,0.0,3.701
4515.219,0.124,1.389,0.361,0.496,8.766,2410.793,0.31,2.749,0.217,32.877,1356.845,0.305,-4.381,8,0.0,0.0,4.064
6301.998,0.112,1.731,0.265,0.324,11.631,2111.662,0.205,1.858,0.205,35.937,1413.714,0.469,-6.814,12,0.0,0.0,2.772
6879.328,0.112,1.571,0.364,0.511,9.938,2586.648,0.342,3.395,0.284,33.968,1497.825,0.253,0.986,7,0.143,0.2,4.057
5034.415,0.132,2.228,0.352,0.471,9.782,2681.114,0.289,3.59,0.216,35.201,1334.859,0.136,4.159,9,0.0,0.0,2.72
5953.537,0.177,1.041,0.367,0.313,9.431,2146.726,0.21,2.671,0.3,36.362,1326.326,0.48,-6.903,12,0.0,0.0,1.455
5352.606,0.128,1.625,0.322,0.513,9.261,2298.438,0.366,3.123,0.28,35.944,1469.857,0.22,-6.149,11,0.0,0.0,3.991
5870.823,0.129,2.15,0.362,0.43,10.061,2487.625,0.264,3.098,0.225,33.295,1431.834,0.14,2.217,10,0.057,0.2,4.404
6171.019,0.156,1.665,0.355,0.52,10.002,2174.574,0.27,3.375,0.226,34.674,1509.441,0.167,1.957,8,0.103,0.2,4.282
4485.316,0.197,2.021,0.28,0.506,9.705,2602.551,0.318,1.587,0.25,35.318,1596.187,0.547,-3.591,7,0.0,0.0,2.025
4885.064,0.146,1.715,0.315,0.57,9.931,2282.422,0.299,3.61,0.263,33.762,1233.581,0.178,-3.937,8,0.0,0.0,3.305
5081.395,0.116,2.326,0.338,0.494,10.307,2648.437,0.295,3.206,0.295,33.332,1468.056,0.227,-3.971,9,0.0,0.0,3.739
5207.248,0.168,1.669,0.393,0.435,11.055,2532.772,0.291,3.161,0.296,31.71,1200.567,0.2,-4.094,11,0.0,0.0,2.454
5157.406,0.148,2.087,0.325,0.57,10.894,2205.82,0.328,2.924,0.239,34.253,1298.987,0.165,-3.112,11,0.0,0.0,3.9
6870.601,0.133,1.195,0.294,0.34,10.686,2153.746,0.355,1.548,0.236,35.808,1307.942,0.558,-7.09,12,0.0,0.0,2.364
6833.693,0.147,2.986,0.359,0.507,8.608,2474.511,0.303,2.882,0.245,35.484,1585.736,0.493,0.276,6,0.1,0.15,6.832
6499.191,0.156,1.371,0.336,0.403,11.329,2294.628,0.314,3.493,0.254,36.099,1238.076,0.315,-2.411,7,0.0,0.0,2.784
4387.995,0.15,1.055,0.246,0.446,9.379,2363.615,0.287,2.166,0.273,35.702,1316.415,0.473,-6.572,9,0.0,0.0,4.032
6796.679,0.158,1.917,0.336,0.508,11.338,2293.568,0.317,3.799,0.248,34.081,1283.25,0.172,0.801,8,0.18,0.25,2.427
6790.782,0.17,1.319,0.226,0.333,10.444,2625.993,0.365,2.908,0.257,36.879,1643.151,0.354,-6.523,11,0.0,0.0,4.602
6296.654,0.17,1.67,0.286,0.392,10.72,2647.842,0.252,2.78,0.228,31.962,1612.998,0.216,-5.2,12,0.0,0.0,4.053
6065.371,0.12,1.202,0.342,0.352,9.113,2301.218,0.473,2.719,0.254,36.59,1498.548,0.577,-6.847,9,0.0,0.0,2.331
6031.067,0.151,1.936,0.335,0.478,10.909,2571.5,0.212,3.471,0.237,36.727,1557.034,0.293,-0.001,7,0.0,0.0,3.596
5513.262,0.175,2.108,0.351,0.522,11.657,2286.669,0.329,3.0,0.274,34.344,1255.462,0.167,1.036,10,0.154,0.25,2.192
5119.767,0.144,2.028,0.323,0.393,10.698,2405.49,0.291,3.626,0.254,34.501,1491.06,0.214,1.131,7,0.141,0.25,4.401
6709.191,0.128,1.862,0.316,0.47,10.933,2073.698,0.311,3.282,0.288,33.715,1346.031,0.157,0.859,11,0.176,0.25,3.67
4622.555,0.125,1.554,0.248,0.336,11.384,2263.552,0.389,3.104,0.277,36.528,1489.465,0.328,-6.335,12,0.0,0.0,1.762
5820.477,0.112,1.701,0.208,0.317,9.252,2240.916,0.302,2.759,0.21,36.909,1526.231,0.406,-6.714,10,0.0,0.0,1.777
5801.069,0.148,1.921,0.355,0.526,9.899,2516.182,0.383,2.158,0.276,35.612,1238.096,0.383,0.615,6,0.18,0.25,3.091
5737.768,0.134,1.995,0.313,0.371,8.619,2300.435,0.269,3.451,0.257,35.987,1560.166,0.258,-6.067,9,0.0,0.0,2.072
6777.242,0.149,1.069,0.391,0.565,8.642,2280.994,0.276,2.617,0.256,35.654,1601.522,0.466,-6.048,9,0.0,0.0,3.283
4367.321,0.151,2.644,0.311,0.48,10.697,2362.419,0.39,2.845,0.247,35.466,1248.301,0.322,0.294,8,0.0,0.0,4.759
6212.797,0.132,1.849,0.333,0.449,9.896,2665.988,0.336,3.223,0.262,33.682,1631.248,0.12,6.18,11,0.0,0.0,2.465
4888.586,0.181,1.478,0.38,0.365,8.754,2108.435,0.372,2.106,0.289,35.961,1401.628,0.398,-6.755,12,0.0,0.0,3.497
6651.766,0.132,2.078,0.279,0.491,8.391,2418.699,0.348,3.093,0.275,35.851,1228.101,0.203,0.384,10,0.202,0.25,3.748
5416.37,0.162,1.845,0.253,0.494,11.462,2270.22,0.337,2.851,0.243,35.44,1216.747,0.277,0.1,9,0.0,0.0,3.122
5753.838,0.116,1.993,0.288,0.491,11.604,2077.021,0.353,2.905,0.286,35.875,1471.007,0.227,-6.52,10,0.0,0.0,3.85
4674.915,0.15,1.02,0.347,0.381,8.68,2109.363,0.296,3.236,0.225,35.991,1503.183,0.49,-6.814,8,0.0,0.0,3.792
6179.938,0.188,1.418,0.227,0.356,8.471,2188.887,0.4,3.278,0.286,35.788,1452.422,0.351,-6.529,12,0.0,0.0,4.141
6673.519,0.174,1.809,0.395,0.47,9.391,2382.026,0.315,3.789,0.262,35.007,1606.992,0.16,0.281,11,0.0,0.0,3.526
4889.868,0.151,1.923,0.372,0.508,11.626,2283.372,0.309,3.608,0.285,33.987,1340.031,0.163,6.334,7,0.0,0.0,3.024
6466.867,0.13,2.364,0.366,0.409,11.544,2543.331,0.298,3.116,0.245,35.671,1573.741,0.182,0.519,9,0.0,0.0,3.098
5283.179,0.175,1.161,0.298,0.387,8.393,2200.798,0.297,1.857,0.227,36.566,1502.932,0.469,-6.712,10,0.0,0.0,0.5
5739.164,0.142,2.29,0.305,0.478,8.183,2369.4,0.29,3.6,0.294,35.384,1474.398,0.182,0.871,8,0.0,0.0,3.185
6674.064,0.103,1.742,0.359,0.528,10.047,2585.416,0.39,3.494,0.207,35.735,1203.101,0.313,-5.777,9,0.0,0.0,2.36
5085.182,0.139,1.978,0.392,0.469,11.217,2660.395,0.301,3.47,0.282,32.878,1308.301,0.128,6.424,9,0.0,0.0,3.95
5435.699,0.16,2.133,0.352,0.457,11.262,2070.649,0.354,3.682,0.294,36.467,1221.514,0.186,-2.645,11,0.0,0.0,4.123
6044.433,0.17,1.994,0.335,0.54,8.842,2120.048,0.314,3.782,0.256,34.551,1254.965,0.163,5.795,8,0.0,0.0,1.253
6016.854,0.124,1.14,0.252,0.366,8.963,2044.888,0.363,1.881,0.227,36.025,1594.724,0.463,-6.822,12,0.0,0.0,4.884
5207.021,0.153,1.68,0.322,0.582,11.139,2451.883,0.322,3.385,0.274,36.455,1315.947,0.164,3.192,10,0.022,0.1,2.763
4879.474,0.167,1.862,0.303,0.394,8.434,2332.227,0.322,3.352,0.243,36.544,1481.812,0.212,0.016,10,0.012,0.1,2.548
6639.193,0.167,2.142,0.375,0.452,9.198,2409.73,0.308,3.098,0.257,34.282,1343.237,0.145,4.863,9,0.0,0.0,2.756
5389.974,0.161,1.267,0.397,0.506,8.324,2398.802,0.323,2.959,0.257,35.589,1377.846,0.367,0.793,7,0.124,0.2,4.235
5719.908,0.137,1.451,0.329,0.309,9.03,2140.954,0.293,2.784,0.287,35.621,1303.958,0.382,-6.654,10,0.0,0.0,3.286
6919.856,0.113,2.462,0.263,0.508,9.869,2269.891,0.2,3.15,0.245,35.691,1344.737,0.333,0.165,8,0.0,0.0,5.105
5770.49,0.135,2.041,0.284,0.331,9.647,2409.304,0.31,2.603,0.277,35.596,1597.128,0.338,-3.736,8,0.0,0.0,4.043
5558.883,0.183,2.344,0.315,0.483,10.053,2521.237,0.303,3.564,0.288,35.497,1214.42,0.22,1.542,7,0.093,0.2,3.245
4327.397,0.193,1.337,0.3,0.365,11.141,2154.44,0.331,2.485,0.261,35.776,1510.035,0.332,-6.586,12,0.0,0.0,3.379
6994.469,0.155,2.091,0.254,0.39,10.812,2500.902,0.288,3.465,0.27,35.815,1570.874,0.274,-5.62,9,0.0,0.0,3.448
6615.932,0.128,1.982,0.333,0.486,11.003,2606.836,0.3,3.024,0.232,33.748,1572.588,0.147,5.618,9,0.0,0.0,3.235
4423.764,0.155,1.987,0.353,0.529,9.729,2469.353,0.296,3.732,0.216,35.297,1476.681,0.237,-4.078,7,0.0,0.0,4.717
5320.409,0.162,2.285,0.312,0.57,8.489,2119.907,0.348,3.621,0.238,36.552,1437.515,0.16,1.029,12,0.126,0.2,4.631
5222.574,0.152,1.936,0.364,0.484,8.328,2227.241,0.296,3.855,0.229,31.862,1648.334,0.167,6.192,7,0.0,0.0,3.212
6857.485,0.156,1.602,0.348,0.466,8.847,2148.491,0.376,3.086,0.265,36.468,1365.604,0.253,-4.398,10,0.0,0.0,4.483
4731.531,0.149,1.988,0.393,0.427,8.778,2664.01,0.278,3.517,0.244,34.631,1383.324,0.184,6.093,7,0.0,0.0,2.262
6400.682,0.146,1.549,0.347,0.402,8.421,2299.356,0.266,3.309,0.251,35.305,1217.17,0.226,0.924,8,0.146,0.3,4.435
4343.068,0.101,1.995,0.36,0.51,8.375,2300.66,0.282,3.606,0.269,35.469,1541.009,0.327,1.325,6,0.0,0.0,3.372
6828.764,0.119,1.929,0.399,0.585,11.89,2664.439,0.257,3.281,0.257,35.653,1501.363,0.207,2.776,8,0.0,0.0,3.872
5390.389,0.143,1.959,0.362,0.474,10.573,2640.795,0.264,3.777,0.27,35.169,1352.616,0.12,6.236,9,0.0,0.0,1.402
5304.87,0.129,1.848,0.279,0.526,11.4,2595.709,0.268,2.986,0.207,36.693,1425.119,0.203,-3.675,12,0.0,0.0,2.156
6888.404,0.125,1.541,0.22,0.505,11.796,2394.101,0.417,3.469,0.251,36.294,1565.246,0.39,-5.796,8,0.0,0.0,4.953
5383.827,0.103,1.222,0.241,0.304,9.117,2061.931,0.213,2.115,0.275,36.045,1627.155,0.396,-7.212,12,0.0,0.0,5.047
5952.946,0.18,1.099,0.215,0.368,9.616,2148.292,0.309,3.388,0.254,35.761,1412.138,0.451,-6.523,9,0.0,0.0,3.434
5781.33,0.123,1.543,0.242,0.374,11.299,2250.533,0.22,3.612,0.264,36.195,1359.237,0.309,-6.52,10,0.0,0.0,4.051
5911.376,0.178,1.475,0.348,0.542,9.369,2537.428,0.214,3.568,0.202,35.932,1477.666,0.287,-5.985,10,0.0,0.0,5.098
4718.074,0.186,1.147,0.34,0.315,9.86,2054.08,0.448,3.629,0.23,36.67,1394.474,0.493,-6.966,10,0.0,0.0,4.647
6337.407,0.136,1.532,0.278,0.513,11.356,2065.151,0.291,3.193,0.248,35.91,1465.162,0.234,0.287,9,0.199,0.3,4.429
5786.253,0.139,1.16,0.381,0.488,10.148,2076.751,0.366,1.971,0.215,36.042,1344.26,0.437,-6.202,9,0.0,0.0,4.084
4937.176,0.13,1.898,0.34,0.584,11.184,2303.69,0.303,3.722,0.221,36.024,1642.917,0.168,-1.684,10,0.0,0.0,3.098
6196.652,0.103,2.021,0.339,0.462,9.876,2408.583,0.309,1.536,0.273,36.414,1516.278,0.561,-5.661,7,0.0,0.0,1.927
6190.46,0.187,1.501,0.234,0.372,11.348,2101.374,0.352,2.672,0.227,35.374,1590.205,0.331,-6.546,11,0.0,0.0,3.896
4208.063,0.113,1.165,0.225,0.327,10.956,2117.077,0.363,3.456,0.246,35.1,1356.504,0.417,-6.728,10,0.0,0.0,3.998
6870.981,0.121,2.27,0.329,0.393,9.795,2227.418,0.298,3.071,0.264,35.777,1536.555,0.214,-5.965,11,0.0,0.0,4.18
4466.049,0.103,1.464,0.321,0.312,8.15,2141.125,0.409,2.436,0.214,35.706,1609.312,0.376,-6.563,11,0.0,0.0,5.702
5785.847,0.143,1.885,0.298,0.489,11.418,2200.27,0.227,3.567,0.255,35.769,1258.792,0.243,1.044,7,0.162,0.25,4.368
4900.926,0.154,2.055,0.308,0.479,10.71,2662.118,0.31,3.458,0.249,32.741,1595.292,0.155,1.79,6,0.046,0.15,2.086
5792.216,0.155,2.004,0.32,0.44,9.718,2144.494,0.317,3.107,0.276,35.172,1431.031,0.12,4.735,8,0.036,0.1,4.299
5000.508,0.133,2.298,0.38,0.484,10.486,2663.671,0.253,3.461,0.271,36.132,1339.823,0.157,-2.149,10,0.0,0.0,2.969
4818.412,0.11,1.574,0.36,0.344,8.074,2287.651,0.274,3.838,0.236,35.381,1591.116,0.312,-6.218,10,0.0,0.0,2.623
6264.626,0.141,1.329,0.34,0.324,8.898,2209.136,0.251,2.628,0.208,36.209,1632.263,0.352,-6.293,11,0.0,0.0,3.566
4597.162,0.151,1.265,0.278,0.49,10.017,2273.992,0.29,2.192,0.233,35.889,1273.519,0.374,-6.439,8,0.0,0.0,3.678
6426.345,0.154,1.807,0.334,0.416,11.477,2589.31,0.28,3.493,0.235,36.654,1251.776,0.168,-5.964,9,0.0,0.0,4.683
6739.254,0.144,1.725,0.354,0.511,8.529,2338.504,0.369,3.346,0.285,35.383,1610.034,0.23,-3.087,8,0.0,0.0,4.52
6381.642,0.112,1.051,0.232,0.435,8.453,2062.253,0.292,2.456,0.254,35.776,1291.037,0.475,-6.911,10,0.0,0.0,4.009
5572.913,0.133,1.118,0.345,0.412,9.862,2047.879,0.432,3.818,0.23,35.726,1507.373,0.441,-6.801,9,0.0,0.0,6.982
5324.035,0.144,1.853,0.325,0.54,8.751,2557.147,0.297,3.582,0.218,35.451,1347.341,0.128,0.995,8,0.001,0.05,3.276
4760.507,0.174,1.126,0.355,0.381,11.523,2116.9,0.409,3.872,0.246,36.605,1206.825,0.437,-6.571,10,0.0,0.0,2.705
6510.777,0.118,1.886,0.276,0.532,11.605,2101.131,0.256,2.661,0.273,35.436,1503.699,0.24,-6.0,10,0.0,0.0,2.309
4631.552,0.133,1.213,0.302,0.316,8.647,2160.753,0.217,2.484,0.275,36.673,1581.214,0.393,-6.946,12,0.0,0.0,5.318
5428.213,0.13,1.872,0.355,0.468,10.897,2668.359,0.299,3.742,0.278,33.42,1545.472,0.133,4.719,10,0.0,0.0,3.329
6504.391,0.185,1.853,0.39,0.576,10.017,2317.151,0.343,3.221,0.261,36.544,1363.493,0.233,-5.705,11,0.0,0.0,5.089
4800.998,0.171,1.448,0.223,0.352,11.675,2261.76,0.379,3.812,0.293,36.031,1398.446,0.363,-6.737,12,0.0,0.0,5.488
5234.209,0.151,1.422,0.255,0.513,10.665,2397.179,0.201,1.656,0.252,35.338,1399.772,0.527,1.162,7,0.0,0.0,4.024
6754.399,0.134,2.049,0.294,0.418,8.779,2110.317,0.278,3.342,0.291,36.069,1346.516,0.165,0.847,10,0.146,0.2,6.465
6702.072,0.144,2.071,0.35,0.363,10.779,2540.232,0.353,3.264,0.252,35.616,1216.766,0.274,1.725,7,0.0,0.0,3.31
6256.493,0.145,1.479,0.284,0.356,10.2,2078.975,0.35,2.726,0.25,35.686,1315.775,0.288,-5.531,9,0.0,0.0,4.007
6639.835,0.105,1.735,0.265,0.478,8.15,2121.699,0.255,2.671,0.206,35.774,1394.436,0.3,-5.991,11,0.0,0.0,4.305
4550.226,0.107,1.315,0.305,0.323,8.423,2152.023,0.233,3.334,0.277,35.745,1442.642,0.354,-6.519,12,0.0,0.0,2.305
6849.231,0.148,1.375,0.273,0.532,9.955,2126.41,0.316,3.887,0.297,35.665,1494.056,0.312,1.495,7,0.129,0.2,3.186
5904.905,0.137,1.593,0.291,0.441,11.933,2186.073,0.23,2.706,0.206,36.396,1371.033,0.233,-6.443,12,0.0,0.0,2.73
5181.182,0.15,1.958,0.237,0.405,10.961,2445.408,0.438,3.159,0.251,35.911,1492.337,0.46,-5.932,8,0.0,0.0,4.064
5687.084,0.118,1.358,0.284,0.303,11.912,2183.265,0.263,2.748,0.283,36.18,1304.454,0.394,-7.027,12,0.0,0.0,7.173
6905.436,0.169,1.356,0.253,0.493,10.911,2328.101,0.351,2.766,0.225,35.888,1569.951,0.322,-6.416,11,0.0,0.0,2.346
4474.944,0.15,1.579,0.346,0.464,8.997,2358.371,0.34,2.89,0.245,35.381,1447.389,0.228,-0.827,8,0.0,0.0,3.656
6183.956,0.148,2.374,0.363,0.486,11.476,2550.085,0.31,2.825,0.246,32.251,1595.662,0.193,6.856,7,0.0,0.0,3.408
5215.658,0.192,2.341,0.32,0.495,10.086,2320.09,0.266,3.541,0.296,35.328,1638.658,0.28,-2.275,8,0.0,0.0,3.253
6324.744,0.162,1.976,0.391,0.466,9.649,2514.618,0.271,3.15,0.252,34.625,1316.306,0.122,6.534,10,0.0,0.0,0.76
6381.316,0.131,1.9,0.334,0.483,11.447,2622.927,0.321,2.977,0.247,34.982,1367.915,0.149,6.546,9,0.0,0.0,1.59
4895.178,0.144,1.205,0.231,0.306,9.179,2290.378,0.413,3.035,0.225,35.777,1452.327,0.397,-6.458,11,0.0,0.0,3.217
5010.615,0.191,1.312,0.229,0.55,8.77,2400.205,0.295,3.599,0.251,36.507,1251.187,0.346,-5.794,8,0.0,0.0,4.01
6434.094,0.124,2.051,0.255,0.432,9.991,2082.695,0.392,3.17,0.243,36.147,1637.09,0.307,-5.997,9,0.0,0.0,7.539
4578.205,0.164,2.057,0.317,0.503,10.671,2528.8,0.292,2.6,0.299,35.528,1500.604,0.257,1.73,7,0.0,0.0,2.952
6449.987,0.182,1.117,0.286,0.318,8.537,2072.323,0.374,1.338,0.221,35.842,1587.837,0.618,-7.108,12,0.0,0.0,5.512
5177.324,0.123,1.161,0.308,0.327,10.618,2605.499,0.298,2.724,0.203,35.412,1445.093,0.419,-6.589,10,0.0,0.0,2.181
5081.264,0.139,2.074,0.334,0.519,8.601,2454.83,0.319,3.178,0.273,36.509,1274.103,0.151,0.911,9,0.12,0.15,3.585
4460.682,0.145,1.493,0.23,0.404,10.364,2174.847,0.261,3.523,0.23,35.97,1383.62,0.343,-6.454,10,0.0,0.0,1.775
4606.56,0.171,1.942,0.252,0.403,10.418,2540.585,0.291,2.928,0.223,36.592,1356.569,0.28,-5.825,10,0.0,0.0,5.176
6894.751,0.149,1.928,0.295,0.489,11.824,2641.797,0.325,3.848,0.241,36.043,1387.627,0.189,-5.14,9,0.0,0.0,1.522
6175.582,0.128,2.128,0.351,0.411,9.518,2237.845,0.297,3.842,0.242,31.97,1541.857,0.178,0.096,10,0.076,0.15,3.948
6372.95,0.143,1.018,0.371,0.337,10.575,2322.625,0.223,3.486,0.27,36.61,1555.578,0.491,-6.818,10,0.0,0.0,1.671
6971.923,0.153,1.516,0.365,0.521,9.545,2697.481,0.467,3.567,0.218,35.332,1523.693,0.557,0.543,7,0.169,0.25,3.379
6906.288,0.144,2.159,0.263,0.315,10.968,2241.672,0.499,3.498,0.216,35.499,1494.927,0.663,-6.034,8,0.0,0.0,5.891
5776.983,0.125,2.024,0.211,0.479,11.29,2138.926,0.286,3.446,0.253,33.723,1462.113,0.397,5.586,6,0.0,0.0,2.436
6088.783,0.157,1.06,0.352,0.323,9.179,2258.543,0.333,3.155,0.289,35.888,1578.469,0.47,-6.667,10,0.0,0.0,6.508
5190.887,0.145,1.755,0.337,0.578,8.512,2330.84,0.328,3.237,0.224,35.532,1495.7,0.156,2.2,8,0.0,0.0,3.61
5376.199,0.156,2.366,0.361,0.371,8.566,2533.753,0.314,3.525,0.209,36.502,1378.757,0.258,-2.076,8,0.0,0.0,1.927
4898.635,0.165,2.043,0.362,0.485,9.011,2578.073,0.261,3.535,0.272,33.31,1455.253,0.155,6.861,8,0.0,0.0,2.325
5722.514,0.132,2.306,0.395,0.415,9.239,2104.97,0.248,3.586,0.216,36.666,1289.26,0.173,-1.658,11,0.0,0.0,2.614
5241.074,0.105,1.56,0.334,0.34,11.596,2082.149,0.334,3.858,0.256,36.47,1541.657,0.32,-6.929,11,0.0,0.0,5.449
5785.999,0.147,2.36,0.361,0.328,9.7,2473.227,0.376,1.963,0.232,36.012,1502.569,0.439,-5.828,8,0.0,0.0,2.828
4678.357,0.152,1.635,0.213,0.402,10.125,2333.723,0.316,2.84,0.256,35.687,1427.864,0.391,-4.0,7,0.0,0.0,5.983
5064.489,0.153,2.002,0.356,0.454,8.996,2137.923,0.339,3.158,0.241,34.091,1596.049,0.13,6.554,9,0.0,0.0,1.945
6712.276,0.178,2.09,0.335,0.462,9.858,2539.923,0.31,3.78,0.285,35.332,1426.53,0.187,0.482,8,0.2,0.25,6.662
5817.479,0.139,1.546,0.296,0.38,10.517,2086.497,0.317,3.569,0.267,36.331,1426.342,0.24,-6.686,9,0.0,0.0,3.902
4883.749,0.143,1.575,0.344,0.5,10.412,2409.191,0.314,2.707,0.288,35.452,1365.132,0.227,4.833,6,0.0,0.0,3.478
5884.17,0.128,1.807,0.382,0.526,11.076,2082.923,0.281,3.21,0.287,35.32,1309.389,0.148,2.991,10,0.038,0.15,2.717
6291.208,0.17,2.118,0.345,0.566,8.358,2322.417,0.25,3.521,0.251,35.374,1406.052,0.167,0.579,8,0.189,0.25,3.903
6627.859,0.109,1.923,0.249,0.345,10.228,2411.2,0.306,2.412,0.21,35.443,1309.571,0.311,-2.931,8,0.0,0.0,5.434
6887.551,0.153,1.951,0.37,0.524,10.121,2073.651,0.287,2.687,0.274,36.047,1554.434,0.232,-2.155,8,0.0,0.0,2.156
5820.789,0.129,1.587,0.343,0.452,10.706,2155.497,0.314,3.025,0.249,34.861,1270.986,0.207,0.369,8,0.084,0.2,2.06
5241.095,0.154,2.134,0.389,0.549,8.375,2625.297,0.257,3.157,0.244,35.683,1639.594,0.163,1.662,9,0.0,0.0,2.783
5297.625,0.165,1.823,0.34,0.459,9.203,2492.768,0.283,3.083,0.27,32.16,1381.773,0.119,5.282,10,0.0,0.0,2.271
4360.499,0.156,1.313,0.355,0.342,9.695,2057.86,0.336,1.332,0.206,35.876,1500.436,0.619,-6.888,9,0.0,0.0,4.803
5109.091,0.157,1.198,0.325,0.399,10.943,2043.248,0.298,3.243,0.276,36.301,1250.888,0.401,-6.794,10,0.0,0.0,5.636
4775.782,0.157,1.356,0.262,0.351,11.43,2202.778,0.423,1.952,0.216,36.49,1625.28,0.442,-7.083,11,0.0,0.0,2.895
6937.142,0.127,1.593,0.32,0.565,10.936,2648.429,0.236,2.959,0.245,35.699,1360.825,0.213,-3.632,10,0.0,0.0,3.281
6278.311,0.189,1.662,0.335,0.486,9.971,2174.242,0.29,1.306,0.22,36.203,1449.208,0.627,-5.993,8,0.0,0.0,3.843
6146.161,0.129,2.128,0.311,0.444,10.528,2530.683,0.281,3.337,0.288,35.418,1623.34,0.152,1.126,10,0.113,0.2,3.836
4679.214,0.164,1.817,0.385,0.515,8.714,2111.27,0.335,3.613,0.251,36.162,1409.439,0.193,-1.759,9,0.0,0.0,5.453
6593.091,0.175,2.088,0.371,0.481,9.539,2143.967,0.283,3.572,0.215,36.408,1568.881,0.167,0.582,9,0.193,0.25,4.283
6429.993,0.151,2.199,0.36,0.405,11.561,2397.983,0.314,3.304,0.254,33.828,1278.67,0.19,6.074,7,0.0,0.0,2.237
6990.017,0.15,1.295,0.274,0.314,10.284,2139.343,0.336,3.594,0.297,36.554,1642.012,0.372,-6.772,10,0.0,0.0,3.685
5476.014,0.132,1.715,0.321,0.452,10.026,2697.448,0.272,3.393,0.263,34.753,1297.527,0.142,5.692,10,0.0,0.0,2.256
4947.863,0.175,1.471,0.254,0.411,9.043,2059.785,0.274,2.97,0.296,36.176,1302.475,0.274,-6.207,12,0.0,0.0,3.776
6379.149,0.162,1.626,0.354,0.515,10.876,2242.445,0.296,3.562,0.226,32.006,1244.055,0.187,6.564,8,0.0,0.0,3.822
4533.632,0.148,1.4,0.312,0.366,11.442,2125.299,0.37,2.193,0.241,36.687,1247.384,0.373,-7.094,11,0.0,0.0,3.53
6017.652,0.194,1.243,0.342,0.512,10.067,2571.975,0.486,3.498,0.223,35.428,1508.565,0.62,5.203,6,0.0,0.0,3.329
6635.352,0.104,1.545,0.344,0.375,10.989,2192.416,0.273,3.736,0.219,36.463,1319.128,0.307,-6.764,11,0.0,0.0,3.828
5361.91,0.136,2.09,0.295,0.453,11.159,2188.895,0.292,3.41,0.215,36.15,1272.999,0.157,3.694,10,0.0,0.0,3.484
6056.763,0.164,1.162,0.224,0.317,11.001,2414.823,0.327,2.505,0.297,35.354,1512.564,0.419,-6.796,10,0.0,0.0,2.113
4493.317,0.146,1.1,0.293,0.406,8.566,2106.811,0.445,2.8,0.249,35.707,1550.093,0.483,-6.684,9,0.0,0.0,3.511
5109.721,0.144,1.926,0.314,0.419,10.841,2263.418,0.337,3.686,0.275,36.442,1354.357,0.162,-6.181,10,0.0,0.0,7.177
6065.777,0.15,2.141,0.294,0.483,11.38,2135.809,0.307,3.277,0.215,33.015,1615.948,0.16,6.286,9,0.0,0.0,5.617
5295.972,0.137,2.071,0.301,0.353,10.074,2298.476,0.358,3.512,0.282,35.85,1359.297,0.294,-6.346,9,0.0,0.0,4.379
6235.086,0.157,1.95,0.359,0.383,11.508,2353.6,0.441,1.719,0.21,35.576,1492.417,0.509,-0.001,7,0.0,0.0,5.43
5315.569,0.156,2.0,0.342,0.581,10.014,2653.568,0.364,3.663,0.22,35.424,1544.397,0.213,0.291,7,0.0,0.0,3.341
4324.787,0.139,1.971,0.366,0.356,10.304,2234.578,0.389,3.084,0.25,35.788,1567.233,0.297,-6.46,10,0.0,0.0,2.968
6715.491,0.145,1.698,0.337,0.433,8.39,2424.615,0.291,3.047,0.212,36.43,1464.33,0.161,1.288,9,0.139,0.25,5.429
6276.705,0.123,2.029,0.362,0.599,10.288,2103.562,0.297,3.478,0.209,36.643,1307.595,0.198,-5.661,8,0.0,0.0,4.474
5266.339,0.158,1.283,0.348,0.312,10.499,2382.765,0.3,2.778,0.231,35.405,1492.34,0.376,-2.538,8,0.0,0.0,2.859
5950.753,0.11,1.245,0.382,0.352,11.21,2286.199,0.251,1.187,0.26,35.383,1319.135,0.661,-6.646,11,0.0,0.0,4.539
4390.773,0.144,1.966,0.399,0.316,11.104,2387.668,0.277,2.0,0.239,36.673,1495.023,0.429,-3.255,8,0.0,0.0,4.863
4509.373,0.113,1.989,0.356,0.425,8.774,2398.026,0.338,3.819,0.208,36.188,1496.534,0.247,1.574,8,0.123,0.25,4.333
6941.027,0.161,1.626,0.294,0.407,10.665,2087.687,0.254,3.74,0.274,35.906,1292.403,0.197,-2.89,12,0.0,0.0,7.836
4438.247,0.156,1.5,0.223,0.581,8.086,2256.046,0.265,2.164,0.259,35.338,1572.786,0.382,-6.179,10,0.0,0.0,2.379
6728.207,0.13,2.007,0.262,0.549,9.433,2082.608,0.278,3.833,0.273,35.966,1533.561,0.251,-5.26,10,0.0,0.0,0.407
5672.478,0.118,1.599,0.275,0.399,11.653,2658.809,0.279,3.886,0.257,35.96,1372.869,0.214,-2.565,10,0.0,0.0,1.568
6293.948,0.14,1.943,0.376,0.437,9.076,2458.332,0.29,3.6,0.242,36.634,1203.751,0.197,1.175,9,0.168,0.3,2.929
5854.676,0.185,1.395,0.36,0.59,10.665,2308.113,0.321,2.706,0.228,36.679,1600.926,0.302,-6.037,10,0.0,0.0,6.564
4783.303,0.136,2.031,0.278,0.597,10.84,2535.885,0.348,3.244,0.224,35.892,1444.805,0.206,0.815,11,0.201,0.3,1.508
6747.455,0.17,1.255,0.252,0.445,9.09,2351.677,0.348,3.245,0.274,36.507,1301.405,0.373,-6.448,12,0.0,0.0,3.407
6293.668,0.162,2.071,0.355,0.507,9.921,2645.195,0.248,1.665,0.273,35.646,1299.329,0.524,0.455,7,0.253,0.3,3.478
6515.197,0.154,2.444,0.241,0.499,10.243,2366.247,0.311,3.481,0.206,35.659,1472.903,0.311,1.298,7,0.138,0.25,3.32
6250.099,0.119,1.93,0.345,0.533,11.131,2218.982,0.244,3.566,0.219,36.599,1283.822,0.207,-0.808,9,0.0,0.0,4.59
4591.674,0.154,2.16,0.342,0.457,9.753,2147.778,0.291,3.146,0.298,36.254,1252.797,0.208,-1.318,9,0.0,0.0,2.136
5786.368,0.14,1.181,0.282,0.352,10.123,2444.338,0.285,3.621,0.272,35.938,1239.823,0.409,-6.482,9,0.0,0.0,3.934
5415.511,0.142,2.199,0.304,0.516,11.102,2051.822,0.331,3.676,0.201,36.49,1616.129,0.196,0.848,11,0.188,0.3,5.445
6598.967,0.112,2.106,0.363,0.495,8.08,2280.282,0.306,2.4,0.222,36.317,1477.908,0.314,-1.822,9,0.0,0.0,4.073
6348.355,0.142,1.976,0.382,0.47,9.956,2612.032,0.305,1.439,0.254,35.986,1542.706,0.589,-5.556,8,0.0,0.0,4.363
6599.076,0.139,1.192,0.262,0.484,10.055,2062.561,0.247,2.428,0.213,35.746,1414.767,0.404,-6.332,10,0.0,0.0,2.403
6530.158,0.147,1.781,0.319,0.491,11.284,2397.538,0.267,3.281,0.236,36.222,1441.351,0.128,1.415,9,0.146,0.35,2.221
6960.69,0.145,1.853,0.27,0.347,10.027,2086.23,0.401,3.841,0.271,35.376,1523.835,0.337,-6.092,9,0.0,0.0,3.628
5419.884,0.166,2.347,0.396,0.448,11.085,2652.11,0.265,3.742,0.278,36.684,1367.518,0.173,1.247,12,0.146,0.25,4.058
5815.114,0.108,2.013,0.34,0.375,11.781,2392.596,0.283,1.25,0.282,36.474,1212.058,0.643,-2.255,7,0.0,0.0,4.013
6906.968,0.193,1.508,0.222,0.33,9.437,2241.638,0.288,3.714,0.267,36.117,1346.82,0.366,-6.409,11,0.0,0.0,4.752
6484.738,0.15,2.1,0.309,0.514,9.864,2547.256,0.287,3.257,0.291,32.43,1633.281,0.164,6.214,8,0.0,0.0,2.919
6328.518,0.193,1.921,0.388,0.392,11.216,2244.707,0.292,3.453,0.25,36.624,1495.779,0.287,2.53,7,0.063,0.2,2.673
6604.378,0.141,2.21,0.34,0.484,8.283,2344.613,0.312,2.983,0.258,35.256,1498.037,0.172,3.996,8,0.0,0.0,3.532
5919.168,0.131,2.231,0.335,0.414,10.458,2549.282,0.286,3.53,0.225,36.53,1582.119,0.172,-4.627,9,0.0,0.0,5.729
6067.347,0.149,1.945,0.383,0.472,9.601,2685.502,0.348,3.714,0.263,35.548,1634.911,0.16,2.377,9,0.0,0.0,4.302
6678.817,0.145,1.305,0.278,0.306,10.95,2086.104,0.255,3.036,0.206,35.961,1344.75,0.388,-7.037,11,0.0,0.0,2.579
4638.442,0.157,2.462,0.331,0.343,11.126,2687.755,0.279,3.578,0.246,36.627,1250.735,0.314,-3.039,8,0.0,0.0,1.93
4756.626,0.148,2.704,0.355,0.454,9.397,2403.736,0.302,2.518,0.272,35.607,1268.133,0.352,0.684,7,0.041,0.15,3.078
6173.734,0.143,2.087,0.393,0.569,8.665,2362.309,0.313,3.786,0.274,31.862,1561.792,0.138,7.219,10,0.0,0.0,0.684
4751.998,0.195,2.024,0.342,0.5,8.385,2298.278,0.281,1.104,0.249,36.296,1492.971,0.685,2.55,6,0.05,0.15,3.774
6223.517,0.161,2.195,0.379,0.494,9.324,2065.402,0.299,3.786,0.261,32.942,1404.249,0.141,6.597,10,0.0,0.0,3.261
6405.658,0.165,2.635,0.238,0.515,11.036,2393.316,0.304,1.167,0.244,36.527,1493.823,0.667,0.484,7,0.0,0.0,3.461
5122.516,0.139,2.216,0.392,0.532,11.384,2275.486,0.273,3.188,0.246,34.601,1526.842,0.138,3.55,11,0.016,0.1,4.576
5508.029,0.118,1.692,0.311,0.368,9.254,2104.518,0.237,2.854,0.266,36.142,1575.104,0.264,-6.292,12,0.0,0.0,8.357
5179.28,0.174,1.222,0.356,0.392,8.187,2064.163,0.277,1.168,0.25,35.647,1451.786,0.666,-3.641,8,0.0,0.0,1.181
4360.873,0.148,1.337,0.367,0.344,10.729,2050.634,0.279,3.726,0.278,36.018,1280.537,0.332,-6.772,10,0.0,0.0,3.854
6819.788,0.132,1.051,0.215,0.544,9.321,2416.064,0.299,3.456,0.26,36.47,1379.744,0.475,-6.591,9,0.0,0.0,2.645
5324.527,0.155,2.008,0.339,0.413,8.137,2490.546,0.254,3.261,0.254,32.848,1449.834,0.186,6.838,8,0.0,0.0,1.229
5919.148,0.15,1.387,0.241,0.558,11.08,2348.675,0.233,3.612,0.208,35.756,1497.552,0.311,-6.07,9,0.0,0.0,3.851
6408.154,0.11,1.547,0.327,0.552,11.835,2128.149,0.25,3.332,0.25,36.685,1438.382,0.267,-6.201,11,0.0,0.0,3.294
5325.951,0.148,1.526,0.393,0.462,10.367,2416.498,0.317,3.5,0.262,36.546,1512.476,0.237,0.242,8,0.0,0.0,3.3
4792.157,0.17,1.769,0.314,0.503,10.852,2097.651,0.266,3.532,0.246,35.548,1205.35,0.196,4.435,8,0.033,0.1,3.158
6542.119,0.186,2.018,0.354,0.474,10.242,2405.767,0.322,3.528,0.278,34.507,1609.767,0.24,6.468,7,0.0,0.0,2.055
6761.908,0.118,1.28,0.341,0.379,11.855,2239.833,0.287,3.005,0.28,35.327,1244.781,0.36,-6.41,9,0.0,0.0,4.509
5036.512,0.128,1.042,0.352,0.31,11.508,2212.279,0.288,1.096,0.208,36.548,1507.243,0.687,-7.091,9,0.0,0.0,5.686
6671.918,0.196,1.389,0.338,0.528,8.292,2407.356,0.376,3.024,0.28,36.203,1233.195,0.307,-6.191,10,0.0,0.0,0.892
6881.422,0.138,1.805,0.26,0.411,11.603,2092.596,0.217,3.528,0.211,36.4,1618.949,0.277,-6.348,11,0.0,0.0,5.228
4486.951,0.11,2.688,0.351,0.349,9.344,2133.955,0.314,3.553,0.248,32.967,1493.615,0.344,6.217,7,0.0,0.0,4.764
5298.562,0.155,1.96,0.309,0.531,11.233,2487.277,0.295,2.966,0.225,32.252,1405.381,0.153,6.589,9,0.0,0.0,2.53
6704.153,0.139,2.262,0.357,0.33,11.503,2184.35,0.322,3.594,0.247,36.414,1418.553,0.34,-6.443,8,0.0,0.0,3.453
6066.783,0.176,2.034,0.385,0.463,9.546,2474.057,0.352,3.47,0.249,35.973,1334.047,0.173,-2.759,9,0.0,0.0,4.599
6369.559,0.138,2.112,0.359,0.493,9.947,2186.634,0.264,3.684,0.232,33.797,1500.347,0.12,6.79,8,0.0,0.0,2.822
4770.777,0.125,1.265,0.215,0.374,11.196,2170.875,0.48,1.577,0.232,35.638,1555.957,0.6,-6.824,11,0.0,0.0,5.003
6028.322,0.133,1.795,0.337,0.393,10.539,2651.21,0.29,3.545,0.237,36.181,1583.786,0.214,-5.799,9,0.0,0.0,4.344
6759.877,0.146,2.054,0.29,0.53,9.695,2112.646,0.295,3.693,0.235,35.328,1552.748,0.171,-1.955,8,0.0,0.0,3.979
6363.158,0.126,1.188,0.353,0.348,10.766,2075.791,0.262,2.416,0.206,35.708,1276.907,0.406,-6.699,10,0.0,0.0,4.966
6106.666,0.143,1.679,0.286,0.38,9.107,2110.722,0.275,3.677,0.28,35.745,1504.911,0.24,-6.672,10,0.0,0.0,2.27
6533.591,0.131,1.845,0.363,0.481,10.974,2113.554,0.345,3.426,0.225,36.12,1438.718,0.15,-0.276,9,0.0,0.0,5.631
4955.551,0.11,1.009,0.396,0.318,11.055,2453.665,0.304,3.88,0.244,36.259,1403.256,0.496,-6.8,10,0.0,0.0,2.675
5527.181,0.128,1.735,0.313,0.483,8.606,2398.738,0.337,3.127,0.27,34.663,1540.067,0.147,5.328,10,0.0,0.0,2.519
4311.47,0.145,2.035,0.274,0.425,8.411,2139.366,0.311,3.399,0.244,35.706,1312.933,0.257,2.118,6,0.0,0.0,3.352
6674.356,0.122,2.055,0.367,0.498,11.582,2410.208,0.324,3.538,0.251,35.912,1395.506,0.187,-5.659,7,0.0,0.0,6.731
4234.062,0.104,1.673,0.271,0.314,11.558,2183.42,0.265,1.201,0.214,35.972,1205.526,0.657,-6.876,12,0.0,0.0,1.435
6070.368,0.163,1.776,0.338,0.44,10.237,2662.895,0.355,3.274,0.208,36.435,1483.183,0.183,-3.553,11,0.0,0.0,3.971
6199.285,0.13,2.235,0.385,0.507,9.915,2095.77,0.287,2.847,0.205,35.938,1550.848,0.187,-5.857,9,0.0,0.0,5.015
5522.022,0.149,2.164,0.323,0.523,11.742,2641.495,0.286,3.399,0.253,33.852,1476.113,0.174,6.25,7,0.0,0.0,3.103
4738.566,0.129,1.0,0.212,0.436,9.453,2050.521,0.439,3.829,0.251,36.572,1408.027,0.5,-7.077,11,0.0,0.0,1.01
5858.391,0.151,1.554,0.315,0.425,10.074,2197.582,0.362,2.226,0.207,35.562,1604.479,0.364,-6.178,9,0.0,0.0,2.797
5385.065,0.154,1.209,0.224,0.521,9.095,2087.34,0.377,1.738,0.202,35.318,1379.907,0.503,-6.265,9,0.0,0.0,5.892
5454.445,0.137,1.718,0.285,0.556,9.728,2350.698,0.283,3.516,0.244,35.417,1373.0,0.186,-0.21,8,0.0,0.0,3.519
5808.881,0.143,1.431,0.363,0.498,8.685,2405.857,0.324,3.301,0.29,36.357,1534.04,0.284,0.644,7,0.138,0.2,8.139
5161.791,0.149,1.879,0.375,0.513,9.126,2220.919,0.321,3.519,0.263,31.789,1586.089,0.11,6.093,8,0.0,0.0,2.776
6042.014,0.157,2.217,0.377,0.43,9.851,2697.336,0.308,3.273,0.264,36.622,1641.156,0.14,1.121,9,0.145,0.25,1.995
6568.421,0.172,1.997,0.357,0.534,9.003,2465.045,0.258,3.467,0.216,36.635,1250.163,0.167,-2.38,9,0.0,0.0,3.586
6577.573,0.153,2.33,0.369,0.459,8.209,2545.185,0.3,3.407,0.226,35.593,1588.269,0.179,0.377,8,0.21,0.25,4.243
6221.449,0.121,1.71,0.287,0.337,9.121,2059.835,0.286,3.091,0.206,36.031,1443.37,0.326,-6.945,11,0.0,0.0,4.137
6104.479,0.129,2.03,0.351,0.504,9.688,2598.807,0.248,2.552,0.254,36.172,1579.625,0.271,-0.621,8,0.0,0.0,3.781
5529.096,0.145,2.005,0.295,0.544,9.445,2478.72,0.257,3.091,0.218,35.91,1428.95,0.157,0.515,10,0.168,0.25,3.161
5384.23,0.146,1.633,0.231,0.313,10.402,2062.441,0.457,3.493,0.245,35.349,1504.879,0.523,-6.556,7,0.0,0.0,6.498
5542.81,0.166,1.991,0.356,0.498,11.815,2483.322,0.307,3.722,0.249,32.213,1535.238,0.181,3.286,7,0.0,0.0,2.164
5820.274,0.147,1.971,0.268,0.525,9.181,2666.505,0.312,3.19,0.248,32.689,1469.479,0.234,3.156,7,0.005,0.05,4.072
5138.245,0.118,1.214,0.276,0.409,10.124,2122.616,0.359,2.699,0.253,36.565,1230.239,0.393,-6.767,10,0.0,0.0,5.221
6248.388,0.139,1.307,0.229,0.304,9.37,2416.088,0.404,2.951,0.247,36.539,1362.247,0.392,-6.647,10,0.0,0.0,1.881
6903.845,0.109,1.17,0.281,0.502,10.021,2518.073,0.229,3.501,0.249,36.261,1333.924,0.415,-6.136,8,0.0,0.0,4.637
4343.539,0.117,1.811,0.362,0.358,11.011,2081.66,0.301,3.082,0.214,36.08,1588.545,0.284,-6.512,10,0.0,0.0,3.056
4358.658,0.143,1.769,0.335,0.52,9.066,2120.225,0.398,3.461,0.228,35.301,1527.452,0.327,-3.93,7,0.0,0.0,4.772
4927.104,0.161,1.942,0.396,0.513,10.035,2393.375,0.274,3.106,0.23,32.658,1609.642,0.15,5.912,8,0.0,0.0,2.068
6413.647,0.169,1.844,0.395,0.515,8.756,2302.757,0.28,3.451,0.232,36.28,1476.362,0.129,3.915,9,0.0,0.0,4.419
6654.37,0.167,1.002,0.323,0.438,11.026,2103.176,0.287,1.307,0.252,35.528,1421.596,0.627,-6.937,9,0.0,0.0,3.389
6110.925,0.141,2.198,0.302,0.444,9.708,2221.071,0.307,3.069,0.282,31.848,1573.301,0.137,6.413,11,0.0,0.0,2.465
6449.133,0.159,1.928,0.327,0.533,8.831,2150.921,0.322,3.78,0.285,32.166,1397.623,0.14,5.36,10,0.0,0.0,0.919
5782.584,0.17,1.074,0.288,0.504,11.34,2097.42,0.405,3.423,0.208,36.366,1504.872,0.463,-6.068,8,0.0,0.0,3.023
5693.433,0.127,1.279,0.297,0.346,9.261,2234.15,0.283,3.019,0.202,35.919,1330.252,0.361,-6.588,11,0.0,0.0,4.266
4857.476,0.107,1.418,0.29,0.446,10.461,2059.4,0.231,2.468,0.263,35.742,1242.65,0.295,-6.425,12,0.0,0.0,5.907
5779.853,0.157,1.158,0.285,0.419,11.121,2059.107,0.439,2.652,0.226,36.053,1255.41,0.463,-6.926,10,0.0,0.0,2.923
5568.036,0.115,1.42,0.235,0.37,8.201,2096.422,0.321,3.221,0.242,36.045,1577.093,0.329,-6.452,11,0.0,0.0,6.239
5610.722,0.141,1.669,0.309,0.544,11.352,2493.205,0.266,3.69,0.222,36.601,1322.587,0.165,0.579,12,0.19,0.3,6.051
5133.307,0.164,1.901,0.361,0.482,9.471,2118.83,0.303,3.34,0.218,32.748,1446.197,0.128,6.986,9,0.0,0.0,6.552
6125.668,0.168,2.246,0.31,0.549,9.999,2699.856,0.297,3.311,0.265,33.942,1487.92,0.123,6.582,10,0.0,0.0,2.592
6501.731,0.177,1.692,0.334,0.477,9.372,2530.015,0.287,2.6,0.201,35.844,1321.156,0.257,-3.563,10,0.0,0.0,4.177
5800.979,0.147,2.747,0.274,0.395,10.051,2243.956,0.251,1.437,0.25,35.335,1299.777,0.589,0.274,7,0.015,0.1,3.747
5347.812,0.15,2.218,0.382,0.527,9.413,2049.204,0.286,3.39,0.262,35.19,1637.397,0.148,6.318,9,0.088,0.15,4.576
4679.388,0.12,1.237,0.26,0.425,11.514,2324.859,0.389,3.174,0.233,36.508,1307.677,0.381,-6.714,12,0.0,0.0,1.282
6486.51,0.19,1.382,0.229,0.309,9.217,2134.496,0.208,3.089,0.268,35.688,1526.799,0.382,-6.743,11,0.0,0.0,8.001
6731.283,0.151,2.366,0.332,0.45,9.045,2296.127,0.249,3.587,0.28,35.985,1432.567,0.183,0.304,10,0.225,0.3,3.744
4459.364,0.185,1.467,0.269,0.507,11.906,2392.098,0.224,2.854,0.248,36.152,1472.343,0.266,-3.553,9,0.0,0.0,2.042
5042.298,0.114,1.271,0.231,0.396,10.49,2298.891,0.345,3.573,0.21,36.187,1500.803,0.365,-6.446,10,0.0,0.0,6.183
4457.025,0.104,1.413,0.359,0.401,11.687,2044.461,0.292,3.216,0.219,36.056,1499.903,0.307,-6.445,9,0.0,0.0,3.603
4827.008,0.152,1.025,0.355,0.301,9.888,2265.799,0.251,3.76,0.262,35.496,1376.339,0.488,-6.342,8,0.0,0.0,3.141
4753.035,0.111,1.466,0.247,0.305,8.919,2124.648,0.332,3.8,0.204,35.388,1204.733,0.39,-6.771,11,0.0,0.0,2.762
6931.485,0.114,1.582,0.353,0.407,10.883,2205.923,0.371,2.662,0.215,35.543,1266.224,0.24,-3.503,10,0.0,0.0,3.615
5212.781,0.15,2.047,0.372,0.426,10.214,2197.127,0.339,3.454,0.288,36.542,1617.474,0.152,2.862,9,0.048,0.15,3.919
6208.761,0.12,2.342,0.357,0.517,10.601,2523.861,0.298,3.636,0.293,36.588,1262.76,0.2,0.077,9,0.025,0.15,3.676
6585.152,0.177,1.789,0.388,0.464,8.583,2046.802,0.278,3.738,0.264,36.252,1571.939,0.18,-5.866,11,0.0,0.0,2.735
6983.445,0.191,1.12,0.363,0.422,10.138,2113.504,0.418,3.668,0.285,36.431,1571.112,0.44,-6.598,10,0.0,0.0,5.854
6759.349,0.144,1.165,0.204,0.506,11.97,2063.164,0.444,1.941,0.252,36.154,1221.631,0.48,-6.681,9,0.0,0.0,2.593
6973.479,0.197,1.667,0.336,0.506,8.4,2225.058,0.284,3.733,0.222,36.045,1497.913,0.313,-5.955,8,0.0,0.0,5.598
4864.231,0.185,2.052,0.263,0.39,9.589,2414.368,0.235,2.569,0.221,36.473,1258.599,0.266,-5.946,10,0.0,0.0,6.949
6167.371,0.196,2.054,0.338,0.481,11.128,2518.502,0.288,2.753,0.275,35.621,1498.257,0.307,2.308,6,0.0,0.0,3.216
4279.807,0.186,1.595,0.356,0.447,10.877,2162.067,0.263,2.497,0.243,36.6,1459.384,0.287,-6.01,10,0.0,0.0,4.194
4647.696,0.163,2.229,0.278,0.397,10.007,2387.045,0.369,2.879,0.243,36.348,1546.218,0.23,-2.463,10,0.0,0.0,2.281
5383.51,0.133,1.946,0.336,0.582,8.696,2564.21,0.283,3.259,0.243,35.544,1329.782,0.164,0.715,7,0.08,0.2,3.98
4284.074,0.11,2.32,0.359,0.511,9.104,2338.384,0.326,2.698,0.256,36.197,1499.397,0.267,-3.096,8,0.0,0.0,4.182
6321.492,0.141,1.995,0.395,0.486,9.855,2275.323,0.377,3.525,0.225,35.629,1580.739,0.257,0.342,7,0.0,0.0,3.693
4535.622,0.148,2.228,0.239,0.343,11.115,2573.426,0.263,3.491,0.248,36.062,1209.579,0.317,-5.888,9,0.0,0.0,4.795
4864.13,0.156,1.266,0.343,0.344,10.833,2046.52,0.28,2.252,0.236,35.971,1205.153,0.367,-6.837,9,0.0,0.0,3.67
5360.605,0.128,2.273,0.353,0.46,10.431,2595.789,0.339,3.56,0.274,35.937,1300.869,0.147,0.248,10,0.0,0.0,2.725
5482.957,0.117,1.405,0.318,0.444,9.676,2076.301,0.388,3.182,0.282,35.806,1208.284,0.297,-6.738,12,0.0,0.0,3.137
4578.065,0.123,1.267,0.207,0.353,11.775,2134.747,0.207,1.996,0.224,35.513,1200.842,0.43,-6.939,11,0.0,0.0,4.205
4979.086,0.128,1.789,0.352,0.349,10.828,2113.395,0.354,3.247,0.218,36.683,1315.545,0.302,-6.466,11,0.0,0.0,0.0
6635.594,0.155,2.825,0.293,0.509,9.534,2103.78,0.326,2.241,0.254,35.648,1280.986,0.413,-4.06,8,0.0,0.0,6.898
6201.052,0.12,1.269,0.359,0.579,9.917,2326.72,0.344,3.608,0.258,36.633,1325.605,0.366,-6.212,9,0.0,0.0,2.034
6535.202,0.125,1.748,0.328,0.389,8.633,2415.593,0.311,2.669,0.283,36.386,1636.06,0.237,-5.92,10,0.0,0.0,3.819
5394.542,0.129,1.493,0.282,0.458,11.622,2048.101,0.28,3.62,0.252,35.991,1348.91,0.253,-6.299,10,0.0,0.0,8.884
5522.346,0.156,1.927,0.36,0.546,9.778,2618.874,0.27,3.183,0.266,32.448,1328.637,0.114,6.332,9,0.0,0.0,2.04
5333.108,0.124,1.541,0.283,0.511,10.979,2454.525,0.281,3.497,0.245,35.543,1319.391,0.23,0.689,7,0.14,0.35,1.458
5813.916,0.143,1.927,0.396,0.567,10.6,2163.093,0.301,3.203,0.263,34.856,1307.758,0.134,5.718,8,0.0,0.0,3.596
6508.072,0.147,1.995,0.206,0.448,11.675,2096.883,0.477,3.649,0.254,35.422,1545.584,0.59,-4.163,8,0.0,0.0,4.046
5493.386,0.142,2.001,0.373,0.553,10.205,2271.018,0.312,3.374,0.23,33.604,1310.953,0.126,6.027,10,0.0,0.0,0.825
6497.915,0.136,2.138,0.398,0.531,8.417,2394.407,0.296,3.152,0.251,35.987,1320.306,0.158,-5.767,9,0.0,0.0,0.911
5936.118,0.158,1.672,0.357,0.486,11.82,2170.254,0.28,3.373,0.245,35.601,1212.238,0.192,1.29,7,0.132,0.2,5.595
6726.473,0.151,1.771,0.339,0.472,11.352,2341.932,0.323,3.476,0.282,36.247,1641.753,0.16,-0.934,8,0.0,0.0,2.155
4666.604,0.119,1.373,0.263,0.368,8.839,2189.639,0.32,2.67,0.235,35.829,1443.57,0.314,-6.524,11,0.0,0.0,5.698
5346.298,0.155,1.787,0.337,0.571,11.27,2141.505,0.317,3.633,0.243,35.763,1629.763,0.142,0.993,8,0.135,0.2,6.251
4764.832,0.122,1.11,0.292,0.392,11.9,2050.368,0.37,1.088,0.259,35.684,1368.463,0.689,-7.013,11,0.0,0.0,1.833
4837.742,0.146,1.661,0.343,0.575,11.431,2438.502,0.272,3.728,0.284,35.357,1303.215,0.169,0.256,9,0.0,0.0,3.182
5398.875,0.138,1.841,0.358,0.47,8.73,2067.446,0.323,3.844,0.275,34.483,1279.793,0.147,6.489,10,0.0,0.0,2.977
5797.207,0.177,1.686,0.346,0.481,9.849,2184.054,0.245,3.769,0.223,36.574,1532.065,0.183,1.2,8,0.124,0.2,4.695
5642.343,0.151,1.312,0.263,0.495,9.111,2210.732,0.319,3.715,0.25,36.622,1501.719,0.344,0.632,7,0.154,0.2,7.673
5861.323,0.119,1.353,0.325,0.446,9.435,2334.444,0.257,3.47,0.243,36.556,1392.291,0.324,-6.638,10,0.0,0.0,1.871
5466.76,0.15,2.932,0.292,0.378,9.668,2416.134,0.302,3.435,0.257,35.49,1332.739,0.466,2.945,6,0.0,0.0,3.661
4959.569,0.18,1.886,0.394,0.592,9.122,2310.64,0.25,3.38,0.212,36.006,1369.859,0.2,-4.909,12,0.0,0.0,5.346
5963.133,0.152,1.482,0.335,0.367,9.601,2057.801,0.278,1.125,0.253,36.201,1416.49,0.679,-6.56,8,0.0,0.0,4.194
4937.263,0.138,2.075,0.393,0.471,11.572,2525.961,0.273,3.392,0.259,35.386,1364.177,0.157,1.042,9,0.0,0.0,3.081
4638.979,0.147,1.957,0.345,0.507,9.847,2589.32,0.217,2.487,0.252,32.654,1303.894,0.289,6.946,6,0.0,0.0,2.821
6366.49,0.153,2.067,0.399,0.444,10.821,2500.159,0.297,3.57,0.212,33.197,1243.386,0.171,7.235,8,0.0,0.0,3.747
6540.973,0.196,1.456,0.381,0.309,8.533,2124.134,0.366,2.733,0.23,36.613,1566.591,0.382,-6.681,12,0.0,0.0,4.039
4479.107,0.157,2.294,0.333,0.432,8.598,2391.246,0.302,1.014,0.219,35.319,1494.053,0.71,-3.014,7,0.0,0.0,2.9
6700.837,0.118,1.033,0.379,0.368,11.673,2080.72,0.292,3.595,0.213,35.971,1366.653,0.484,-6.907,10,0.0,0.0,3.057
5688.666,0.167,1.405,0.282,0.485,10.339,2271.614,0.419,3.021,0.243,35.515,1493.556,0.397,-6.152,8,0.0,0.0,3.15
4925.63,0.163,1.8,0.398,0.396,8.582,2189.894,0.296,3.598,0.232,36.619,1501.262,0.208,-6.425,9,0.0,0.0,4.813
6737.918,0.152,2.04,0.303,0.463,10.082,2676.021,0.29,2.431,0.259,36.515,1412.854,0.305,-3.863,8,0.0,0.0,2.668
6308.453,0.136,2.147,0.338,0.424,9.469,2058.813,0.302,3.515,0.288,34.275,1542.972,0.152,6.568,9,0.0,0.0,3.757
5953.207,0.122,2.052,0.354,0.353,9.89,2491.517,0.3,3.591,0.249,36.145,1454.658,0.294,3.419,6,0.013,0.1,2.915
4656.44,0.17,1.255,0.217,0.303,11.18,2050.995,0.283,2.02,0.251,35.424,1282.717,0.423,-6.62,9,0.0,0.0,4.502
4661.402,0.117,1.651,0.279,0.35,10.582,2138.622,0.398,1.97,0.288,36.699,1543.729,0.437,-6.769,12,0.0,0.0,4.965
6673.871,0.145,2.217,0.333,0.454,10.184,2526.484,0.267,3.766,0.259,35.332,1371.164,0.151,0.844,10,0.0,0.0,3.172
5200.315,0.165,2.304,0.298,0.481,8.889,2668.96,0.342,3.29,0.248,35.24,1565.56,0.152,0.298,10,0.218,0.35,3.087
6079.908,0.177,2.132,0.397,0.589,10.647,2539.667,0.288,3.485,0.277,36.318,1440.29,0.18,-3.527,10,0.0,0.0,3.808
5782.149,0.143,1.871,0.349,0.495,8.567,2564.813,0.248,3.864,0.21,35.318,1440.142,0.173,1.233,7,0.0,0.0,3.319
6778.778,0.146,2.148,0.307,0.329,11.912,2319.253,0.293,3.561,0.23,35.57,1319.677,0.342,-4.375,8,0.0,0.0,5.122
5714.399,0.143,1.325,0.25,0.343,10.309,2318.187,0.302,2.99,0.247,36.486,1611.283,0.338,-6.442,9,0.0,0.0,2.242
5909.557,0.102,1.15,0.315,0.416,11.762,2178.631,0.317,2.196,0.211,35.352,1260.526,0.425,-6.564,10,0.0,0.0,1.348
6696.824,0.101,1.363,0.334,0.333,9.821,2280.023,0.261,2.785,0.229,36.134,1480.318,0.334,-6.98,12,0.0,0.0,8.17
5434.693,0.167,2.12,0.371,0.524,9.904,2419.775,0.32,3.525,0.272,36.129,1383.327,0.113,0.631,9,0.146,0.25,6.64
5369.288,0.155,1.044,0.348,0.418,8.511,2186.402,0.313,2.607,0.262,36.586,1434.995,0.478,-6.657,9,0.0,0.0,0.744
4944.286,0.131,2.495,0.363,0.483,10.212,2257.47,0.323,3.327,0.243,35.322,1300.754,0.248,0.877,7,0.13,0.15,4.435
6973.42,0.138,1.527,0.391,0.337,9.948,2058.061,0.231,2.185,0.211,36.298,1324.268,0.376,-6.622,11,0.0,0.0,2.755
6143.392,0.187,2.163,0.285,0.449,11.822,2118.527,0.347,2.7,0.257,36.534,1355.473,0.247,-5.692,11,0.0,0.0,3.591
4600.138,0.161,1.936,0.365,0.515,11.302,2222.392,0.324,3.614,0.277,34.875,1495.241,0.207,5.444,7,0.0,0.0,3.303
5239.513,0.151,2.019,0.322,0.441,10.674,2637.949,0.329,3.536,0.252,36.571,1491.432,0.118,5.823,7,0.016,0.1,2.56
4347.109,0.199,1.448,0.385,0.522,10.638,2134.488,0.389,2.895,0.25,35.61,1294.754,0.327,-6.005,9,0.0,0.0,3.135
6256.609,0.165,1.821,0.359,0.375,9.226,2651.046,0.204,3.394,0.256,36.475,1615.253,0.32,-5.932,9,0.0,0.0,5.488
5677.405,0.139,1.308,0.219,0.433,9.859,2177.861,0.439,2.688,0.232,36.657,1600.323,0.463,-6.924,11,0.0,0.0,1.173
6113.522,0.165,2.042,0.345,0.496,8.724,2193.424,0.286,3.206,0.27,34.311,1473.778,0.128,4.881,8,0.0,0.0,4.831
4365.896,0.102,1.274,0.348,0.326,8.347,2093.679,0.387,3.426,0.227,35.625,1474.869,0.363,-6.39,9,0.0,0.0,4.375
4818.936,0.139,1.474,0.32,0.361,11.354,2550.768,0.348,2.746,0.232,36.183,1347.212,0.278,-6.361,12,0.0,0.0,1.43
6838.279,0.161,2.16,0.311,0.527,8.303,2058.083,0.358,3.494,0.294,35.625,1456.022,0.193,-5.227,10,0.0,0.0,5.893
4790.863,0.134,1.954,0.361,0.377,10.069,2212.241,0.232,2.933,0.278,36.074,1523.628,0.246,-2.173,9,0.0,0.0,1.323
4620.082,0.184,1.957,0.307,0.421,9.995,2387.949,0.381,3.719,0.26,35.532,1340.589,0.27,-2.444,9,0.0,0.0,0.66
6867.249,0.181,2.003,0.38,0.307,10.964,2393.88,0.278,3.289,0.278,35.303,1408.169,0.386,-5.588,8,0.0,0.0,7.232
6285.253,0.101,1.236,0.351,0.331,10.949,2370.327,0.331,3.37,0.297,36.68,1533.08,0.382,-6.723,11,0.0,0.0,4.918
4946.886,0.141,2.335,0.348,0.478,10.634,2319.108,0.305,3.387,0.205,36.437,1475.732,0.18,-0.0,8,0.191,0.2,4.431
5824.815,0.159,1.292,0.344,0.363,11.299,2332.186,0.451,3.265,0.228,35.64,1496.053,0.503,-6.05,8,0.0,0.0,1.281
5870.566,0.194,1.127,0.295,0.301,9.793,2268.384,0.352,3.708,0.245,35.583,1475.169,0.436,-6.903,10,0.0,0.0,2.587
4773.354,0.162,2.056,0.372,0.439,11.531,2462.002,0.281,3.506,0.254,36.542,1620.637,0.177,2.953,8,0.104,0.15,3.089
4514.475,0.106,1.712,0.358,0.495,11.828,2142.384,0.307,3.458,0.283,36.27,1502.496,0.293,0.684,7,0.178,0.25,4.912
6180.013,0.182,1.644,0.243,0.342,10.807,2333.516,0.28,2.323,0.253,35.44,1240.413,0.336,-6.284,9,0.0,0.0,4.34
4845.538,0.154,1.564,0.306,0.441,10.936,2351.941,0.391,3.562,0.289,36.382,1517.729,0.303,-6.441,10,0.0,0.0,2.108
6339.344,0.159,2.161,0.381,0.517,10.565,2455.115,0.307,3.283,0.272,35.652,1306.242,0.129,0.38,9,0.207,0.25,3.143
6439.575,0.147,1.18,0.362,0.444,9.863,2465.41,0.311,1.633,0.284,33.146,1494.936,0.533,0.454,7,0.197,0.25,3.407
6785.324,0.156,1.18,0.292,0.484,8.505,2065.558,0.378,3.811,0.238,36.548,1481.013,0.41,-6.803,10,0.0,0.0,2.619
6521.664,0.127,2.183,0.318,0.379,10.115,2167.691,0.384,3.639,0.267,36.355,1318.516,0.28,-6.366,11,0.0,0.0,0.0
5508.722,0.159,1.364,0.361,0.305,8.216,2150.332,0.226,3.404,0.288,36.462,1287.255,0.39,-6.453,10,0.0,0.0,2.655
6472.416,0.112,1.986,0.299,0.471,11.144,2178.505,0.31,3.205,0.249,36.672,1215.791,0.253,-6.205,9,0.0,0.0,4.682
6950.659,0.147,1.073,0.364,0.535,10.28,2078.637,0.388,1.464,0.253,35.557,1242.788,0.582,-6.266,8,0.0,0.0,2.169
6503.919,0.152,2.07,0.318,0.503,9.247,2551.03,0.218,2.676,0.218,35.456,1237.33,0.273,-2.442,8,0.0,0.0,3.205
6863.492,0.174,1.609,0.301,0.428,9.875,2301.085,0.345,3.047,0.25,35.88,1316.314,0.196,-4.088,10,0.0,0.0,4.642
6974.012,0.194,1.306,0.316,0.338,11.63,2238.37,0.29,3.239,0.281,35.854,1464.829,0.347,-6.686,11,0.0,0.0,1.798
5763.436,0.171,2.054,0.387,0.413,9.933,2196.817,0.286,2.675,0.225,35.524,1437.266,0.236,0.556,8,0.095,0.2,3.647
6691.599,0.137,1.834,0.373,0.519,8.596,2608.616,0.231,3.267,0.237,36.192,1497.278,0.23,-5.851,10,0.0,0.0,5.316
4939.824,0.13,2.201,0.39,0.458,10.066,2296.78,0.261,3.53,0.233,36.604,1348.985,0.148,0.675,10,0.158,0.2,3.327
6431.071,0.181,2.065,0.33,0.463,10.701,2571.401,0.357,3.585,0.294,35.354,1383.884,0.207,0.072,9,0.018,0.1,4.136
5694.293,0.109,1.387,0.351,0.351,10.588,2377.604,0.291,1.389,0.217,35.78,1501.132,0.603,-6.551,9,0.0,0.0,2.253
6142.477,0.147,2.225,0.339,0.543,9.632,2483.618,0.275,3.709,0.246,35.43,1339.154,0.113,5.671,8,0.075,0.2,3.918
5901.23,0.149,1.419,0.305,0.461,9.041,2269.54,0.413,3.603,0.263,35.987,1576.053,0.377,-6.214,10,0.0,0.0,4.316
5080.91,0.155,1.519,0.312,0.336,10.357,2065.164,0.371,2.852,0.24,36.666,1368.207,0.328,-6.492,11,0.0,0.0,1.054
5024.08,0.117,2.056,0.355,0.53,8.588,2406.164,0.278,3.355,0.248,36.612,1397.307,0.22,1.083,7,0.014,0.1,3.706
6899.856,0.139,1.109,0.357,0.517,10.423,2632.705,0.226,2.422,0.252,35.569,1573.916,0.446,-4.032,8,0.0,0.0,3.999
5595.846,0.166,1.938,0.296,0.509,8.963,2637.643,0.274,3.392,0.252,35.435,1300.76,0.154,1.409,7,0.0,0.0,4.396
5518.438,0.112,2.464,0.351,0.522,11.031,2287.859,0.295,3.582,0.251,35.696,1588.02,0.253,0.094,6,0.085,0.2,4.273
6678.827,0.199,1.133,0.357,0.367,9.827,2120.8,0.305,3.471,0.228,36.372,1375.463,0.433,-6.882,9,0.0,0.0,1.277
5635.005,0.159,2.195,0.313,0.45,8.55,2448.649,0.276,3.838,0.261,35.713,1260.003,0.16,-1.919,12,0.0,0.0,4.032
5279.406,0.147,1.015,0.389,0.338,10.822,2305.419,0.453,1.006,0.235,36.079,1222.227,0.713,-6.944,11,0.0,0.0,3.825
5819.297,0.144,1.897,0.306,0.564,8.839,2278.937,0.344,3.378,0.282,36.096,1546.673,0.147,4.138,10,0.012,0.1,3.539
6145.017,0.127,1.822,0.355,0.561,8.896,2416.08,0.288,3.075,0.25,32.711,1241.749,0.172,4.534,8,0.0,0.0,1.518
5586.851,0.134,2.346,0.356,0.481,8.015,2624.587,0.276,3.426,0.211,36.585,1487.852,0.198,-1.954,9,0.0,0.0,2.084
6350.456,0.143,2.305,0.346,0.565,9.149,2170.24,0.334,3.381,0.23,33.32,1461.332,0.153,1.614,10,0.106,0.2,4.182
6856.605,0.128,2.844,0.351,0.48,11.093,2598.949,0.314,3.517,0.286,35.643,1311.893,0.422,0.05,7,0.0,0.0,2.993
4631.082,0.131,1.177,0.326,0.318,10.359,2597.803,0.318,3.526,0.278,35.489,1306.485,0.411,-6.622,9,0.0,0.0,4.683
6924.439,0.171,2.695,0.36,0.443,10.111,2135.021,0.339,3.502,0.254,35.551,1411.578,0.347,0.439,7,0.0,0.0,3.151
4458.349,0.117,1.808,0.256,0.3,11.531,2173.465,0.297,2.149,0.251,36.6,1415.3,0.4,-6.736,10,0.0,0.0,6.275
5138.752,0.148,1.602,0.335,0.408,10.035,2564.465,0.316,2.95,0.28,36.105,1323.425,0.199,-6.251,8,0.0,0.0,4.443
6268.269,0.163,2.044,0.34,0.456,8.93,2418.138,0.309,3.537,0.255,31.704,1583.816,0.107,6.362,7,0.0,0.0,3.239
4946.027,0.177,2.007,0.343,0.504,11.489,2562.767,0.236,3.544,0.272,36.235,1491.409,0.213,0.78,7,0.151,0.2,4.306
6346.347,0.192,1.46,0.372,0.367,11.954,2090.843,0.343,3.529,0.252,36.684,1439.954,0.28,-6.584,10,0.0,0.0,5.124
4951.468,0.153,1.959,0.383,0.5,10.185,2496.955,0.252,3.457,0.214,32.356,1429.353,0.16,6.274,8,0.0,0.0,3.122
4861.652,0.121,2.204,0.286,0.487,9.982,2145.72,0.308,3.223,0.249,36.664,1575.316,0.193,3.754,8,0.062,0.15,2.799
5423.55,0.143,1.688,0.304,0.43,10.242,2398.072,0.292,2.922,0.264,36.334,1416.249,0.165,0.9,9,0.138,0.25,3.89
5095.638,0.139,1.848,0.323,0.549,9.129,2485.273,0.269,3.199,0.251,34.602,1427.553,0.121,5.586,11,0.0,0.0,1.719
5351.217,0.145,1.975,0.341,0.433,10.698,2295.082,0.368,3.533,0.237,35.992,1390.389,0.227,-3.186,8,0.0,0.0,5.516
4315.055,0.167,1.397,0.34,0.306,11.194,2325.805,0.252,3.155,0.297,36.573,1211.224,0.388,-6.759,11,0.0,0.0,3.51
4752.018,0.149,2.288,0.362,0.383,9.382,2405.443,0.267,3.48,0.251,36.464,1472.189,0.234,0.881,7,0.0,0.0,3.657
6015.059,0.128,1.012,0.261,0.315,9.475,2407.714,0.296,3.796,0.249,35.917,1226.959,0.494,-6.871,9,0.0,0.0,1.509
6585.045,0.123,2.064,0.363,0.486,8.218,2049.546,0.328,3.245,0.244,36.152,1629.927,0.18,0.742,8,0.181,0.25,4.734
5156.521,0.136,1.02,0.284,0.493,8.693,2299.933,0.304,2.942,0.284,36.166,1616.352,0.49,-6.638,10,0.0,0.0,5.673
6215.557,0.142,1.906,0.359,0.5,11.12,2684.561,0.307,3.335,0.284,36.05,1333.673,0.136,1.185,9,0.128,0.2,3.832
5232.197,0.121,2.054,0.356,0.343,10.153,2169.885,0.406,2.631,0.267,35.863,1256.56,0.353,-6.281,9,0.0,0.0,3.384
4504.167,0.149,1.582,0.319,0.482,11.32,2232.868,0.261,2.499,0.291,36.602,1331.287,0.286,-6.414,10,0.0,0.0,3.194
6221.353,0.189,1.451,0.281,0.419,8.146,2441.617,0.359,3.501,0.276,35.52,1309.9,0.274,-6.173,10,0.0,0.0,1.686
6228.652,0.18,1.953,0.338,0.496,9.47,2464.839,0.287,3.478,0.29,34.275,1510.539,0.2,5.853,7,0.0,0.0,2.04
5145.872,0.124,1.749,0.243,0.456,9.002,2229.427,0.237,2.802,0.244,35.372,1204.933,0.306,-6.548,10,0.0,0.0,6.552
4695.944,0.151,2.348,0.345,0.484,9.914,2657.047,0.398,2.248,0.255,35.519,1596.814,0.358,0.391,6,0.0,0.0,2.146
6569.945,0.175,1.782,0.29,0.46,9.457,2052.457,0.24,3.241,0.27,35.611,1460.555,0.2,-6.162,11,0.0,0.0,2.962
6401.928,0.175,2.388,0.288,0.424,10.741,2438.789,0.27,2.804,0.27,36.14,1302.372,0.199,-1.899,12,0.0,0.0,4.646
4657.459,0.126,1.122,0.387,0.378,10.065,2217.868,0.207,2.064,0.24,36.188,1628.01,0.439,-6.931,11,0.0,0.0,3.777
5540.543,0.121,1.208,0.213,0.339,9.689,2187.889,0.408,2.988,0.293,35.419,1363.412,0.396,-6.852,11,0.0,0.0,4.325
6487.259,0.152,1.746,0.334,0.416,8.848,2197.654,0.378,2.574,0.236,35.664,1243.79,0.265,-4.873,10,0.0,0.0,3.1
4797.174,0.148,1.431,0.331,0.323,9.275,2415.901,0.307,3.597,0.267,36.437,1454.507,0.354,-6.245,8,0.0,0.0,6.177
5553.262,0.146,2.645,0.364,0.315,11.647,2640.389,0.429,3.54,0.235,35.64,1493.555,0.43,0.114,7,0.0,0.0,4.672
5383.776,0.168,2.215,0.384,0.479,9.624,2458.217,0.286,3.533,0.204,35.416,1203.618,0.198,0.273,8,0.039,0.1,3.454
6604.449,0.173,1.968,0.369,0.569,10.712,2294.797,0.249,2.838,0.278,34.861,1473.938,0.189,0.12,11,0.0,0.0,4.291
4673.617,0.191,1.334,0.364,0.496,9.851,2657.838,0.239,2.296,0.212,36.176,1308.204,0.344,-2.904,9,0.0,0.0,1.488
5391.895,0.133,1.381,0.269,0.329,9.782,2138.717,0.222,2.29,0.243,35.453,1329.144,0.346,-6.708,10,0.0,0.0,3.625
6145.669,0.149,1.793,0.371,0.429,10.25,2477.424,0.261,3.201,0.23,35.259,1386.672,0.142,5.513,11,0.0,0.0,2.521
5164.087,0.143,2.174,0.351,0.466,10.297,2537.862,0.285,3.855,0.268,34.364,1438.371,0.11,5.588,9,0.0,0.0,2.389
5576.878,0.176,1.776,0.311,0.498,8.28,2284.692,0.282,2.984,0.265,35.355,1543.219,0.173,0.864,9,0.19,0.3,1.496
4819.635,0.171,1.236,0.355,0.355,11.139,2398.468,0.42,3.613,0.245,35.467,1491.932,0.4,2.563,6,0.053,0.2,3.12
6929.201,0.145,2.173,0.3,0.322,8.544,2256.098,0.349,2.334,0.25,35.68,1494.118,0.356,-6.155,8,0.0,0.0,3.585
4934.21,0.163,1.771,0.355,0.449,9.59,2518.78,0.282,3.181,0.284,35.653,1516.166,0.149,4.033,9,0.0,0.0,3.851
6810.652,0.18,2.058,0.386,0.555,8.793,2201.511,0.304,3.704,0.284,35.451,1462.506,0.2,-0.559,9,0.0,0.0,6.078
5160.162,0.105,1.379,0.355,0.306,11.768,2266.532,0.216,3.596,0.201,35.336,1451.297,0.388,-6.64,9,0.0,0.0,5.358
4465.103,0.153,2.12,0.373,0.378,10.817,2337.431,0.313,3.501,0.251,35.993,1375.371,0.244,0.974,8,0.18,0.25,5.568
5747.648,0.174,1.124,0.217,0.488,10.158,2624.29,0.303,2.878,0.249,35.567,1411.856,0.438,1.176,7,0.174,0.3,3.954
6214.098,0.153,1.641,0.382,0.402,11.437,2123.249,0.372,2.908,0.242,36.299,1569.662,0.24,-6.419,11,0.0,0.0,4.528
4793.643,0.157,1.994,0.341,0.431,10.294,2657.382,0.306,3.413,0.228,31.74,1353.542,0.174,4.139,7,0.0,0.0,2.145
5725.555,0.155,1.733,0.341,0.331,8.872,2098.789,0.304,3.075,0.201,35.693,1338.153,0.338,0.22,8,0.18,0.25,6.311
6830.792,0.165,1.794,0.291,0.492,11.31,2173.325,0.303,3.222,0.269,35.792,1349.843,0.178,-6.296,10,0.0,0.0,4.216
4546.371,0.119,1.656,0.358,0.48,9.98,2244.788,0.314,2.739,0.225,35.923,1367.919,0.217,1.491,8,0.134,0.25,3.543
6084.33,0.148,1.823,0.303,0.578,9.895,2521.929,0.225,3.536,0.224,35.817,1369.467,0.25,-1.105,9,0.0,0.0,5.902
5774.002,0.147,1.803,0.376,0.588,11.682,2373.022,0.342,3.062,0.243,36.331,1622.472,0.176,0.778,9,0.172,0.3,6.195
6994.973,0.188,1.008,0.359,0.393,10.044,2067.643,0.495,3.687,0.227,35.902,1629.735,0.65,-6.823,10,0.0,0.0,3.883
6146.816,0.152,1.524,0.339,0.325,10.646,2275.12,0.299,3.727,0.226,36.22,1533.406,0.35,-6.376,9,0.0,0.0,3.005
5987.502,0.136,1.653,0.342,0.368,10.145,2214.48,0.287,2.834,0.247,35.96,1583.851,0.264,1.119,8,0.123,0.2,4.586
4701.841,0.147,1.775,0.241,0.507,8.944,2209.169,0.356,3.884,0.204,36.232,1619.107,0.311,-5.876,10,0.0,0.0,8.092
5587.003,0.157,1.601,0.375,0.523,9.887,2404.846,0.243,3.094,0.253,34.365,1336.736,0.2,6.037,7,0.0,0.0,1.954
5708.828,0.166,2.41,0.315,0.431,10.284,2540.384,0.358,3.079,0.22,36.365,1369.161,0.205,0.014,12,0.0,0.0,3.982
6607.884,0.104,1.428,0.303,0.453,9.321,2105.769,0.257,3.529,0.22,36.537,1481.251,0.307,-6.339,11,0.0,0.0,5.217
6768.687,0.143,1.567,0.392,0.551,10.775,2049.15,0.291,3.554,0.243,35.192,1255.177,0.217,3.154,8,0.049,0.2,3.335
4275.441,0.175,1.395,0.263,0.515,8.947,2164.92,0.268,3.735,0.241,36.246,1420.054,0.302,-6.097,11,0.0,0.0,4.671
5416.502,0.109,1.172,0.209,0.31,9.52,2183.743,0.303,2.994,0.273,35.523,1444.027,0.414,-6.916,10,0.0,0.0,1.792
6209.231,0.152,1.246,0.356,0.565,9.257,2177.862,0.24,3.581,0.221,35.788,1384.605,0.377,-6.45,9,0.0,0.0,2.575
6367.574,0.153,1.79,0.381,0.523,9.179,2640.046,0.284,3.044,0.269,36.22,1287.255,0.142,0.392,9,0.217,0.3,4.579
5729.504,0.181,2.325,0.349,0.371,8.784,2064.649,0.362,3.821,0.263,36.66,1223.55,0.258,-6.026,11,0.0,0.0,2.787
6709.954,0.198,1.241,0.22,0.319,8.132,2269.624,0.223,3.3,0.239,36.024,1262.571,0.379,-6.711,12,0.0,0.0,6.73
5912.723,0.169,2.419,0.274,0.58,8.388,2565.693,0.293,3.029,0.245,35.445,1306.077,0.217,-1.875,9,0.0,0.0,5.292
6765.936,0.138,1.521,0.379,0.428,10.445,2040.566,0.376,3.657,0.281,36.485,1608.686,0.253,-6.448,12,0.0,0.0,5.19
5816.435,0.104,2.4,0.326,0.489,9.684,2203.625,0.304,3.47,0.225,35.47,1479.128,0.307,3.261,7,0.065,0.2,4.18
5583.94,0.161,1.719,0.346,0.574,9.768,2392.494,0.299,3.515,0.219,33.383,1404.433,0.148,6.019,8,0.0,0.0,2.514
6175.202,0.151,1.946,0.348,0.354,9.005,2616.755,0.289,3.61,0.24,32.03,1341.857,0.292,4.994,7,0.0,0.0,1.85
6549.217,0.118,2.057,0.281,0.461,11.849,2206.871,0.317,2.295,0.225,36.055,1561.129,0.344,-6.041,10,0.0,0.0,4.655
6592.991,0.142,2.059,0.341,0.56,8.166,2140.842,0.371,3.723,0.258,35.502,1458.151,0.237,-4.891,9,0.0,0.0,4.688
6747.67,0.1,1.491,0.365,0.419,8.212,2347.019,0.33,2.497,0.238,36.438,1505.824,0.333,-5.931,10,0.0,0.0,5.252
5204.295,0.104,1.476,0.259,0.325,9.48,2368.91,0.315,3.815,0.244,36.272,1333.018,0.35,-6.657,10,0.0,0.0,3.054
5026.634,0.157,1.501,0.36,0.365,10.552,2385.388,0.32,3.092,0.228,35.358,1325.213,0.27,-4.059,8,0.0,0.0,3.173
6623.333,0.121,1.113,0.331,0.303,11.317,2269.729,0.486,3.491,0.224,35.798,1325.422,0.62,-6.953,11,0.0,0.0,4.406
6828.805,0.143,1.942,0.201,0.504,10.203,2194.984,0.205,3.653,0.248,36.337,1433.278,0.426,-5.497,8,0.0,0.0,5.411
6411.757,0.187,2.263,0.269,0.426,11.547,2174.411,0.315,3.232,0.223,36.59,1502.143,0.247,-6.013,10,0.0,0.0,5.673
5414.956,0.154,1.978,0.335,0.49,10.827,2116.319,0.261,3.686,0.285,35.706,1436.161,0.14,-4.211,7,0.0,0.0,1.13
6156.233,0.151,2.216,0.333,0.511,10.022,2616.56,0.279,3.798,0.272,35.198,1305.968,0.129,5.994,8,0.0,0.0,2.308
4682.475,0.113,1.565,0.237,0.394,10.463,2149.881,0.299,3.174,0.259,35.933,1327.237,0.323,-6.477,11,0.0,0.0,5.542
5733.868,0.151,1.184,0.326,0.316,10.383,2201.822,0.308,1.629,0.257,35.391,1595.918,0.535,-6.839,8,0.0,0.0,3.984
4240.089,0.145,2.113,0.359,0.372,10.108,2165.907,0.325,3.523,0.246,35.685,1344.363,0.269,2.584,6,0.068,0.2,3.392
4983.908,0.145,1.076,0.31,0.41,10.932,2103.914,0.345,1.913,0.285,35.86,1518.707,0.462,-6.724,11,0.0,0.0,6.598
6579.431,0.138,2.134,0.38,0.531,11.071,2534.274,0.28,3.494,0.226,33.312,1422.521,0.134,4.479,10,0.0,0.0,4.922
4368.797,0.129,1.21,0.34,0.304,9.864,2196.239,0.295,2.175,0.205,35.539,1433.552,0.395,-5.433,8,0.0,0.0,2.937
6907.962,0.114,1.689,0.279,0.433,10.875,2162.253,0.273,2.895,0.256,36.468,1539.13,0.24,-6.319,11,0.0,0.0,3.785
5243.669,0.148,2.334,0.306,0.32,10.148,2044.372,0.406,2.429,0.229,35.993,1316.414,0.36,-6.565,10,0.0,0.0,7.226
4971.579,0.104,1.468,0.243,0.389,8.107,2185.363,0.339,2.646,0.288,36.277,1475.236,0.307,-6.546,12,0.0,0.0,2.675
6839.274,0.191,1.411,0.355,0.49,8.78,2195.686,0.206,2.565,0.246,35.949,1542.254,0.313,-5.844,9,0.0,0.0,0.0
4361.651,0.124,1.067,0.382,0.335,11.494,2416.313,0.316,1.504,0.244,35.948,1373.898,0.57,-6.394,9,0.0,0.0,3.768
4368.1,0.165,1.534,0.313,0.303,10.088,2453.205,0.28,3.47,0.245,35.336,1276.706,0.394,-1.628,7,0.0,0.0,2.998
4349.04,0.169,2.039,0.355,0.482,9.019,2591.755,0.294,3.359,0.239,36.272,1254.07,0.25,-3.081,8,0.0,0.0,3.104
5684.673,0.133,2.241,0.316,0.442,10.938,2266.533,0.329,3.218,0.23,36.113,1508.799,0.121,1.534,12,0.138,0.25,3.849
6611.023,0.162,2.069,0.366,0.468,10.897,2440.917,0.319,3.644,0.238,36.673,1331.085,0.14,-0.119,10,0.0,0.0,3.377
5733.249,0.135,1.585,0.351,0.509,10.284,2679.894,0.317,3.432,0.249,34.198,1298.867,0.208,6.603,7,0.0,0.0,3.776
5680.693,0.118,1.648,0.227,0.314,10.839,2211.785,0.333,2.902,0.235,35.758,1607.338,0.372,-6.481,12,0.0,0.0,5.934
6642.007,0.152,1.832,0.288,0.498,11.094,2463.97,0.253,3.314,0.277,35.539,1439.869,0.177,0.81,9,0.201,0.3,3.919
6582.553,0.185,1.575,0.243,0.369,10.927,2446.383,0.236,3.204,0.267,35.95,1541.702,0.306,-6.113,12,0.0,0.0,4.429
5158.384,0.145,1.436,0.272,0.38,9.699,2448.33,0.313,2.444,0.247,35.775,1605.937,0.302,-4.94,9,0.0,0.0,3.048
6259.336,0.14,1.881,0.328,0.493,10.91,2412.888,0.269,3.637,0.235,34.543,1596.724,0.103,5.792,10,0.0,0.0,2.988
4841.585,0.106,1.129,0.312,0.357,10.148,2104.776,0.261,2.913,0.259,36.636,1327.418,0.435,-6.697,11,0.0,0.0,3.086
6894.193,0.131,1.727,0.284,0.414,11.436,2203.289,0.301,2.994,0.29,36.362,1642.554,0.189,-6.106,11,0.0,0.0,1.73
5334.095,0.162,2.05,0.287,0.516,11.569,2214.866,0.302,3.725,0.251,31.736,1596.844,0.18,7.065,8,0.0,0.0,3.299
5994.868,0.154,2.271,0.348,0.437,11.523,2254.335,0.322,3.733,0.24,32.862,1303.852,0.152,5.266,9,0.0,0.0,4.476
5503.522,0.157,1.227,0.255,0.338,9.081,2065.816,0.454,2.779,0.244,36.059,1578.721,0.513,-6.992,10,0.0,0.0,9.468
5803.252,0.196,1.366,0.289,0.33,10.8,2050.673,0.304,2.549,0.26,35.593,1245.552,0.34,-6.024,9,0.0,0.0,3.11
6841.938,0.121,1.066,0.258,0.368,9.79,2081.564,0.389,3.503,0.26,35.656,1230.832,0.467,-6.653,10,0.0,0.0,3.502
6496.409,0.152,1.52,0.307,0.504,10.503,2498.938,0.384,2.46,0.259,36.637,1216.165,0.297,-6.084,10,0.0,0.0,6.406
4888.654,0.172,1.633,0.251,0.343,10.838,2366.452,0.351,2.214,0.248,36.487,1295.166,0.367,-6.266,11,0.0,0.0,0.381
6482.316,0.188,1.959,0.356,0.482,10.114,2069.95,0.295,1.467,0.244,36.682,1536.842,0.581,0.909,6,0.211,0.3,2.941
6263.057,0.173,1.442,0.265,0.312,8.469,2160.046,0.293,3.184,0.274,36.245,1296.422,0.376,-6.318,11,0.0,0.0,1.055
5823.974,0.144,1.339,0.323,0.442,11.614,2391.106,0.32,2.2,0.246,35.293,1460.852,0.371,1.923,7,0.086,0.2,4.419
6979.973,0.185,1.179,0.35,0.464,10.241,2075.713,0.26,2.289,0.208,36.36,1282.147,0.41,-6.365,11,0.0,0.0,2.567
4604.513,0.128,2.044,0.361,0.598,9.073,2226.11,0.299,3.58,0.292,36.073,1426.798,0.206,1.821,8,0.106,0.25,4.453
6523.364,0.181,2.185,0.261,0.59,8.133,2054.475,0.281,3.612,0.204,35.967,1457.527,0.254,-3.835,10,0.0,0.0,2.876
4489.739,0.189,1.639,0.366,0.495,10.025,2338.625,0.319,3.45,0.248,32.047,1441.49,0.26,5.041,7,0.0,0.0,3.852
4575.864,0.182,1.814,0.338,0.487,9.873,2611.469,0.434,3.292,0.249,36.083,1590.735,0.447,-3.864,8,0.0,0.0,0.715
4559.192,0.11,1.002,0.232,0.312,8.349,2068.149,0.432,2.553,0.254,36.645,1392.251,0.499,-6.794,11,0.0,0.0,5.308
5486.349,0.134,2.081,0.354,0.509,11.623,2199.266,0.313,3.165,0.292,35.943,1564.51,0.168,1.082,9,0.153,0.3,2.104
4899.628,0.15,1.076,0.23,0.499,10.533,2388.088,0.314,1.943,0.251,35.819,1296.316,0.462,-6.134,8,0.0,0.0,0.068
5955.333,0.129,2.298,0.327,0.481,9.983,2528.161,0.3,2.951,0.227,36.074,1254.575,0.164,1.777,9,0.117,0.25,4.093
5675.477,0.132,2.002,0.399,0.402,11.979,2675.495,0.325,3.446,0.206,36.063,1239.161,0.198,-2.562,10,0.0,0.0,2.783
4565.293,0.156,1.934,0.216,0.587,11.952,2587.209,0.287,2.509,0.254,36.647,1446.37,0.383,-3.347,8,0.0,0.0,2.792
4835.444,0.142,2.168,0.389,0.515,11.902,2406.884,0.3,3.766,0.256,36.14,1333.572,0.19,2.226,8,0.076,0.2,2.649
6562.105,0.182,1.916,0.311,0.577,11.178,2456.676,0.323,3.776,0.254,35.76,1354.952,0.213,-3.083,10,0.0,0.0,3.833
6182.226,0.177,1.293,0.355,0.334,11.732,2231.185,0.485,3.777,0.296,35.473,1262.137,0.617,-6.692,10,0.0,0.0,5.272
5765.767,0.176,2.237,0.317,0.396,9.933,2429.44,0.259,3.056,0.255,35.999,1450.273,0.208,1.313,10,0.155,0.35,2.997
4614.929,0.111,1.943,0.398,0.317,9.269,2085.673,0.383,2.609,0.286,35.736,1208.928,0.366,-6.231,11,0.0,0.0,2.386
4575.322,0.199,1.195,0.333,0.312,9.219,2119.141,0.333,2.638,0.207,35.809,1426.797,0.402,-6.73,12,0.0,0.0,4.203
6547.31,0.109,1.775,0.332,0.521,9.025,2540.661,0.29,3.535,0.276,36.328,1258.893,0.273,-3.946,9,0.0,0.0,1.914
4605.565,0.182,1.106,0.324,0.36,11.669,2507.054,0.31,2.884,0.258,36.254,1237.963,0.447,-6.61,11,0.0,0.0,4.96
6521.91,0.165,1.308,0.209,0.37,8.885,2068.351,0.261,2.697,0.259,36.261,1439.402,0.403,-6.855,12,0.0,0.0,7.817
6829.291,0.116,1.779,0.314,0.442,9.789,2218.783,0.294,3.529,0.247,34.097,1505.588,0.227,4.273,8,0.0,0.0,3.045
4494.751,0.143,1.454,0.374,0.447,11.806,2142.398,0.399,2.397,0.262,36.561,1377.945,0.33,-5.943,11,0.0,0.0,0.0
6733.454,0.152,1.972,0.365,0.571,10.439,2478.4,0.371,2.884,0.292,36.356,1548.308,0.237,-1.31,9,0.0,0.0,3.296
5991.768,0.129,1.966,0.325,0.585,9.834,2669.317,0.354,2.837,0.232,36.658,1456.823,0.189,1.374,11,0.159,0.3,3.512
4453.209,0.154,1.255,0.351,0.331,11.562,2314.348,0.272,2.557,0.25,36.547,1579.63,0.373,-5.469,9,0.0,0.0,4.379
6511.101,0.156,1.836,0.327,0.464,10.299,2208.598,0.334,3.28,0.238,33.516,1283.487,0.144,5.948,11,0.0,0.0,2.633
6170.466,0.151,1.891,0.375,0.426,8.799,2204.063,0.292,3.813,0.235,35.706,1416.511,0.148,1.679,9,0.133,0.3,3.009
6770.534,0.155,1.288,0.364,0.502,10.087,2642.853,0.349,3.742,0.248,35.106,1504.932,0.356,2.073,6,0.108,0.25,3.401
5613.87,0.169,1.474,0.343,0.516,11.336,2507.241,0.281,3.066,0.257,36.147,1382.94,0.263,0.826,8,0.209,0.3,3.467
6647.006,0.156,1.853,0.343,0.452,9.189,2190.877,0.335,3.872,0.255,35.087,1468.173,0.146,4.496,9,0.0,0.0,3.9
5755.097,0.107,1.998,0.288,0.453,10.134,2402.314,0.316,3.575,0.212,32.373,1384.832,0.287,6.527,7,0.0,0.0,4.336
6175.118,0.14,1.95,0.338,0.395,8.234,2395.584,0.352,2.991,0.258,36.081,1343.692,0.21,0.52,9,0.241,0.3,3.837
5187.529,0.19,2.025,0.284,0.362,10.175,2633.293,0.326,2.903,0.207,36.216,1615.877,0.276,-5.884,11,0.0,0.0,3.288
4578.759,0.175,1.366,0.263,0.488,11.708,2272.15,0.306,3.153,0.246,35.312,1437.093,0.317,0.575,8,0.218,0.3,3.252
6735.326,0.163,1.674,0.269,0.472,11.075,2532.803,0.33,3.498,0.24,36.008,1383.175,0.231,-5.591,11,0.0,0.0,4.91
4423.562,0.141,1.001,0.212,0.304,9.344,2061.669,0.433,3.336,0.248,36.543,1621.024,0.5,-6.805,11,0.0,0.0,5.288
5778.0,0.154,1.362,0.28,0.495,10.346,2417.624,0.33,3.423,0.257,36.106,1301.535,0.319,0.7,7,0.219,0.35,2.116
4616.748,0.159,1.852,0.308,0.565,11.092,2390.847,0.359,3.274,0.264,35.991,1431.761,0.204,-2.557,12,0.0,0.0,2.723
4802.336,0.144,2.124,0.368,0.578,8.259,2151.753,0.323,2.975,0.259,35.991,1414.786,0.174,1.476,10,0.135,0.25,3.921
5084.747,0.172,1.886,0.347,0.495,11.38,2194.286,0.296,3.502,0.234,33.752,1516.837,0.147,6.723,8,0.0,0.0,2.187
6362.031,0.121,2.394,0.226,0.422,9.63,2043.987,0.26,2.746,0.272,35.805,1574.909,0.354,-6.442,12,0.0,0.0,4.201
6577.288,0.141,1.098,0.262,0.495,11.414,2274.033,0.269,3.395,0.27,36.422,1389.63,0.451,-6.45,10,0.0,0.0,4.597
6639.464,0.123,2.009,0.371,0.405,10.511,2069.407,0.292,3.613,0.256,35.071,1269.378,0.19,6.385,8,0.0,0.0,3.541
4708.516,0.145,1.746,0.245,0.396,8.907,2397.204,0.306,3.319,0.245,34.164,1494.551,0.3,5.842,7,0.0,0.0,4.287
6572.164,0.154,2.46,0.286,0.504,9.908,2223.841,0.465,1.095,0.246,36.648,1297.991,0.687,-2.758,8,0.0,0.0,3.17
5410.427,0.127,1.208,0.212,0.427,10.104,2553.927,0.274,2.894,0.244,35.892,1443.703,0.396,-5.97,10,0.0,0.0,3.51
4359.765,0.153,1.049,0.253,0.344,9.47,2070.612,0.426,1.724,0.24,36.138,1338.551,0.507,-6.816,11,0.0,0.0,5.482
6867.305,0.148,1.022,0.362,0.393,10.599,2194.156,0.454,2.478,0.263,35.385,1495.888,0.513,-6.616,8,0.0,0.0,1.446
4940.927,0.112,2.069,0.347,0.363,8.184,2504.754,0.307,3.13,0.245,36.355,1328.676,0.274,0.578,8,0.26,0.35,4.146
6447.434,0.124,1.861,0.346,0.496,10.058,2588.287,0.296,3.621,0.258,35.91,1507.104,0.173,1.953,7,0.065,0.15,2.96
6330.176,0.159,1.917,0.33,0.505,11.335,2411.514,0.359,3.239,0.216,35.576,1354.981,0.197,0.846,9,0.201,0.3,3.331
6958.426,0.151,1.625,0.398,0.368,11.106,2475.941,0.275,3.446,0.271,36.27,1511.696,0.264,-4.198,10,0.0,0.0,5.25
5142.923,0.193,1.58,0.327,0.418,11.096,2239.452,0.283,3.406,0.286,36.384,1350.583,0.287,-6.257,10,0.0,0.0,3.977
4872.986,0.142,1.486,0.223,0.35,8.018,2146.864,0.35,2.837,0.204,36.6,1484.549,0.363,-6.782,12,0.0,0.0,7.28
6218.311,0.151,2.037,0.389,0.524,8.804,2444.229,0.296,3.192,0.275,35.763,1373.949,0.12,0.904,9,0.198,0.3,2.705
5401.563,0.154,1.294,0.347,0.509,11.873,2413.599,0.22,1.812,0.213,35.632,1439.457,0.482,0.968,7,0.191,0.35,3.408
5778.746,0.103,1.988,0.357,0.382,10.965,2241.307,0.323,3.027,0.288,35.661,1635.164,0.313,1.723,7,0.11,0.2,5.043
6801.401,0.195,1.474,0.358,0.516,8.408,2280.471,0.379,3.57,0.266,36.081,1499.72,0.3,-4.256,8,0.0,0.0,2.958
6366.844,0.155,1.25,0.352,0.344,8.155,2051.843,0.368,3.342,0.203,35.354,1622.576,0.375,-6.557,9,0.0,0.0,6.166
6010.315,0.129,1.726,0.308,0.415,9.363,2399.787,0.353,2.955,0.203,36.053,1356.514,0.188,-0.692,11,0.0,0.0,3.884
6203.419,0.155,1.983,0.352,0.521,10.085,2325.629,0.281,1.72,0.263,34.898,1407.508,0.509,3.321,6,0.016,0.1,1.678
6113.416,0.129,2.278,0.308,0.524,9.957,2647.308,0.287,3.489,0.256,36.598,1517.191,0.14,1.24,8,0.154,0.25,3.507
4502.228,0.177,1.467,0.252,0.371,9.617,2299.673,0.286,3.481,0.232,35.323,1329.011,0.28,-5.273,9,0.0,0.0,5.186
4586.889,0.158,1.467,0.394,0.436,8.64,2408.175,0.307,3.804,0.245,35.623,1580.885,0.266,0.895,8,0.177,0.3,5.184
6967.66,0.139,2.096,0.289,0.499,11.488,2228.2,0.35,2.715,0.26,35.585,1269.555,0.224,-0.001,10,0.0,0.0,4.324
5807.091,0.187,1.585,0.347,0.557,9.286,2280.34,0.236,3.257,0.204,35.389,1339.379,0.247,-1.581,9,0.0,0.0,4.744
6649.587,0.161,1.833,0.35,0.59,9.696,2078.456,0.274,3.361,0.228,35.57,1436.785,0.18,0.32,10,0.27,0.35,1.887
6038.141,0.168,1.893,0.345,0.527,8.557,2407.653,0.28,3.487,0.223,35.57,1626.996,0.144,2.382,7,0.086,0.2,2.335
4803.11,0.132,1.932,0.382,0.423,10.116,2074.141,0.299,3.264,0.283,35.389,1624.974,0.172,1.112,8,0.166,0.25,4.583
5656.732,0.105,1.067,0.229,0.377,10.691,2220.045,0.243,3.039,0.292,36.246,1506.604,0.467,-6.769,11,0.0,0.0,4.444
4867.039,0.157,2.125,0.353,0.525,11.319,2275.176,0.287,3.788,0.283,32.959,1641.289,0.161,5.665,9,0.0,0.0,1.707
5760.517,0.139,1.765,0.395,0.444,10.341,2073.555,0.243,3.875,0.262,36.549,1212.74,0.192,-3.74,12,0.0,0.0,2.558
6223.397,0.134,2.264,0.318,0.51,10.893,2281.606,0.288,3.065,0.28,36.352,1447.134,0.132,1.199,10,0.163,0.3,2.617
5999.441,0.165,2.016,0.346,0.405,8.581,2169.201,0.342,3.224,0.217,35.989,1222.08,0.19,-1.287,10,0.0,0.0,1.843
5060.711,0.144,1.116,0.25,0.541,10.639,2398.84,0.334,1.888,0.273,35.872,1501.609,0.461,-6.001,9,0.0,0.0,4.846
6606.223,0.141,1.704,0.394,0.545,9.259,2579.237,0.392,2.945,0.293,35.674,1305.935,0.307,-5.614,11,0.0,0.0,3.496
5816.315,0.18,2.171,0.36,0.447,8.877,2158.051,0.28,2.44,0.253,35.995,1595.384,0.303,-0.688,8,0.0,0.0,4.748
6559.289,0.186,2.059,0.325,0.552,8.033,2111.936,0.294,2.652,0.202,36.493,1292.008,0.242,-5.226,10,0.0,0.0,6.422
5509.108,0.132,1.905,0.2,0.383,9.868,2104.117,0.285,2.641,0.209,35.69,1514.957,0.429,-5.764,9,0.0,0.0,8.879
5344.185,0.179,1.147,0.351,0.334,10.2,2174.919,0.351,2.955,0.203,35.409,1360.167,0.426,-5.299,10,0.0,0.0,1.87
5757.954,0.157,1.67,0.386,0.502,10.378,2419.918,0.301,3.64,0.256,32.358,1471.429,0.165,7.124,8,0.0,0.0,3.9
4506.309,0.131,2.873,0.363,0.52,9.375,2392.851,0.252,3.604,0.252,35.588,1483.236,0.437,2.234,6,0.065,0.2,1.824
5406.715,0.162,1.892,0.311,0.464,9.631,2661.375,0.307,3.71,0.233,34.077,1550.752,0.111,6.472,11,0.0,0.0,1.13
5402.131,0.146,1.54,0.352,0.506,10.342,2394.228,0.378,1.942,0.245,35.78,1515.963,0.445,-4.21,7,0.0,0.0,1.11
6557.353,0.172,1.986,0.334,0.457,8.789,2633.164,0.281,3.2,0.204,35.56,1357.67,0.184,4.743,9,0.0,0.0,2.502
6056.765,0.148,2.083,0.288,0.5,9.359,2167.323,0.296,3.472,0.247,32.717,1362.581,0.177,6.416,7,0.0,0.0,3.444
5951.543,0.164,1.385,0.24,0.477,8.156,2239.12,0.307,2.004,0.28,36.022,1411.954,0.427,-6.133,10,0.0,0.0,2.763
4200.744,0.123,1.158,0.242,0.378,9.052,2194.065,0.301,2.907,0.294,35.543,1465.231,0.421,-5.237,10,0.0,0.0,5.675
5014.465,0.101,2.631,0.344,0.512,9.375,2506.205,0.313,3.555,0.207,35.589,1371.026,0.327,0.671,7,0.004,0.1,3.022
4785.966,0.135,2.069,0.362,0.52,11.858,2441.937,0.309,3.162,0.221,35.87,1362.659,0.186,1.394,8,0.142,0.25,5.046
6098.625,0.156,1.927,0.208,0.517,8.219,2123.876,0.328,2.755,0.249,35.597,1467.341,0.406,-3.261,7,0.0,0.0,2.036
5737.288,0.185,1.643,0.268,0.376,9.225,2152.045,0.221,2.445,0.254,35.897,1312.959,0.301,-5.367,11,0.0,0.0,3.935
6627.414,0.15,1.817,0.367,0.513,11.444,2177.866,0.296,3.04,0.286,36.656,1212.241,0.192,0.307,9,0.279,0.35,4.891
4244.433,0.145,2.568,0.352,0.456,10.069,2198.876,0.298,3.522,0.261,35.923,1385.078,0.284,0.913,7,0.185,0.25,2.471
5404.689,0.121,1.529,0.287,0.319,9.236,2057.762,0.357,1.743,0.23,35.694,1227.616,0.502,-6.671,11,0.0,0.0,1.129
5381.14,0.176,1.196,0.302,0.325,8.809,2132.583,0.35,2.41,0.252,36.607,1570.874,0.402,-6.617,11,0.0,0.0,4.452
6175.351,0.118,1.094,0.345,0.425,8.982,2184.698,0.328,2.502,0.244,36.541,1331.24,0.453,-6.509,10,0.0,0.0,2.656
5575.208,0.133,1.882,0.363,0.438,10.234,2429.597,0.316,3.253,0.228,31.755,1562.8,0.124,6.168,10,0.0,0.0,2.305
5850.546,0.149,1.51,0.288,0.426,9.985,2119.226,0.34,3.066,0.212,35.427,1319.379,0.245,-3.479,9,0.0,0.0,4.157
4898.857,0.155,2.014,0.377,0.403,8.772,2617.108,0.31,3.396,0.248,35.96,1446.988,0.194,1.457,7,0.119,0.2,5.338
5008.051,0.155,1.037,0.307,0.332,11.63,2213.778,0.483,1.219,0.265,36.499,1427.238,0.652,-6.925,11,0.0,0.0,2.589
4752.242,0.116,2.19,0.379,0.451,11.308,2657.565,0.265,3.441,0.277,36.459,1623.468,0.227,-2.434,11,0.0,0.0,3.402
6949.244,0.19,1.404,0.215,0.347,11.966,2204.212,0.399,2.688,0.222,36.56,1381.646,0.386,-6.578,12,0.0,0.0,2.63
5961.564,0.13,1.013,0.355,0.491,9.302,2220.887,0.425,1.948,0.231,36.788,1249.882,0.494,-6.7,10,0.0,0.0,2.446
6827.552,0.135,1.364,0.255,0.338,10.518,2685.475,0.362,3.557,0.292,36.786,1231.924,0.324,-6.674,11,0.0,0.0,3.797
6827.976,0.156,1.293,0.269,0.482,8.549,2124.494,0.432,2.577,0.297,35.688,1400.155,0.44,-6.035,9,0.0,0.0,4.647
4491.047,0.143,2.066,0.322,0.565,9.401,2080.839,0.263,3.367,0.272,35.588,1355.014,0.226,-4.851,9,0.0,0.0,3.028
4611.878,0.183,1.821,0.363,0.33,9.536,2322.76,0.313,3.3,0.216,36.609,1275.704,0.34,-6.486,10,0.0,0.0,0.537
5387.635,0.153,1.676,0.234,0.52,9.992,2186.329,0.22,1.056,0.253,33.589,1569.151,0.698,-4.983,8,0.0,0.0,3.691
6568.821,0.171,1.19,0.233,0.379,9.646,2081.628,0.389,1.398,0.28,35.759,1248.509,0.601,-7.0,12,0.0,0.0,2.55
5067.161,0.154,1.298,0.205,0.523,11.394,2429.688,0.288,2.105,0.238,32.115,1220.299,0.414,-5.578,9,0.0,0.0,2.705
5444.721,0.158,1.94,0.366,0.567,11.406,2555.45,0.318,3.15,0.236,35.293,1296.846,0.141,-3.768,9,0.0,0.0,3.067
5814.177,0.15,1.893,0.244,0.575,8.686,2406.326,0.376,2.326,0.253,35.566,1363.43,0.335,-0.009,7,0.0,0.0,5.055
5934.024,0.177,1.178,0.299,0.391,9.839,2219.12,0.41,2.495,0.217,36.895,1449.837,0.411,-6.844,12,0.0,0.0,2.315
6124.09,0.123,1.309,0.279,0.451,11.238,2061.023,0.226,1.652,0.252,35.586,1582.265,0.528,-6.743,10,0.0,0.0,2.982
5538.238,0.109,1.355,0.382,0.502,8.806,2362.927,0.353,3.139,0.295,36.562,1329.571,0.323,-6.216,11,0.0,0.0,2.201
5528.101,0.129,1.956,0.369,0.431,9.93,2107.96,0.312,3.31,0.248,35.5,1519.485,0.14,1.887,7,0.094,0.15,8.646
6809.116,0.145,1.019,0.23,0.504,9.598,2247.99,0.478,2.93,0.248,36.571,1394.606,0.593,-6.189,9,0.0,0.0,0.93
5396.801,0.195,1.47,0.288,0.492,8.877,2201.896,0.209,3.295,0.268,32.14,1636.749,0.303,-6.163,11,0.0,0.0,4.831
6842.012,0.149,1.806,0.357,0.445,8.893,2675.534,0.286,3.456,0.252,34.982,1402.483,0.18,1.43,7,0.125,0.25,2.688
6392.716,0.153,1.211,0.381,0.484,10.508,2090.668,0.302,1.348,0.226,36.049,1218.851,0.615,-6.518,9,0.0,0.0,2.88
4429.723,0.121,1.837,0.272,0.574,10.908,2195.727,0.321,2.644,0.236,35.871,1398.423,0.245,-5.943,11,0.0,0.0,7.441
5962.458,0.153,1.621,0.355,0.474,8.647,2488.914,0.259,3.297,0.271,35.74,1204.483,0.197,-5.834,10,0.0,0.0,4.837
4673.925,0.188,1.932,0.328,0.467,11.841,2083.731,0.334,2.843,0.279,36.606,1344.403,0.253,-5.975,11,0.0,0.0,1.657
5302.275,0.131,1.346,0.254,0.513,11.119,2312.162,0.364,3.499,0.216,36.874,1257.049,0.327,-6.058,10,0.0,0.0,4.674
4787.956,0.126,1.653,0.33,0.308,9.87,2475.17,0.211,3.136,0.252,36.043,1273.308,0.384,-6.5,10,0.0,0.0,2.909
5245.172,0.155,1.784,0.337,0.516,10.704,2362.365,0.353,2.915,0.286,35.364,1465.512,0.177,-4.185,8,0.0,0.0,3.583
5808.349,0.147,1.271,0.346,0.525,8.58,2510.703,0.298,2.318,0.251,35.477,1478.632,0.365,-2.01,6,0.0,0.0,3.374
5369.714,0.158,1.377,0.287,0.366,9.45,2362.562,0.272,3.622,0.262,35.995,1617.335,0.311,-6.405,12,0.0,0.0,2.202
